"DSP_sample_ID","DSP_Pedon_ID","hzdesg","layer_no","hrzdep_t","hrzdep_b"
"KeCF3 - 1-1","KeCF3 - 1","Ap1",1,0,5
"KeCF3 - 1-2","KeCF3 - 1","Ap1",2,5,10
"KeCF3 - 1-3","KeCF3 - 1","Ap2",3,10,23
"KeCF3 - 1-4","KeCF3 - 1","Bt1",4,23,40
"KeCF3 - 1-5","KeCF3 - 1","Bt2",5,40,57
"KeCF3 - 1-6","KeCF3 - 1","Btk1",6,57,74
"KeCF3 - 1-7","KeCF3 - 1","Btk2",7,74,100
"KeCF3 - 2-1","KeCF3 - 2","Ap1",1,0,5
"KeCF3 - 2-2","KeCF3 - 2","Ap1",2,5,10
"KeCF3 - 2-3","KeCF3 - 2","Ap2",3,10,21
"KeCF3 - 2-4","KeCF3 - 2","Bt1",4,21,36
"KeCF3 - 2-5","KeCF3 - 2","Bt2",5,36,52
"KeCF3 - 2-6","KeCF3 - 2","Btk1",6,52,75
"KeCF3 - 2-7","KeCF3 - 2","Btk2",7,75,100
"KeCF3 - 3-1","KeCF3 - 3","Ap1",1,0,5
"KeCF3 - 3-2","KeCF3 - 3","Ap1",2,5,10
"KeCF3 - 3-3","KeCF3 - 3","Ap2",3,10,21
"KeCF3 - 3-4","KeCF3 - 3","Bt1",4,21,37
"KeCF3 - 3-5","KeCF3 - 3","Bt2",5,37,50
"KeCF3 - 3-6","KeCF3 - 3","Btk1",6,50,83
"KeCF3 - 3-7","KeCF3 - 3","Btk2",7,83,100
"KeC3 - 1-1","KeC3 - 1","Ap1",1,0,5
"KeC3 - 1-2","KeC3 - 1","Ap1",2,5,10
"KeC3 - 1-3","KeC3 - 1","Ap2",3,10,23
"KeC3 - 1-4","KeC3 - 1","Bt",4,23,39
"KeC3 - 1-5","KeC3 - 1","Btk",5,39,57
"KeC3 - 1-6","KeC3 - 1","Bk1",6,57,77
"KeC3 - 1-7","KeC3 - 1","Bk2",7,77,100
"KeC3 - 2-1","KeC3 - 2","Ap1",1,0,5
"KeC3 - 2-2","KeC3 - 2","Ap1",2,5,10
"KeC3 - 2-3","KeC3 - 2","Ap2",3,10,15
"KeC3 - 2-4","KeC3 - 2","Bt1",4,15,26
"KeC3 - 2-5","KeC3 - 2","Bt2",5,26,35
"KeC3 - 2-6","KeC3 - 2","Btk1",6,35,55
"KeC3 - 2-7","KeC3 - 2","Btk2",7,55,86
"KeC3 - 2-8","KeC3 - 2","Bk",8,86,100
"KeC3 - 3-1","KeC3 - 3","Ap1",1,0,5
"KeC3 - 3-2","KeC3 - 3","Ap1",2,5,10
"KeC3 - 3-3","KeC3 - 3","Ap2",3,10,18
"KeC3 - 3-4","KeC3 - 3","Bt1",4,18,29
"KeC3 - 3-5","KeC3 - 3","Bt2",5,29,41
"KeC3 - 3-6","KeC3 - 3","Btk1",6,41,57
"KeC3 - 3-7","KeC3 - 3","Btk2",7,57,76
"KeC3 - 3-8","KeC3 - 3","Bk",8,76,100
"KeN3 - 1-1","KeN3 - 1","A1",1,0,5
"KeN3 - 1-2","KeN3 - 1","A1",2,5,10
"KeN3 - 1-3","KeN3 - 1","A2",3,10,25
"KeN3 - 1-4","KeN3 - 1","Bt1",4,25,43
"KeN3 - 1-5","KeN3 - 1","Bt2",5,43,57
"KeN3 - 1-6","KeN3 - 1","Bk1",6,57,83
"KeN3 - 1-7","KeN3 - 1","Bk2",7,83,100
"KeN3 - 2-1","KeN3 - 2","A1",1,0,5
"KeN3 - 2-2","KeN3 - 2","A1",2,5,10
"KeN3 - 2-3","KeN3 - 2","A2",3,10,25
"KeN3 - 2-4","KeN3 - 2","Bt1",4,25,45
"KeN3 - 2-5","KeN3 - 2","Bt2",5,45,71
"KeN3 - 2-6","KeN3 - 2","Btk",6,71,85
"KeN3 - 2-7","KeN3 - 2","Bk",7,85,100
"KeN3 - 3-1","KeN3 - 3","A1",1,0,5
"KeN3 - 3-2","KeN3 - 3","A1",2,5,10
"KeN3 - 3-3","KeN3 - 3","A2",3,10,26
"KeN3 - 3-4","KeN3 - 3","Bt",4,26,44
"KeN3 - 3-5","KeN3 - 3","Btk",5,44,65
"KeN3 - 3-6","KeN3 - 3","Bk1",6,65,79
"KeN3 - 3-7","KeN3 - 3","Bk2",7,79,100
"KeCF1 - 1-1","KeCF1 - 1","Ap",1,0,5
"KeCF1 - 1-2","KeCF1 - 1","Ap",2,5,10
"KeCF1 - 1-3","KeCF1 - 1","A",3,10,18
"KeCF1 - 1-4","KeCF1 - 1","Bt1",4,18,27
"KeCF1 - 1-5","KeCF1 - 1","Bt2",5,27,37
"KeCF1 - 1-6","KeCF1 - 1","Btk",6,37,59
"KeCF1 - 1-7","KeCF1 - 1","Bk",7,59,100
"KeCF1 - 2-1","KeCF1 - 2","Ap1",1,0,5
"KeCF1 - 2-2","KeCF1 - 2","Ap1",2,5,10
"KeCF1 - 2-3","KeCF1 - 2","Ap2",3,10,18
"KeCF1 - 2-4","KeCF1 - 2","Bt1",4,18,32
"KeCF1 - 2-5","KeCF1 - 2","Bt2",5,32,45
"KeCF1 - 2-6","KeCF1 - 2","Btk",6,45,66
"KeCF1 - 2-7","KeCF1 - 2","Bk",7,66,100
"KeCF1 - 3-1","KeCF1 - 3","Ap1",1,0,5
"KeCF1 - 3-2","KeCF1 - 3","Ap1",2,5,10
"KeCF1 - 3-3","KeCF1 - 3","Ap2",3,10,18
"KeCF1 - 3-4","KeCF1 - 3","Bt1",4,18,46
"KeCF1 - 3-5","KeCF1 - 3","Bt2",5,46,77
"KeCF1 - 3-6","KeCF1 - 3","Btk",6,77,95
"KeCF1 - 3-7","KeCF1 - 3","Bk",7,95,100
"KeN1 - 1-1","KeN1 - 1","A1",1,0,5
"KeN1 - 1-2","KeN1 - 1","A1",2,5,10
"KeN1 - 1-3","KeN1 - 1","A2",3,10,23
"KeN1 - 1-4","KeN1 - 1","Bt1",4,23,44
"KeN1 - 1-5","KeN1 - 1","Bt2",5,44,68
"KeN1 - 1-6","KeN1 - 1","Bk1",6,68,80
"KeN1 - 1-7","KeN1 - 1","Bk2",7,80,100
"KeN1 - 2-1","KeN1 - 2","A1",1,0,5
"KeN1 - 2-2","KeN1 - 2","A1",2,5,10
"KeN1 - 2-3","KeN1 - 2","A2",3,10,28
"KeN1 - 2-4","KeN1 - 2","Bt1",4,28,42
"KeN1 - 2-5","KeN1 - 2","Bt2",5,42,64
"KeN1 - 2-6","KeN1 - 2","Btk",6,64,86
"KeN1 - 2-7","KeN1 - 2","Bk",7,86,100
"KeN1 - 3-1","KeN1 - 3","A1",1,0,5
"KeN1 - 3-2","KeN1 - 3","A1",2,5,10
"KeN1 - 3-3","KeN1 - 3","A2",3,10,26
"KeN1 - 3-4","KeN1 - 3","Bt",4,26,41
"KeN1 - 3-5","KeN1 - 3","Btk",5,41,59
"KeN1 - 3-6","KeN1 - 3","Bk1",6,59,80
"KeN1 - 3-7","KeN1 - 3","Bk2",7,80,100
"KeC1 - 1-1","KeC1 - 1","Ap1",1,0,5
"KeC1 - 1-2","KeC1 - 1","Ap1",2,5,10
"KeC1 - 1-3","KeC1 - 1","Ap2",3,10,23
"KeC1 - 1-4","KeC1 - 1","Bt1",4,23,36
"KeC1 - 1-5","KeC1 - 1","Bt2",5,36,54
"KeC1 - 1-6","KeC1 - 1","Btk1",6,54,69
"KeC1 - 1-7","KeC1 - 1","Btk2",7,69,87
"KeC1 - 1-8","KeC1 - 1","Bk",8,87,100
"KeC1 - 2-1","KeC1 - 2","Ap",1,0,5
"KeC1 - 2-2","KeC1 - 2","Ap",2,5,10
"KeC1 - 2-3","KeC1 - 2","A",3,10,25
"KeC1 - 2-4","KeC1 - 2","Bt1",4,25,36
"KeC1 - 2-5","KeC1 - 2","Bt2",5,36,59
"KeC1 - 2-6","KeC1 - 2","Btk",6,59,78
"KeC1 - 2-7","KeC1 - 2","Bk",7,78,100
"KeC1 - 3-1","KeC1 - 3","Ap1",1,0,5
"KeC1 - 3-2","KeC1 - 3","Ap1",2,5,10
"KeC1 - 3-3","KeC1 - 3","Ap2",3,10,24
"KeC1 - 3-4","KeC1 - 3","Bt",4,24,38
"KeC1 - 3-5","KeC1 - 3","Btk1",5,38,61
"KeC1 - 3-6","KeC1 - 3","Btk2",6,61,80
"KeC1 - 3-7","KeC1 - 3","Bk",7,80,100
"KeC2 - 1-1","KeC2 - 1","Ap1",1,0,5
"KeC2 - 1-2","KeC2 - 1","Ap1",2,5,10
"KeC2 - 1-3","KeC2 - 1","Ap2",3,10,22
"KeC2 - 1-4","KeC2 - 1","Bt1",4,22,42
"KeC2 - 1-5","KeC2 - 1","Bt2",5,42,56
"KeC2 - 1-6","KeC2 - 1","Btk1",6,56,69
"KeC2 - 1-7","KeC2 - 1","Btk2",7,69,84
"KeC2 - 1-8","KeC2 - 1","Btk3",8,84,100
"KeC2 - 2-1","KeC2 - 2","Ap1",1,0,5
"KeC2 - 2-2","KeC2 - 2","Ap1",2,5,10
"KeC2 - 2-3","KeC2 - 2","Ap2",3,10,23
"KeC2 - 2-4","KeC2 - 2","Bt1",4,23,40
"KeC2 - 2-5","KeC2 - 2","Bt2",5,40,56
"KeC2 - 2-6","KeC2 - 2","Btk1",6,56,69
"KeC2 - 2-7","KeC2 - 2","Btk2",7,69,79
"KeC2 - 2-8","KeC2 - 3","Btk3",8,79,100
"KeC2 - 3-1","KeC2 - 3","Ap1",1,0,5
"KeC2 - 3-2","KeC2 - 3","Ap1",2,5,10
"KeC2 - 3-3","KeC2 - 3","Ap2",3,10,26
"KeC2 - 3-4","KeC2 - 3","Bt1",4,26,40
"KeC2 - 3-5","KeC2 - 3","Bt2",5,40,52
"KeC2 - 3-6","KeC2 - 3","Bt3",6,52,66
"KeC2 - 3-7","KeC2 - 3","Btk1",7,66,81
"KeC2 - 3-8","KeC2 - 3","Btk2",8,81,100
"KeN2 - 1-1","KeN2 - 1","A1",1,0,5
"KeN2 - 1-2","KeN2 - 1","A1",2,5,10
"KeN2 - 1-3","KeN2 - 1","A2",3,10,25
"KeN2 - 1-4","KeN2 - 1","Bt1",4,25,44
"KeN2 - 1-5","KeN2 - 1","Bt2",5,44,70
"KeN2 - 1-6","KeN2 - 1","Bt3",6,70,88
"KeN2 - 1-7","KeN2 - 1","Btk",7,88,100
"KeN2 - 2-1","KeN2 - 2","A1",1,0,5
"KeN2 - 2-2","KeN2 - 2","A1",2,5,10
"KeN2 - 2-3","KeN2 - 2","A2",3,10,26
"KeN2 - 2-4","KeN2 - 2","Bt1",4,26,46
"KeN2 - 2-5","KeN2 - 2","Bt2",5,46,69
"KeN2 - 2-6","KeN2 - 2","Bt3",6,69,93
"KeN2 - 2-7","KeN2 - 2","Btk",7,93,100
"KeN2 - 3-1","KeN2 - 3","A1",1,0,5
"KeN2 - 3-2","KeN2 - 3","A1",2,5,10
"KeN2 - 3-3","KeN2 - 3","A2",3,10,25
"KeN2 - 3-4","KeN2 - 3","Bt1",4,25,44
"KeN2 - 3-5","KeN2 - 3","Bt2",5,44,56
"KeN2 - 3-6","KeN2 - 3","Bt3",6,56,82
"KeN2 - 3-7","KeN2 - 3","Bt4",7,82,100
"CeC1-2-1","CeC1-2","Ap1",1,0,5
"CeC1-2-2","CeC1-2","Ap2",2,5,10
"CeC1-2-3","CeC1-2","Bt1",3,10,24
"CeC1-2-4","CeC1-2","Bt2",4,24,61
"CeC1-2-5","CeC1-2","BC",5,61,100
"CeC1-3-1","CeC1-3","Ap1",1,0,5
"CeC1-3-2","CeC1-3","Ap2",2,5,10
"CeC1-3-3","CeC1-3","Bt1",3,10,21
"CeC1-3-4","CeC1-3","Bt2",4,21,55
"CeC1-3-5","CeC1-3","BC",5,55,100
"CeC1-1-1","CeC1-1","Ap1",1,0,5
"CeC1-1-2","CeC1-1","Ap2",2,5,10
"CeC1-1-3","CeC1-1","Bt1",3,10,20
"CeC1-1-4","CeC1-1","Bt2",4,20,42
"CeC1-1-5","CeC1-1","BC",5,42,69
"CeC1-1-6","CeC1-1","C1",6,69,100
"CeC2-1-1","CeC2-1","Ap1",1,0,5
"CeC2-1-2","CeC2-1","Ap2",2,5,10
"CeC2-1-3","CeC2-1","Bt1",3,10,25
"CeC2-1-4","CeC2-1","Bt2",4,25,43
"CeC2-1-5","CeC2-1","Bt3",5,43,100
"CeC2-2-1","CeC2-2","Ap1",1,0,5
"CeC2-2-2","CeC2-2","Ap2",2,5,10
"CeC2-2-3","CeC2-2","A/B",3,10,34
"CeC2-2-4","CeC2-2","Bt1",4,34,64
"CeC2-2-5","CeC2-2","BC",5,64,100
"CeC2-3-1","CeC2-3","Ap1",1,0,5
"CeC2-3-2","CeC2-3","Ap2",2,5,10
"CeC2-3-3","CeC2-3","Bt1",3,10,26
"CeC2-3-4","CeC2-3","Bt2",4,26,46
"CeC2-3-5","CeC2-3","Bt3",5,46,100
"CeC3-1-1","CeC3-1","Ap1",1,0,5
"CeC3-1-2","CeC3-1","Ap2",2,5,10
"CeC3-1-3","CeC3-1","C1",3,10,49
"CeC3-1-4","CeC3-1","2C",4,49,79
"CeC3-1-5","CeC3-1","3Abp",5,79,100
"CeC3-2-1","CeC3-2","Ap1",1,0,5
"CeC3-2-2","CeC3-2","Ap2",2,5,10
"CeC3-2-3","CeC3-2","C",3,10,39
"CeC3-2-4","CeC3-2","2C",4,39,77
"CeC3-2-5","CeC3-2","3Abp",5,77,94
"CeC3-3-1","CeC3-3","Ap1",1,0,5
"CeC3-3-2","CeC3-3","Ap2",2,5,10
"CeC3-3-3","CeC3-3","C",3,10,45
"CeC3-3-4","CeC3-3","2C",4,45,66
"CeC3-3-5","CeC3-3","3Abp",5,66,89
"CeC3-3-6","CeC3-3","3Bbt",6,89,100
"CeF3-2-1","CeF3-2","Ap1",1,0,5
"CeF3-2-2","CeF3-2","Ap2",2,5,10
"CeF3-2-3","CeF3-2","E",3,10,40
"CeF3-2-4","CeF3-2","Eb",4,40,60
"CeF3-2-5","CeF3-2","Bt",5,60,100
"CeF3-1-1","CeF3-1","A",1,0,5
"CeF3-1-2","CeF3-1","B",2,5,10
"CeF3-1-3","CeF3-1","Bt1",3,10,40
"CeF3-1-4","CeF3-1","Bt2",4,40,70
"CeF3-1-5","CeF3-1","Bt3",5,70,100
"CeH1-1-1","CeH1-1","Ap1",1,0,5
"CeH1-1-2","CeH1-1","Ap2",2,5,10
"CeH1-1-3","CeH1-1","BA",3,10,44
"CeH1-1-4","CeH1-1","Bt",4,44,75
"CeH1-1-5","CeH1-1","BC",5,75,100
"CeH1-2-1","CeH1-2","Ap1",1,0,5
"CeH1-2-2","CeH1-2","Ap2",2,5,10
"CeH1-2-3","CeH1-2","BA",3,10,23
"CeH1-2-4","CeH1-2","Bt",4,23,49
"CeH1-2-5","CeH1-2","BC",5,49,100
"CeH1-3-1","CeH1-3","Ap1",1,0,5
"CeH1-3-2","CeH1-3","Ap2",2,5,10
"CeH1-3-3","CeH1-3","Bt1",3,10,16
"CeH1-3-4","CeH1-3","Bt2",4,16,61
"CeH1-3-5","CeH1-3","Bt3",5,61,100
"CeH2-1-1","CeH2-1","Ap1",1,0,5
"CeH2-1-2","CeH2-1","Ap2",2,5,10
"CeH2-1-3","CeH2-1","Bt1",3,10,30
"CeH2-1-4","CeH2-1","Bt2",4,30,62
"CeH2-1-5","CeH2-1","Bt/BC",5,62,100
"CeH2-2-1","CeH2-2","Ap1",1,0,5
"CeH2-2-2","CeH2-2","Ap2",2,5,10
"CeH2-2-3","CeH2-2","Bt1",3,10,15
"CeH2-2-4","CeH2-2","Bt2",4,15,58
"CeH2-2-5","CeH2-2","Bt/BC",5,58,100
"CeH2-3-1","CeH2-3","Ap1",1,0,5
"CeH2-3-2","CeH2-3","Ap2",2,5,10
"CeH2-3-3","CeH2-3","Bt1",3,10,22
"CeH2-3-4","CeH2-3","Bt2",4,22,52
"CeH2-3-5","CeH2-3","BC",5,52,100
"CeH3-1-1","CeH3-1","Ap1",1,0,5
"CeH3-1-2","CeH3-1","Ap2",2,5,10
"CeH3-1-3","CeH3-1","B/A",3,10,20
"CeH3-1-4","CeH3-1","Bt",4,20,50
"CeH3-1-5","CeH3-1","BC1",5,50,77
"CeH3-2-1","CeH3-2","Ap1",1,0,5
"CeH3-2-2","CeH3-2","Ap2",2,5,10
"CeH3-2-3","CeH3-2","BA",3,10,24
"CeH3-2-4","CeH3-2","Bt",4,24,44
"CeH3-3-1","CeH3-3","Ap1",1,0,5
"CeH3-3-2","CeH3-3","Ap2",2,5,10
"CeH3-3-3","CeH3-3","A/B",3,10,20
"CeH3-3-4","CeH3-3","BCt",4,20,36
"CeH3-3-5","CeH3-3","BCt",5,36,100
"NAT-1 - 1-1","NAT-1 - 1","A",1,0,5
"NAT-1 - 1-2","NAT-1 - 1","A",2,5,10
"NAT-1 - 1-3","NAT-1 - 1","A",3,10,30
"NAT-1 - 1-4","NAT-1 - 1","Bt1",4,30,70
"NAT-1 - 1-5","NAT-1 - 1","Bt2",5,70,100
"NAT-2 - 2-1","NAT-2 - 2","A",1,0,5
"NAT-2 - 2-2","NAT-2 - 2","A",2,5,10
"NAT-2 - 2-3","NAT-2 - 2","A",3,10,30
"NAT-2 - 2-4","NAT-2 - 2","Bt1",4,30,70
"NAT-2 - 2-5","NAT-2 - 2","Bt2",5,70,100
"NAT-3 - 3-1","NAT-3 - 3","A",1,0,5
"NAT-3 - 3-2","NAT-3 - 3","A",2,5,10
"NAT-3 - 3-3","NAT-3 - 3","A",3,10,30
"NAT-3 - 3-4","NAT-3 - 3","Bt1",4,30,70
"NAT-3 - 3-5","NAT-3 - 3","Bt2",5,70,100
"CVT - 1 - 1-1","CVT - 1 - 1","Ap",1,0,5
"CVT - 1 - 1-2","CVT - 1 - 1","Ap",2,5,10
"CVT - 1 - 1-3","CVT - 1 - 1","Ap",3,10,35
"CVT - 1 - 1-4","CVT - 1 - 1","Bt1",4,35,75
"CVT - 1 - 1-5","CVT - 1 - 1","Bt2",5,75,100
"CVT - 1 - 2-1","CVT - 1 - 2","Ap",1,0,5
"CVT - 1 - 2-2","CVT - 1 - 2","Ap",2,5,10
"CVT - 1 - 2-3","CVT - 1 - 2","Ap",3,10,35
"CVT - 1 - 2-4","CVT - 1 - 2","Bt1",4,35,75
"CVT - 1 - 2-5","CVT - 1 - 2","Bt2",5,75,100
"CVT - 1 - 3-1","CVT - 1 - 3","Ap",1,0,5
"CVT - 1 - 3-2","CVT - 1 - 3","Ap",2,5,10
"CVT - 1 - 3-3","CVT - 1 - 3","Ap",3,10,35
"CVT - 1 - 3-4","CVT - 1 - 3","Bt1",4,35,75
"CVT - 1 - 3-5","CVT - 1 - 3","Bt2",5,75,100
"NTR - 1 - 1-1","NTR - 1 - 1","Ap",1,0,5
"NTR - 1 - 1-2","NTR - 1 - 1","Ap",2,5,10
"NTR - 1 - 1-3","NTR - 1 - 1","Ap",3,10,35
"NTR - 1 - 1-4","NTR - 1 - 1","Bt1",4,35,75
"NTR - 1 - 1-5","NTR - 1 - 1","Bt2",5,75,100
"NTR - 1 - 2-1","NTR - 1 - 2","Ap",1,0,5
"NTR - 1 - 2-2","NTR - 1 - 2","Ap",2,5,10
"NTR - 1 - 2-3","NTR - 1 - 2","Ap",3,10,35
"NTR - 1 - 2-4","NTR - 1 - 2","Bt1",4,35,75
"NTR - 1 - 2-5","NTR - 1 - 2","Bt2",5,75,100
"NTR - 1 - 3-1","NTR - 1 - 3","Ap",1,0,5
"NTR - 1 - 3-2","NTR - 1 - 3","Ap",2,5,10
"NTR - 1 - 3-3","NTR - 1 - 3","Ap",3,10,35
"NTR - 1 - 3-4","NTR - 1 - 3","Bt1",4,35,75
"NTR - 1 - 3-5","NTR - 1 - 3","Bt2",5,75,100
"NTM - 1 - 1-1","NTM - 1 - 1","Ap",1,0,5
"NTM - 1 - 1-2","NTM - 1 - 1","Ap",2,5,10
"NTM - 1 - 1-3","NTM - 1 - 1","Ap",3,10,35
"NTM - 1 - 1-4","NTM - 1 - 1","Bt1",4,35,75
"NTM - 1 - 1-5","NTM - 1 - 1","Bt2",5,75,100
"NTM - 1 - 2-1","NTM - 1 - 2","Ap",1,0,5
"NTM - 1 - 2-2","NTM - 1 - 2","Ap",2,5,10
"NTM - 1 - 2-3","NTM - 1 - 2","Ap",3,10,35
"NTM - 1 - 2-4","NTM - 1 - 2","Bt1",4,35,75
"NTM - 1 - 2-5","NTM - 1 - 2","Bt2",5,75,100
"NTM - 1 - 3-1","NTM - 1 - 3","Ap",1,0,5
"NTM - 1 - 3-2","NTM - 1 - 3","Ap",2,5,10
"NTM - 1 - 3-3","NTM - 1 - 3","Ap",3,10,35
"NTM - 1 - 3-4","NTM - 1 - 3","Bt1",4,35,75
"NTM - 1 - 3-5","NTM - 1 - 3","Bt2",5,75,100
"NTR - 2 - 1-1","NTR - 2 - 1","Ap",1,0,5
"NTR - 2 - 1-2","NTR - 2 - 1","Ap",2,5,10
"NTR - 2 - 1-3","NTR - 2 - 1","Ap",3,10,35
"NTR - 2 - 1-4","NTR - 2 - 1","Bt1",4,35,75
"NTR - 2 - 1-5","NTR - 2 - 1","Bt2",5,75,100
"NTR - 2 - 2-1","NTR - 2 - 2","Ap",1,0,5
"NTR - 2 - 2-2","NTR - 2 - 2","Ap",2,5,10
"NTR - 2 - 2-3","NTR - 2 - 2","Ap",3,10,35
"NTR - 2 - 2-4","NTR - 2 - 2","Bt1",4,35,75
"NTR - 2 - 2-5","NTR - 2 - 2","Bt2",5,75,100
"NTR - 2 - 3-1","NTR - 2 - 3","Ap",1,0,5
"NTR - 2 - 3-2","NTR - 2 - 3","Ap",2,5,10
"NTR - 2 - 3-3","NTR - 2 - 3","Ap",3,10,35
"NTR - 2 - 3-4","NTR - 2 - 3","Bt1",4,35,75
"NTR - 2 - 3-5","NTR - 2 - 3","Bt2",5,75,100
"NTM - 2 - 1-1","NTM - 2 - 1","Ap",1,0,5
"NTM - 2 - 1-2","NTM - 2 - 1","Ap",2,5,10
"NTM - 2 - 1-3","NTM - 2 - 1","Ap",3,10,35
"NTM - 2 - 1-4","NTM - 2 - 1","Bt1",4,35,75
"NTM - 2 - 1-5","NTM - 2 - 1","Bt2",5,75,100
"NTM - 2 - 2-1","NTM - 2 - 2","Ap",1,0,5
"NTM - 2 - 2-2","NTM - 2 - 2","Ap",2,5,10
"NTM - 2 - 2-3","NTM - 2 - 2","Ap",3,10,35
"NTM - 2 - 2-4","NTM - 2 - 2","Bt1",4,35,75
"NTM - 2 - 2-5","NTM - 2 - 2","Bt2",5,75,100
"NTM - 2 - 3-1","NTM - 2 - 3","Ap",1,0,5
"NTM - 2 - 3-2","NTM - 2 - 3","Ap",2,5,10
"NTM - 2 - 3-3","NTM - 2 - 3","Ap",3,10,35
"NTM - 2 - 3-4","NTM - 2 - 3","Bt1",4,35,75
"NTM - 2 - 3-5","NTM - 2 - 3","Bt2",5,75,100
"CVT - 2 - 1-1","CVT - 2 - 1","Ap",1,0,5
"CVT - 2 - 1-2","CVT - 2 - 1","Ap",2,5,10
"CVT - 2 - 1-3","CVT - 2 - 1","Ap",3,10,35
"CVT - 2 - 1-4","CVT - 2 - 1","Bt1",4,35,75
"CVT - 2 - 1-5","CVT - 2 - 1","Bt2",5,75,100
"CVT - 2 - 2-1","CVT - 2 - 2","Ap",1,0,5
"CVT - 2 - 2-2","CVT - 2 - 2","Ap",2,5,10
"CVT - 2 - 2-3","CVT - 2 - 2","Ap",3,10,35
"CVT - 2 - 2-4","CVT - 2 - 2","Bt1",4,35,75
"CVT - 2 - 2-5","CVT - 2 - 2","Bt2",5,75,100
"CVT - 2 - 3-1","CVT - 2 - 3","Ap",1,0,5
"CVT - 2 - 3-2","CVT - 2 - 3","Ap",2,5,10
"CVT - 2 - 3-3","CVT - 2 - 3","Ap",3,10,35
"CVT - 2 - 3-4","CVT - 2 - 3","Bt1",4,35,75
"CVT - 2 - 3-5","CVT - 2 - 3","Bt2",5,75,100
"NTM-3 - 1-1","NTM-3 - 1","Ap",1,0,5
"NTM-3 - 1-2","NTM-3 - 1","Ap",2,5,10
"NTM-3 - 1-3","NTM-3 - 1","Ap",3,10,35
"NTM-3 - 1-4","NTM-3 - 1","Bt1",4,35,75
"NTM-3 - 1-5","NTM-3 - 1","Bt2",5,75,100
"NTM-3 - 2-1","NTM-3 - 2","Ap",1,0,5
"NTM-3 - 2-2","NTM-3 - 2","Ap",2,5,10
"NTM-3 - 2-3","NTM-3 - 2","Ap",3,10,35
"NTM-3 - 2-4","NTM-3 - 2","Bt1",4,35,75
"NTM-3 - 2-5","NTM-3 - 2","Bt2",5,75,100
"NTM-3 - 3-1","NTM-3 - 3","Ap",1,0,5
"NTM-3 - 3-2","NTM-3 - 3","Ap",2,5,10
"NTM-3 - 3-3","NTM-3 - 3","Ap",3,10,35
"NTM-3 - 3-4","NTM-3 - 3","Bt1",4,35,75
"NTM-3 - 3-5","NTM-3 - 3","Bt2",5,75,100
"CVT - 3 - 1-1","CVT - 3 - 1","Ap",1,0,5
"CVT - 3 - 1-2","CVT - 3 - 1","Ap",2,5,10
"CVT - 3 - 1-3","CVT - 3 - 1","Ap",3,10,35
"CVT - 3 - 1-4","CVT - 3 - 1","Bt1",4,35,75
"CVT - 3 - 1-5","CVT - 3 - 1","Bt2",5,75,100
"CVT - 3 - 2-1","CVT - 3 - 2","Ap",1,0,5
"CVT - 3 - 2-2","CVT - 3 - 2","Ap",2,5,10
"CVT - 3 - 2-3","CVT - 3 - 2","Ap",3,10,35
"CVT - 3 - 2-4","CVT - 3 - 2","Bt1",4,35,75
"CVT - 3 - 2-5","CVT - 3 - 2","Bt2",5,75,100
"CVT - 3 - 3-1","CVT - 3 - 3","Ap",1,0,5
"CVT - 3 - 3-2","CVT - 3 - 3","Ap",2,5,10
"CVT - 3 - 3-3","CVT - 3 - 3","Ap",3,10,35
"CVT - 3 - 3-4","CVT - 3 - 3","Bt1",4,35,75
"CVT - 3 - 3-5","CVT - 3 - 3","Bt2",5,75,100
"NTR -  - 1-1","NTR -  - 1","Ap",1,0,5
"NTR -  - 1-2","NTR -  - 1","Ap",2,5,10
"NTR -  - 1-3","NTR -  - 1","Ap",3,10,35
"NTR -  - 1-4","NTR -  - 1","Bt1",4,35,75
"NTR -  - 1-5","NTR -  - 1","Bt2",5,75,100
"NTR -  - 2-1","NTR -  - 2","Ap",1,0,5
"NTR -  - 2-2","NTR -  - 2","Ap",2,5,10
"NTR -  - 2-3","NTR -  - 2","Ap",3,10,35
"NTR -  - 2-4","NTR -  - 2","Bt1",4,35,75
"NTR -  - 2-5","NTR -  - 2","Bt2",5,75,100
"NTR -  - 3-1","NTR -  - 3","Ap",1,0,5
"NTR -  - 3-2","NTR -  - 3","Ap",2,5,10
"NTR -  - 3-3","NTR -  - 3","Ap",3,10,35
"NTR -  - 3-4","NTR -  - 3","Bt1",4,35,75
"NTR -  - 3-5","NTR -  - 3","Bt2",5,75,100
"R-1-1-1","R-1-1","",1,0,5
"R-1-1-2","R-1-1","",2,5,10
"R-1-1-3","R-1-1","",3,10,22
"R-1-1-4","R-1-1","",4,22,58
"MT-1-1-1","MT-1-1","",1,0,5
"MT-1-1-2","MT-1-1","",2,5,10
"MT-1-1-3","MT-1-1","",3,10,22
"MT-1-1-4","MT-1-1","",4,22,58
"MT-1-2-1","MT-1-2","",1,0,5
"MT-1-2-2","MT-1-2","",2,5,10
"MT-1-2-3","MT-1-2","",3,10,22
"MT-1-2-4","MT-1-2","",4,22,58
"MT-1-3-1","MT-1-3","",1,0,5
"MT-1-3-2","MT-1-3","",2,5,10
"MT-1-3-3","MT-1-3","",3,10,22
"MT-1-3-4","MT-1-3","",4,22,58
"NT-2-1-1","NT-2-1","",1,0,5
"NT-2-1-2","NT-2-1","",2,5,10
"NT-2-1-3","NT-2-1","",3,10,22
"NT-2-1-4","NT-2-1","",4,22,58
"NT-2-2-1","NT-2-2","",1,0,5
"NT-2-2-2","NT-2-2","",2,5,10
"NT-2-2-3","NT-2-2","",3,10,22
"NT-2-2-4","NT-2-2","",4,22,58
"NT-2-3-1","NT-2-3","",1,0,5
"NT-2-3-2","NT-2-3","",2,5,10
"NT-2-3-3","NT-2-3","",3,10,22
"NT-2-3-4","NT-2-3","",4,22,58
"MT-2-1-1","MT-2-1","",1,0,5
"MT-2-1-2","MT-2-1","",2,5,10
"MT-2-1-3","MT-2-1","",3,10,22
"MT-2-1-4","MT-2-1","",4,22,58
"MT-2-2-1","MT-2-2","",1,0,5
"MT-2-2-2","MT-2-2","",2,5,10
"MT-2-2-3","MT-2-2","",3,10,22
"MT-2-2-4","MT-2-2","",4,22,58
"MT-2-3-1","MT-2-3","",1,0,5
"MT-2-3-2","MT-2-3","",2,5,10
"MT-2-3-3","MT-2-3","",3,10,22
"MT-2-3-4","MT-2-3","",4,22,58
"NT - 3-1-1","NT - 3-1","",1,0,5
"NT - 3-1-2","NT - 3-1","",2,5,10
"NT - 3-1-3","NT - 3-1","",3,10,22
"NT - 3-1-4","NT - 3-1","",4,22,58
"R-1-2-1","R-1-2","",1,0,5
"R-1-2-2","R-1-2","",2,5,10
"R-1-2-3","R-1-2","",3,10,22
"R-1-2-4","R-1-2","",4,22,58
"NT - 3-2-1","NT - 3-2","",1,0,5
"NT - 3-2-2","NT - 3-2","",2,5,10
"NT - 3-2-3","NT - 3-2","",3,10,22
"NT - 3-2-4","NT - 3-2","",4,22,58
"NT - 3-3-1","NT - 3-3","",1,0,5
"NT - 3-3-2","NT - 3-3","",2,5,10
"NT - 3-3-3","NT - 3-3","",3,10,22
"NT - 3-3-4","NT - 3-3","",4,22,58
"MT-3-1-1","MT-3-1","",1,0,5
"MT-3-1-2","MT-3-1","",2,5,10
"MT-3-1-3","MT-3-1","",3,10,22
"MT-3-1-4","MT-3-1","",4,22,58
"MT-3-2-1","MT-3-2","",1,0,5
"MT-3-2-2","MT-3-2","",2,5,10
"MT-3-2-3","MT-3-2","",3,10,22
"MT-3-2-4","MT-3-2","",4,22,58
"MT-3-3-1","MT-3-3","",1,0,5
"MT-3-3-2","MT-3-3","",2,5,10
"MT-3-3-3","MT-3-3","",3,10,22
"MT-3-3-4","MT-3-3","",4,22,58
"R-1-3-1","R-1-3","",1,0,5
"R-1-3-2","R-1-3","",2,5,10
"R-1-3-3","R-1-3","",3,10,22
"R-1-3-4","R-1-3","",4,22,58
"R-2-1-1","R-2-1","",1,0,5
"R-2-1-2","R-2-1","",2,5,10
"R-2-1-3","R-2-1","",3,10,22
"R-2-1-4","R-2-1","",4,22,58
"R-2-2-1","R-2-2","",1,0,5
"R-2-2-2","R-2-2","",2,5,10
"R-2-2-3","R-2-2","",3,10,22
"R-2-2-4","R-2-2","",4,22,58
"R-2-3-1","R-2-3","",1,0,5
"R-2-3-2","R-2-3","",2,5,10
"R-2-3-3","R-2-3","",3,10,22
"R-2-3-4","R-2-3","",4,22,58
"NT-1-1-1","NT-1-1","",1,0,5
"NT-1-1-2","NT-1-1","",2,5,10
"NT-1-1-3","NT-1-1","",3,10,22
"NT-1-1-4","NT-1-1","",4,22,58
"NT-1-2-1","NT-1-2","",1,0,5
"NT-1-2-2","NT-1-2","",2,5,10
"NT-1-2-3","NT-1-2","",3,10,22
"NT-1-2-4","NT-1-2","",4,22,58
"NT-1-3-1","NT-1-3","",1,0,5
"NT-1-3-2","NT-1-3","",2,5,10
"NT-1-3-3","NT-1-3","",3,10,22
"NT-1-3-4","NT-1-3","",4,22,58
"ASP2-1-1","ASP2-1","Ap1a",1,0,5
"ASP2-1-2","ASP2-1","Ap1b",2,5,10
"ASP2-1-3","ASP2-1","Ap2",3,10,29
"ASP2-1-4","ASP2-1","A",4,29,65
"ASP2-1-5","ASP2-1","AB",5,65,88
"ASP2-1-6","ASP2-1","Bw1",6,88,122
"ASP2-2-1","ASP2-2","Ap1a",1,0,5
"ASP2-2-2","ASP2-2","Ap1b",2,5,10
"ASP2-2-3","ASP2-2","Ap2",3,10,32
"ASP2-2-4","ASP2-2","A",4,32,77
"ASP2-2-5","ASP2-2","AB",5,77,98
"ASP2-2-6","ASP2-3","Bw1",6,98,122
"ASP2-3-1","ASP2-3","Ap1a",1,0,5
"ASP2-3-2","ASP2-3","Ap1b",2,5,10
"ASP2-3-3","ASP2-3","Ap2",3,10,39
"ASP2-3-4","ASP2-3","A",4,39,64
"ASP2-3-5","ASP2-3","AB",5,64,89
"ASP2-3-6","ASP2-3","Bw1",6,89,108
"ASP2-3-7","ASP2-3","Bw2",7,108,122
"BAU9-1-1","BAU9-1","Ap1a",1,0,5
"BAU9-1-2","BAU9-1","Ap1b",2,5,10
"BAU9-1-3","BAU9-1","Ap2",3,10,33
"BAU9-1-4","BAU9-1","A",4,33,68
"BAU9-1-5","BAU9-1","AB",5,68,89
"BAU9-1-6","BAU9-1","Bw1",6,89,106
"BAU9-1-7","BAU9-1","Bw2",7,106,122
"BAU9-2-1","BAU9-2","Ap1a",1,0,5
"BAU9-2-2","BAU9-2","Ap1b",2,5,10
"BAU9-2-3","BAU9-2","Ap2",3,10,31
"BAU9-2-4","BAU9-2","A",4,31,60
"BAU9-2-5","BAU9-2","AB",5,60,83
"BAU9-2-6","BAU9-2","Bw1",6,83,103
"BAU9-2-7","BAU9-2","Bw2",7,103,122
"BAU9-3-1","BAU9-3","Ap1a",1,0,5
"BAU9-3-2","BAU9-3","Ap1b",2,5,10
"BAU9-3-3","BAU9-3","Ap2",3,10,30
"BAU9-3-4","BAU9-3","A",4,30,59
"BAU9-3-5","BAU9-3","AB",5,59,86
"BAU9-3-6","BAU9-3","Bw1",6,86,102
"BAU9-3-7","BAU9-3","Bw2",7,102,122
"ASP10-1-1","ASP10-1","Ap1a",1,0,5
"ASP10-1-2","ASP10-1","Ap1b",2,5,10
"ASP10-1-3","ASP10-1","Ap2",3,10,33
"ASP10-1-4","ASP10-1","A",4,33,60
"ASP10-1-5","ASP10-1","AB",5,60,82
"ASP10-1-6","ASP10-1","Bw1",6,82,106
"ASP10-1-7","ASP10-1","Bw2",7,106,122
"ASP10-2-1","ASP10-2","Ap1a",1,0,5
"ASP10-2-2","ASP10-2","Ap1b",2,5,10
"ASP10-2-3","ASP10-2","Ap2",3,10,32
"ASP10-2-4","ASP10-2","A",4,32,55
"ASP10-2-5","ASP10-2","AB",5,55,84
"ASP10-2-6","ASP10-2","Bw1",6,84,108
"ASP10-2-7","ASP10-2","Bw2",7,108,122
"ASP10-3-1","ASP10-3","Ap1a",1,0,5
"ASP10-3-2","ASP10-3","Ap1b",2,5,10
"ASP10-3-3","ASP10-3","Ap2",3,10,27
"ASP10-3-4","ASP10-3","A",4,27,51
"ASP10-3-5","ASP10-3","AB",5,51,78
"ASP10-3-6","ASP10-3","Bw1",6,78,105
"ASP10-3-7","ASP10-3","Bw2",7,105,122
"ASP6-1-1","ASP6-1","Ap1a",1,0,5
"ASP6-1-2","ASP6-1","Ap1b",2,5,10
"ASP6-1-3","ASP6-1","Ap2",3,10,28
"ASP6-1-4","ASP6-1","A",4,28,48
"ASP6-1-5","ASP6-1","AB",5,48,72
"ASP6-1-6","ASP6-1","Bw1",6,72,92
"ASP6-1-7","ASP6-1","Bw2",7,92,122
"ASP6-2-1","ASP6-2","Ap1a",1,0,5
"ASP6-2-2","ASP6-2","Ap1b",2,5,10
"ASP6-2-3","ASP6-2","Ap2",3,10,33
"ASP6-2-4","ASP6-2","A",4,33,57
"ASP6-2-5","ASP6-2","AB",5,57,88
"ASP6-2-6","ASP6-2","Bw1",6,88,106
"ASP6-2-7","ASP6-2","Bw2",7,106,122
"ASP6-3-1","ASP6-3","Ap1a",1,0,5
"ASP6-3-2","ASP6-3","Ap1b",2,5,10
"ASP6-3-3","ASP6-3","Ap2",3,10,28
"ASP6-3-4","ASP6-3","A",4,28,61
"ASP6-3-5","ASP6-3","A",5,61,88
"ASP6-3-6","ASP6-3","AB",6,88,109
"ASP6-3-7","ASP6-3","Bw1",7,109,122
"BAU3-1-1","BAU3-1","Ap1a",1,0,5
"BAU3-1-2","BAU3-1","Ap1b",2,5,10
"BAU3-1-3","BAU3-1","Ap2",3,10,34
"BAU3-1-4","BAU3-1","A",4,34,70
"BAU3-1-5","BAU3-1","AB",5,70,100
"BAU3-1-6","BAU3-1","Bw1",6,100,122
"BAU3-2-1","BAU3-2","Ap1a",1,0,5
"BAU3-2-2","BAU3-2","Ap1b",2,5,10
"BAU3-2-3","BAU3-2","Ap2",3,10,38
"BAU3-2-4","BAU3-2","A",4,38,75
"BAU3-2-5","BAU3-2","AB",5,75,103
"BAU3-2-6","BAU3-2","Bw1",6,103,122
"BAU3-3-1","BAU3-3","Ap1a",1,0,5
"BAU3-3-2","BAU3-3","Ap1b",2,5,10
"BAU3-3-3","BAU3-3","Ap2",3,10,33
"BAU3-3-4","BAU3-3","A",4,33,72
"BAU3-3-5","BAU3-3","AB",5,72,94
"BAU3-3-6","BAU3-3","Bw1",6,94,122
"BAU8-1-1","BAU8-1","Ap1a",1,0,5
"BAU8-1-2","BAU8-1","Ap1b",2,5,10
"BAU8-1-3","BAU8-1","Ap2",3,10,29
"BAU8-1-4","BAU8-1","A",4,29,79
"BAU8-1-5","BAU8-1","AB",5,79,106
"BAU8-1-6","BAU8-1","Bw1",6,106,122
"BAU8-2-1","BAU8-2","Ap1a",1,0,5
"BAU8-2-2","BAU8-2","Ap1b",2,5,10
"BAU8-2-3","BAU8-2","Ap2",3,10,26
"BAU8-2-4","BAU8-2","A",4,26,56
"BAU8-2-5","BAU8-2","AB",5,56,77
"BAU8-2-6","BAU8-2","Bw1",6,77,96
"BAU8-2-7","BAU8-2","Bw2",7,96,122
"BAU8-3-1","BAU8-3","Ap1a",1,0,5
"BAU8-3-2","BAU8-3","Ap1b",2,5,10
"BAU8-3-3","BAU8-3","Ap2",3,10,24
"BAU8-3-4","BAU8-3","A",4,24,62
"BAU8-3-5","BAU8-3","AB",5,62,85
"BAU8-3-6","BAU8-3","Bw1",6,85,108
"BAU8-3-7","BAU8-3","Bw2",7,108,122
"PGL7-7a-1","PGL7-7a","Ap1a",1,0,5
"PGL7-7a-2","PGL7-7a","Ap1b",2,5,10
"PGL7-7a-3","PGL7-7a","Ap2",3,10,20
"PGL7-7a-4","PGL7-7a","A",4,20,41
"PGL7-7a-5","PGL7-7a","AB",5,41,64
"PGL7-7a-6","PGL7-7a","Bw1",6,64,99
"PGL7-7a-7","PGL7-7a","Bw2",7,99,122
"PGL7-7b-1","PGL7-7b","Ap1a",1,0,5
"PGL7-7b-2","PGL7-7b","Ap1b",2,5,10
"PGL7-7b-3","PGL7-7b","Ap2",3,10,22
"PGL7-7b-4","PGL7-7b","A",4,22,45
"PGL7-7b-5","PGL7-7b","AB",5,45,67
"PGL7-7b-6","PGL7-7b","Bw1",6,67,103
"PGL7-7b-7","PGL7-7b","Bw2",7,103,122
"PGL7-7c-1","PGL7-7c","Ap1a",1,0,5
"PGL7-7c-2","PGL7-7c","Ap1b",2,5,10
"PGL7-7c-3","PGL7-7c","Ap2",3,10,23
"PGL7-7c-4","PGL7-7c","A",4,23,42
"PGL7-7c-5","PGL7-7c","AB",5,42,65
"PGL7-7c-6","PGL7-7c","Bw1",6,65,98
"PGL7-7c-7","PGL7-7c","Bw2",7,98,122
"ASP9-1-1","ASP9-1","Ap1a",1,0,5
"ASP9-1-2","ASP9-1","Ap1b",2,5,10
"ASP9-1-3","ASP9-1","Ap2",3,10,30
"ASP9-1-4","ASP9-1","A",4,30,63
"ASP9-1-5","ASP9-1","AB",5,63,104
"ASP9-1-6","ASP9-1","Bw1",6,104,122
"ASP9-2-1","ASP9-2","Ap1a",1,0,5
"ASP9-2-2","ASP9-2","Ap1b",2,5,10
"ASP9-2-3","ASP9-2","Ap2",3,10,33
"ASP9-2-4","ASP9-2","A",4,33,57
"ASP9-2-5","ASP9-2","AB",5,57,87
"ASP9-2-6","ASP9-2","Bw1",6,87,109
"ASP9-2-7","ASP9-2","Bw2",7,109,122
"ASP9-3-1","ASP9-3","Ap1a",1,0,5
"ASP9-3-2","ASP9-3","Ap1b",2,5,10
"ASP9-3-3","ASP9-3","Ap2",3,10,29
"ASP9-3-4","ASP9-3","A",4,29,51
"ASP9-3-5","ASP9-3","AB",5,51,82
"ASP9-3-6","ASP9-3","Bw1",6,82,106
"ASP9-3-7","ASP9-3","Bw2",7,106,122
"PGL9-1-1","PGL9-1","Ap1a",1,0,5
"PGL9-1-2","PGL9-1","Ap1b",2,5,10
"PGL9-1-3","PGL9-1","Ap2",3,10,30
"PGL9-1-4","PGL9-1","A",4,30,63
"PGL9-1-5","PGL9-1","AB",5,63,104
"PGL9-1-6","PGL9-1","Bw1",6,104,122
"PGL9-2-1","PGL9-2","Ap1a",1,0,5
"PGL9-2-2","PGL9-2","Ap1b",2,5,10
"PGL9-2-3","PGL9-2","Ap2",3,10,33
"PGL9-2-4","PGL9-2","A",4,33,57
"PGL9-2-5","PGL9-2","AB",5,57,87
"PGL9-2-6","PGL9-2","Bw1",6,87,109
"PGL9-2-7","PGL9-2","Bw2",7,109,122
"PGL9-3-1","PGL9-3","Ap1a",1,0,5
"PGL9-3-2","PGL9-3","Ap1b",2,5,10
"PGL9-3-3","PGL9-3","Ap2",3,10,29
"PGL9-3-4","PGL9-3","A",4,29,51
"PGL9-3-5","PGL9-3","AB",5,51,82
"PGL9-3-6","PGL9-3","Bw1",6,82,106
"PGL9-3-7","PGL9-3","Bw2",7,106,122
"CON-1-1","CON-1","Ap1",1,0,5
"CON-1-2","CON-1","Ap2",2,5,10
"CON-1-3","CON-1","Ap3",3,10,26
"CON-1-4","CON-1","Bw",4,26,50
"CON-1-5","CON-1","2BG",5,50,110
"CON-2-1","CON-2","Ap1",1,0,5
"CON-2-2","CON-2","Ap2",2,5,10
"CON-2-3","CON-2","Ap3",3,10,32
"CON-2-4","CON-2","BA",4,32,54
"CON-2-5","CON-2","Bw1",5,54,77
"CON-2-6","CON-2","Bw2",6,77,137
"CON-3-1","CON-3","Ap1",1,0,5
"CON-3-2","CON-3","Ap2",2,5,10
"CON-3-3","CON-3","Ap3",3,10,25
"CON-3-4","CON-3","BA",4,25,35
"CON-3-5","CON-3","Bw1",5,35,60
"CON-3-6","CON-3","Bw2",6,60,80
"CON-3-7","CON-3","2C1",7,80,110
"CON-4-1","CON-4","Ap1",1,0,5
"CON-4-2","CON-4","Ap2",2,5,10
"CON-4-3","CON-4","Ap3",3,10,25
"CON-4-4","CON-4","AB",4,25,47
"CON-4-5","CON-4","Bw",5,47,110
"CON-5-1","CON-5","Ap1",1,0,5
"CON-5-2","CON-5","Ap2",2,5,10
"CON-5-3","CON-5","Ap3",3,10,22
"CON-5-4","CON-5","AB",4,22,53
"CON-5-5","CON-5","Bw1",5,53,80
"CON-5-6","CON-5","Bw2",6,80,110
"CON-6-1","CON-6","Ap1",1,0,5
"CON-6-2","CON-6","Ap2",2,5,10
"CON-6-3","CON-6","Ap3",3,10,25
"CON-6-4","CON-6","AB",4,25,42
"CON-6-5","CON-6","Bw",5,42,87
"CON-6-6","CON-6","2BC",6,87,110
"CON-7-1","CON-7","Ap1",1,0,5
"CON-7-2","CON-7","Ap2",2,5,10
"CON-7-3","CON-7","Ap3",3,10,20
"CON-7-4","CON-7","BA",4,20,34
"CON-7-5","CON-7","2Bw1",5,34,70
"CON-7-6","CON-7","2Bw2",6,70,83
"CON-7-7","CON-7","2Bw3",7,83,103
"CON-8-1","CON-8","Ap1",1,0,5
"CON-8-2","CON-8","Ap2",2,5,10
"CON-8-3","CON-8","Ap3",3,10,22
"CON-8-4","CON-8","BA",4,22,39
"CON-8-5","CON-8","2Bw1",5,39,65
"CON-8-6","CON-8","2Bw2",6,65,96
"CON-8-7","CON-8","2Bw3",7,96,142
"CON-9-1","CON-9","Ap1",1,0,5
"CON-9-2","CON-9","Ap2",2,5,10
"CON-9-3","CON-9","Ap3",3,10,20
"CON-9-4","CON-9","A",4,20,29
"CON-9-5","CON-9","BA",5,29,45
"CON-9-6","CON-9","2Bw1",6,45,63
"CON-9-7","CON-9","2Bw2",7,63,102
"ALT-1-1","ALT-1","Ap1",1,0,5
"ALT-1-2","ALT-1","Ap2",2,5,10
"ALT-1-3","ALT-1","Ap3",3,10,20
"ALT-1-4","ALT-1","BA",4,20,35
"ALT-1-5","ALT-1","2Bw1",5,35,61
"ALT-1-6","ALT-1","2Bw2",6,61,100
"ALT-2-1","ALT-2","Ap1",1,0,5
"ALT-2-2","ALT-2","Ap2",2,5,10
"ALT-2-3","ALT-2","Ap3",3,10,22
"ALT-2-4","ALT-2","BA",4,22,40
"ALT-2-5","ALT-2","2Bw1",5,40,70
"ALT-2-6","ALT-2","2Bw2",6,70,110
"ALT-3-1","ALT-3","Ap1",1,0,5
"ALT-3-2","ALT-3","Ap2",2,5,10
"ALT-3-3","ALT-3","Ap3",3,10,22
"ALT-3-4","ALT-3","BA",4,22,38
"ALT-3-5","ALT-3","2Bw1",5,38,80
"ALT-3-6","ALT-3","2Bw2",6,80,140
"ALT-4-1","ALT-4","Ap1",1,0,5
"ALT-4-2","ALT-4","Ap2",2,5,10
"ALT-4-3","ALT-4","Ap3",3,10,25
"ALT-4-4","ALT-4","A",4,25,40
"ALT-4-5","ALT-4","2BA",5,40,61
"ALT-4-6","ALT-4","2Bw1",6,61,100
"ALT-5-1","ALT-5","Ap1",1,0,5
"ALT-5-2","ALT-5","Ap2",2,5,10
"ALT-5-3","ALT-5","Ap3",3,10,26
"ALT-5-4","ALT-5","BA",4,26,46
"ALT-5-5","ALT-5","2Bw1",5,46,78
"ALT-5-6","ALT-5","2Bw2",6,78,116
"ALT-6-1","ALT-6","Ap1",1,0,5
"ALT-6-2","ALT-6","Ap2",2,5,10
"ALT-6-3","ALT-6","Ap3",3,10,23
"ALT-6-4","ALT-6","A",4,23,43
"ALT-6-5","ALT-6","2Bw1",5,43,70
"ALT-6-6","ALT-6","2Bw2",6,70,104
"ALT-7-1","ALT-7","Ap1",1,0,5
"ALT-7-2","ALT-7","Ap2",2,5,10
"ALT-7-3","ALT-7","Ap3",3,10,27
"ALT-7-4","ALT-7","A",4,27,56
"ALT-7-5","ALT-7","2Bw1",5,56,77
"ALT-7-6","ALT-7","2Bw2",6,77,100
"ALT-8-1","ALT-8","Ap1",1,0,5
"ALT-8-2","ALT-8","Ap2",2,5,10
"ALT-8-3","ALT-8","Ap3",3,10,23
"ALT-8-4","ALT-8","BA",4,23,41
"ALT-8-5","ALT-8","2Bw1",5,41,85
"ALT-8-6","ALT-8","2Bw2",6,85,117
"ALT-9-1","ALT-9","Ap1",1,0,5
"ALT-9-2","ALT-9","Ap2",2,5,10
"ALT-9-3","ALT-9","Ap3",3,10,21
"ALT-9-4","ALT-9","A",4,21,46
"ALT-9-5","ALT-9","BA",5,46,72
"ALT-9-6","ALT-9","2Bw1",6,72,108
"REF-1-1","REF-1","Ap1",1,0,5
"REF-1-2","REF-1","Ap2",2,5,10
"REF-1-3","REF-1","Ap3",3,10,24
"REF-1-4","REF-1","2AB",4,24,42
"REF-1-5","REF-1","2A/Bt1",5,42,70
"REF-1-6","REF-1","2A/Bt2",6,70,92
"REF-1-7","REF-1","3Bt3",7,92,161
"REF-2-1","REF-2","Ap1",1,0,5
"REF-2-2","REF-2","Ap2",2,5,10
"REF-2-3","REF-2","Ap3",3,10,26
"REF-2-4","REF-2","A",4,26,62
"REF-2-5","REF-2","AB",5,62,100
"REF-3-1","REF-3","Ap1",1,0,5
"REF-3-2","REF-3","Ap2",2,5,10
"REF-3-3","REF-3","Ap3",3,10,36
"REF-3-4","REF-3","A",4,36,62
"REF-3-5","REF-3","AB",5,62,83
"REF-3-6","REF-3","Bt1",6,83,93
"REF-3-7","REF-3","Bt2",7,93,150
"REF-4-1","REF-4","Ap1",1,0,5
"REF-4-2","REF-4","Ap2",2,5,10
"REF-4-3","REF-4","Ap3",3,10,29
"REF-4-4","REF-4","AB",4,29,51
"REF-4-5","REF-4","2Bw1",5,51,70
"REF-4-6","REF-4","2Bw2",6,70,130
"REF-5-1","REF-5","Ap1",1,0,5
"REF-5-2","REF-5","Ap2",2,5,10
"REF-5-3","REF-5","Ap3",3,10,42
"REF-5-4","REF-5","AB",4,42,78
"REF-5-5","REF-5","2Bw1",5,78,148
"REF-6-1","REF-6","Ap1",1,0,5
"REF-6-2","REF-6","Ap2",2,5,10
"REF-6-3","REF-6","Ap3",3,10,49
"REF-6-4","REF-6","AB",4,49,72
"REF-6-5","REF-6","Bw1",5,72,84
"REF-6-6","REF-6","2Bw2",6,84,133
"REF-7-1","REF-7","Ap1",1,0,5
"REF-7-2","REF-7","Ap2",2,5,10
"REF-7-3","REF-7","Ap3",3,10,35
"REF-7-4","REF-7","A",4,35,60
"REF-7-5","REF-7","Bw1",5,60,80
"REF-7-6","REF-7","2Bw2",6,80,132
"REF-8-1","REF-8","Ap1",1,0,5
"REF-8-2","REF-8","Ap2",2,5,10
"REF-8-3","REF-8","Ap3",3,10,33
"REF-8-4","REF-8","A",4,33,52
"REF-8-5","REF-8","Bw1",5,52,72
"REF-8-6","REF-8","2Bw2",6,72,115
"REF-9-1","REF-9","Ap1",1,0,5
"REF-9-2","REF-9","Ap2",2,5,10
"REF-9-3","REF-9","Ap3",3,10,25
"REF-9-4","REF-9","A",4,25,52
"REF-9-5","REF-9","Bw1",5,52,71
"REF-9-6","REF-9","2Bw2",6,71,126
"JoF1 - 1 - 1","JoF1 - 1","A",1,0,5
"JoF1 - 1 - 2","JoF1 - 1","A",2,5,10
"JoF1 - 1 - 3","JoF1 - 1","BA",3,10,29
"JoF1 - 1 - 4","JoF1 - 1","Bt",4,29,45
"JoF1 - 1 - 5","JoF1 - 1","Bt",5,45,100
"JoF1 - 2 - 1","JoF1 - 2","A",1,0,5
"JoF1 - 2 - 2","JoF1 - 2","A",2,5,10
"JoF1 - 2 - 3","JoF1 - 2","BA",3,10,29
"JoF1 - 2 - 4","JoF1 - 2","Bt",4,29,45
"JoF1 - 2 - 5","JoF1 - 2","Bt",5,45,100
"JoF1 - 3 - 1","JoF1 - 3","A",1,0,5
"JoF1 - 3 - 2","JoF1 - 3","A",2,5,10
"JoF1 - 3 - 3","JoF1 - 3","BA",3,10,29
"JoF1 - 3 - 4","JoF1 - 3","Bt",4,29,45
"JoF1 - 3 - 5","JoF1 - 3","Bt",5,45,100
"JoF2 - 1 - 1","JoF2 - 1","A",1,0,5
"JoF2 - 1 - 2","JoF2 - 1","A",2,5,10
"JoF2 - 1 - 3","JoF2 - 1","A",3,10,30
"JoF2 - 1 - 4","JoF2 - 1","Bt",4,30,52
"JoF2 - 1 - 5","JoF2 - 1","Bt",5,52,100
"JoF2 - 2 - 1","JoF2 - 2","A",1,0,5
"JoF2 - 2 - 2","JoF2 - 2","A",2,5,10
"JoF2 - 2 - 3","JoF2 - 2","A",3,10,30
"JoF2 - 2 - 4","JoF2 - 2","Bt",4,30,52
"JoF2 - 2 - 5","JoF2 - 2","Bt",5,52,100
"JoF2 - 3 - 1","JoF2 - 3","A",1,0,5
"JoF2 - 3 - 2","JoF2 - 3","A",2,5,10
"JoF2 - 3 - 3","JoF2 - 3","A",3,10,30
"JoF2 - 3 - 4","JoF2 - 3","Bt",4,30,52
"JoF2 - 3 - 5","JoF2 - 3","Bt",5,52,100
"WoNT1 - 1 - 1","WoNT1 - 1","A",1,0,5
"WoNT1 - 1 - 2","WoNT1 - 1","A",2,5,10
"WoNT1 - 1 - 3","WoNT1 - 1","AB",3,10,33
"WoNT1 - 1 - 4","WoNT1 - 1","Bt",4,33,70
"WoNT1 - 1 - 5","WoNT1 - 1","2Bt",5,70,90
"WoNT1 - 1 - 6","WoNT1 - 1","2Bt",6,90,100
"WoNT1 - 2 - 1","WoNT1 - 2","A",1,0,5
"WoNT1 - 2 - 2","WoNT1 - 2","A",2,5,10
"WoNT1 - 2 - 3","WoNT1 - 2","AB",3,10,33
"WoNT1 - 2 - 4","WoNT1 - 2","Bt",4,33,70
"WoNT1 - 2 - 5","WoNT1 - 2","2Bt",5,70,90
"WoNT1 - 2 - 6","WoNT1 - 2","2Bt",6,90,100
"WoNT1 - 3 - 1","WoNT1 - 3","A",1,0,5
"WoNT1 - 3 - 2","WoNT1 - 3","A",2,5,10
"WoNT1 - 3 - 3","WoNT1 - 3","AB",3,10,33
"WoNT1 - 3 - 4","WoNT1 - 3","Bt",4,33,70
"WoNT1 - 3 - 5","WoNT1 - 3","2Bt",5,70,90
"WoNT1 - 3 - 6","WoNT1 - 3","2Bt",6,90,100
"JoV1 - 1 - 1","JoV1 - 1","A",1,0,5
"JoV1 - 1 - 2","JoV1 - 1","A",2,5,10
"JoV1 - 1 - 3","JoV1 - 1","AB",3,10,21
"JoV1 - 1 - 4","JoV1 - 1","Bt",4,21,42
"JoV1 - 1 - 5","JoV1 - 1","Bt",5,42,67
"JoV1 - 1 - 6","JoV1 - 1","Bt",6,67,100
"JoV1 - 2 - 1","JoV1 - 2","A",1,0,5
"JoV1 - 2 - 2","JoV1 - 2","A",2,5,10
"JoV1 - 2 - 3","JoV1 - 2","AB",3,10,21
"JoV1 - 2 - 4","JoV1 - 2","Bt",4,21,42
"JoV1 - 2 - 5","JoV1 - 2","Bt",5,42,67
"JoV1 - 2 - 6","JoV1 - 2","Bt",6,67,100
"JoV1 - 3 - 1","JoV1 - 3","A",1,0,5
"JoV1 - 3 - 2","JoV1 - 3","A",2,5,10
"JoV1 - 3 - 3","JoV1 - 3","AB",3,10,21
"JoV1 - 3 - 4","JoV1 - 3","Bt",4,21,42
"JoV1 - 3 - 5","JoV1 - 3","Bt",5,42,67
"JoV1 - 3 - 6","JoV1 - 3","Bt",6,67,100
"WoH1 - 1 - 1","WoH1 - 1","A",1,0,5
"WoH1 - 1 - 2","WoH1 - 1","A",2,5,10
"WoH1 - 1 - 3","WoH1 - 1","A",3,10,29
"WoH1 - 1 - 4","WoH1 - 1","Bt",4,29,51
"WoH1 - 1 - 5","WoH1 - 1","Btg",5,51,76
"WoH1 - 1 - 6","WoH1 - 1","Btg",6,76,100
"WoH1 - 2 - 1","WoH1 - 2","A",1,0,5
"WoH1 - 2 - 2","WoH1 - 2","A",2,5,10
"WoH1 - 2 - 3","WoH1 - 2","A",3,10,29
"WoH1 - 2 - 4","WoH1 - 2","Bt",4,29,51
"WoH1 - 2 - 5","WoH1 - 2","Btg",5,51,76
"WoH1 - 2 - 6","WoH1 - 2","Btg",6,76,100
"WoH1 - 3 - 1","WoH1 - 3","A",1,0,5
"WoH1 - 3 - 2","WoH1 - 3","A",2,5,10
"WoH1 - 3 - 3","WoH1 - 3","A",3,10,29
"WoH1 - 3 - 4","WoH1 - 3","Bt",4,29,51
"WoH1 - 3 - 5","WoH1 - 3","Btg",5,51,76
"WoH1 - 3 - 6","WoH1 - 3","Btg",6,76,100
"WoCT1 - 1 - 1","WoCT1 - 1","Ap",1,0,5
"WoCT1 - 1 - 2","WoCT1 - 1","Ap",2,5,10
"WoCT1 - 1 - 3","WoCT1 - 1","Ap",3,10,16
"WoCT1 - 1 - 4","WoCT1 - 1","Ap",4,16,33
"WoCT1 - 1 - 5","WoCT1 - 1","Bt",5,33,65
"WoCT1 - 1 - 6","WoCT1 - 1","Btg",6,65,90
"WoCT1 - 1 - 7","WoCT1 - 1","Btg",7,90,100
"WoCT1 - 2 - 1","WoCT1 - 2","Ap",1,0,5
"WoCT1 - 2 - 2","WoCT1 - 2","Ap",2,5,10
"WoCT1 - 2 - 3","WoCT1 - 2","Ap",3,10,16
"WoCT1 - 2 - 4","WoCT1 - 2","Ap",4,16,33
"WoCT1 - 2 - 5","WoCT1 - 2","Bt",5,33,65
"WoCT1 - 2 - 6","WoCT1 - 2","Btg",6,65,90
"WoCT1 - 2 - 7","WoCT1 - 2","Btg",7,90,100
"WoCT1 - 3 - 1","WoCT1 - 3","Ap",1,0,5
"WoCT1 - 3 - 2","WoCT1 - 3","Ap",2,5,10
"WoCT1 - 3 - 3","WoCT1 - 3","Ap",3,10,16
"WoCT1 - 3 - 4","WoCT1 - 3","Ap",4,16,33
"WoCT1 - 3 - 5","WoCT1 - 3","Bt",5,33,65
"WoCT1 - 3 - 6","WoCT1 - 3","Btg",6,65,90
"WoCT1 - 3 - 7","WoCT1 - 3","Btg",7,90,100
"WoNT2 - 1 - 1","WoNT2 - 1","Ap",1,0,5
"WoNT2 - 1 - 2","WoNT2 - 1","Ap",2,5,10
"WoNT2 - 1 - 3","WoNT2 - 1","Ap",3,10,33
"WoNT2 - 1 - 4","WoNT2 - 1","Bt",4,33,61
"WoNT2 - 1 - 5","WoNT2 - 1","Bt",5,61,79
"WoNT2 - 1 - 6","WoNT2 - 1","Btg",6,79,100
"WoNT2 - 2 - 1","WoNT2 - 2","Ap",1,0,5
"WoNT2 - 2 - 2","WoNT2 - 2","Ap",2,5,10
"WoNT2 - 2 - 3","WoNT2 - 2","Ap",3,10,33
"WoNT2 - 2 - 4","WoNT2 - 2","Bt",4,33,61
"WoNT2 - 2 - 5","WoNT2 - 2","Bt",5,61,79
"WoNT2 - 2 - 6","WoNT2 - 2","Btg",6,79,100
"WoNT2 - 3 - 1","WoNT2 - 3","Ap",1,0,5
"WoNT2 - 3 - 2","WoNT2 - 3","Ap",2,5,10
"WoNT2 - 3 - 3","WoNT2 - 3","Ap",3,10,33
"WoNT2 - 3 - 4","WoNT2 - 3","Bt",4,33,61
"WoNT2 - 3 - 5","WoNT2 - 3","Bt",5,61,79
"WoNT2 - 3 - 6","WoNT2 - 3","Btg",6,79,100
"WoH2 - 1 - 1","WoH2 - 1","Ap",1,0,5
"WoH2 - 1 - 2","WoH2 - 1","Ap",2,5,10
"WoH2 - 1 - 3","WoH2 - 1","A",3,10,46
"WoH2 - 1 - 4","WoH2 - 1","AB",4,46,78
"WoH2 - 1 - 5","WoH2 - 1","Bt",5,78,100
"WoH2 - 2 - 1","WoH2 - 2","Ap",1,0,5
"WoH2 - 2 - 2","WoH2 - 2","Ap",2,5,10
"WoH2 - 2 - 3","WoH2 - 2","A",3,10,46
"WoH2 - 2 - 4","WoH2 - 2","AB",4,46,78
"WoH2 - 2 - 5","WoH2 - 2","Bt",5,78,100
"WoH2 - 3 - 1","WoH2 - 3","Ap",1,0,5
"WoH2 - 3 - 2","WoH2 - 3","Ap",2,5,10
"WoH2 - 3 - 3","WoH2 - 3","A",3,10,46
"WoH2 - 3 - 4","WoH2 - 3","AB",4,46,78
"WoH2 - 3 - 5","WoH2 - 3","Bt",5,78,100
"JoXT1 - 1 - 1","JoXT1 - 1","Ap",1,0,5
"JoXT1 - 1 - 2","JoXT1 - 1","Ap",2,5,10
"JoXT1 - 1 - 3","JoXT1 - 1","Ap",3,10,25
"JoXT1 - 1 - 4","JoXT1 - 1","AB",4,25,38
"JoXT1 - 1 - 5","JoXT1 - 1","Bt",5,38,69
"JoXT1 - 1 - 6","JoXT1 - 1","Bt",6,69,100
"JoXT1 - 2 - 1","JoXT1 - 2","Ap",1,0,5
"JoXT1 - 2 - 2","JoXT1 - 2","Ap",2,5,10
"JoXT1 - 2 - 3","JoXT1 - 2","Ap",3,10,25
"JoXT1 - 2 - 4","JoXT1 - 2","AB",4,25,38
"JoXT1 - 2 - 5","JoXT1 - 2","Bt",5,38,69
"JoXT1 - 2 - 6","JoXT1 - 2","Bt",6,69,100
"JoXT1 - 3 - 1","JoXT1 - 3","Ap",1,0,5
"JoXT1 - 3 - 2","JoXT1 - 3","Ap",2,5,10
"JoXT1 - 3 - 3","JoXT1 - 3","Ap",3,10,25
"JoXT1 - 3 - 4","JoXT1 - 3","AB",4,25,38
"JoXT1 - 3 - 5","JoXT1 - 3","Bt",5,38,69
"JoXT1 - 3 - 6","JoXT1 - 3","Bt",6,69,100
"JoF3 - 1 - 1","JoF3 - 1","A",1,0,5
"JoF3 - 1 - 2","JoF3 - 1","A",2,5,10
"JoF3 - 1 - 3","JoF3 - 1","A",3,10,43
"JoF3 - 1 - 4","JoF3 - 1","Bt",4,43,65
"JoF3 - 1 - 5","JoF3 - 1","Bt",5,65,100
"JoF3 - 2 - 1","JoF3 - 2","A",1,0,5
"JoF3 - 2 - 2","JoF3 - 2","A",2,5,10
"JoF3 - 2 - 3","JoF3 - 2","A",3,10,43
"JoF3 - 2 - 4","JoF3 - 2","Bt",4,43,65
"JoF3 - 2 - 5","JoF3 - 2","Bt",5,65,100
"JoF3 - 3 - 1","JoF3 - 3","A",1,0,5
"JoF3 - 3 - 2","JoF3 - 3","A",2,5,10
"JoF3 - 3 - 3","JoF3 - 3","A",3,10,43
"JoF3 - 3 - 4","JoF3 - 3","Bt",4,43,65
"JoF3 - 3 - 5","JoF3 - 3","Bt",5,65,100
"JoV2 - 1 - 1","JoV2 - 1","Ap",1,0,5
"JoV2 - 1 - 2","JoV2 - 1","Ap",2,5,10
"JoV2 - 1 - 3","JoV2 - 1","Ap",3,10,25
"JoV2 - 1 - 4","JoV2 - 1","Bt",4,25,49
"JoV2 - 1 - 5","JoV2 - 1","Bt",5,49,84
"JoV2 - 1 - 6","JoV2 - 1","2BC",6,84,100
"JoV2 - 2 - 1","JoV2 - 2","Ap",1,0,5
"JoV2 - 2 - 2","JoV2 - 2","Ap",2,5,10
"JoV2 - 2 - 3","JoV2 - 2","Ap",3,10,25
"JoV2 - 2 - 4","JoV2 - 2","Bt",4,25,49
"JoV2 - 2 - 5","JoV2 - 2","Bt",5,49,84
"JoV2 - 2 - 6","JoV2 - 2","2BC",6,84,100
"JoV2 - 3 - 1","JoV2 - 3","Ap",1,0,5
"JoV2 - 3 - 2","JoV2 - 3","Ap",2,5,10
"JoV2 - 3 - 3","JoV2 - 3","Ap",3,10,25
"JoXT2 - 1 - 1","JoXT2 - 1","Ap",1,0,5
"JoXT2 - 1 - 2","JoXT2 - 1","Ap",2,5,10
"JoXT2 - 1 - 3","JoXT2 - 1","Ap",3,10,24
"JoXT2 - 1 - 4","JoXT2 - 1","Bt",4,24,57
"JoXT2 - 1 - 5","JoXT2 - 1","Bt",5,57,75
"JoXT2 - 1 - 6","JoXT2 - 1","Bt",6,75,100
"JoXT2 - 2 - 1","JoXT2 - 2","Ap",1,0,5
"JoXT2 - 2 - 2","JoXT2 - 2","Ap",2,5,10
"JoXT2 - 2 - 3","JoXT2 - 2","Ap",3,10,24
"JoXT2 - 2 - 4","JoXT2 - 2","Bt",4,24,57
"JoXT2 - 2 - 5","JoXT2 - 2","Bt",5,57,75
"JoXT2 - 2 - 6","JoXT2 - 2","Bt",6,75,100
"JoXT2 - 3 - 1","JoXT2 - 3","Ap",1,0,5
"JoXT2 - 3 - 2","JoXT2 - 3","Ap",2,5,10
"JoXT2 - 3 - 3","JoXT2 - 3","Ap",3,10,24
"JoXT2 - 3 - 4","JoXT2 - 3","Bt",4,24,57
"JoXT2 - 3 - 5","JoXT2 - 3","Bt",5,57,75
"JoXT2 - 3 - 6","JoXT2 - 3","Bt",6,75,100
"JoXT3 - 1 - 1","JoXT3 - 1","Ap",1,0,5
"JoXT3 - 1 - 2","JoXT3 - 1","Ap",2,5,10
"JoXT3 - 1 - 3","JoXT3 - 1","Ap",3,10,28
"JoXT3 - 1 - 4","JoXT3 - 1","AB",4,28,60
"JoXT3 - 1 - 5","JoXT3 - 1","BCt",5,60,100
"JoXT3 - 2 - 1","JoXT3 - 2","Ap",1,0,5
"JoXT3 - 2 - 2","JoXT3 - 2","Ap",2,5,10
"JoXT3 - 2 - 3","JoXT3 - 2","Ap",3,10,28
"JoXT3 - 2 - 4","JoXT3 - 2","AB",4,28,60
"JoXT3 - 2 - 5","JoXT3 - 2","BCt",5,60,100
"JoXT3 - 3 - 1","JoXT3 - 3","Ap",1,0,5
"JoXT3 - 3 - 2","JoXT3 - 3","Ap",2,5,10
"JoXT3 - 3 - 3","JoXT3 - 3","Ap",3,10,28
"JoXT3 - 3 - 4","JoXT3 - 3","AB",4,28,60
"JoXT3 - 3 - 5","JoXT3 - 3","BCt",5,60,100
"JoV3 - 1 - 1","JoV3 - 1","Ap",1,0,5
"JoV3 - 1 - 2","JoV3 - 1","Ap",2,5,10
"JoV3 - 1 - 3","JoV3 - 1","AB",3,10,56
"JoV3 - 1 - 4","JoV3 - 1","Bt",4,56,74
"JoV3 - 1 - 5","JoV3 - 1","Bt",5,74,100
"JoV3 - 2 - 1","JoV3 - 2","Ap",1,0,5
"JoV3 - 2 - 2","JoV3 - 2","Ap",2,5,10
"JoV3 - 2 - 3","JoV3 - 2","AB",3,10,56
"JoV3 - 2 - 4","JoV3 - 2","Bt",4,56,74
"JoV3 - 2 - 5","JoV3 - 2","Bt",5,74,100
"JoV3 - 3 - 1","JoV3 - 3","Ap",1,0,5
"JoV3 - 3 - 2","JoV3 - 3","Ap",2,5,10
"JoV3 - 3 - 3","JoV3 - 3","AB",3,10,56
"JoV3 - 3 - 4","JoV3 - 3","Bt",4,56,74
"JoV3 - 3 - 5","JoV3 - 3","Bt",5,74,100
"WoH3 - 1 - 1","WoH3 - 1","Ap",1,0,5
"WoH3 - 1 - 2","WoH3 - 1","Ap",2,5,10
"WoH3 - 1 - 3","WoH3 - 1","A",3,10,45
"WoH3 - 1 - 4","WoH3 - 1","Bt",4,45,95
"WoH3 - 1 - 5","WoH3 - 1","Bt",5,95,100
"WoH3 - 2 - 1","WoH3 - 2","Ap",1,0,5
"WoH3 - 2 - 2","WoH3 - 2","Ap",2,5,10
"WoH3 - 2 - 3","WoH3 - 2","A",3,10,45
"WoH3 - 2 - 4","WoH3 - 2","Bt",4,45,95
"WoH3 - 2 - 5","WoH3 - 2","Bt",5,95,100
"WoH3 - 3 - 1","WoH3 - 3","Ap",1,0,5
"WoH3 - 3 - 2","WoH3 - 3","Ap",2,5,10
"WoH3 - 3 - 3","WoH3 - 3","A",3,10,45
"WoH3 - 3 - 4","WoH3 - 3","Bt",4,45,95
"WoH3 - 3 - 5","WoH3 - 3","Bt",5,95,100
"WoCT2 - 1 - 1","WoCT2 - 1","Ap",1,0,5
"WoCT2 - 1 - 2","WoCT2 - 1","Ap",2,5,10
"WoCT2 - 1 - 3","WoCT2 - 1","Ap",3,10,25
"WoCT2 - 1 - 4","WoCT2 - 1","Bt",4,25,58
"WoCT2 - 1 - 5","WoCT2 - 1","Btg",5,58,100
"WoCT2 - 2 - 1","WoCT2 - 2","Ap",1,0,5
"WoCT2 - 2 - 2","WoCT2 - 2","Ap",2,5,10
"WoCT2 - 2 - 3","WoCT2 - 2","Ap",3,10,25
"WoCT2 - 2 - 4","WoCT2 - 2","Bt",4,25,58
"WoCT2 - 2 - 5","WoCT2 - 2","Btg",5,58,100
"WoCT2 - 3 - 1","WoCT2 - 3","Ap",1,0,5
"WoCT2 - 3 - 2","WoCT2 - 3","Ap",2,5,10
"WoCT2 - 3 - 3","WoCT2 - 3","Ap",3,10,25
"WoCT2 - 3 - 4","WoCT2 - 3","Bt",4,25,58
"WoCT2 - 3 - 5","WoCT2 - 3","Btg",5,58,100
"WoCT3 - 1 - 1","WoCT3 - 1","Ap",1,0,5
"WoCT3 - 1 - 2","WoCT3 - 1","Ap",2,5,10
"WoCT3 - 1 - 3","WoCT3 - 1","Ap",3,10,22
"WoCT3 - 1 - 4","WoCT3 - 1","Bt",4,22,57
"WoCT3 - 1 - 5","WoCT3 - 1","Bt",5,57,100
"WoCT3 - 2 - 1","WoCT3 - 2","Ap",1,0,5
"WoCT3 - 2 - 2","WoCT3 - 2","Ap",2,5,10
"WoCT3 - 2 - 3","WoCT3 - 2","Ap",3,10,22
"WoCT3 - 2 - 4","WoCT3 - 2","Bt",4,22,57
"WoCT3 - 2 - 5","WoCT3 - 2","Bt",5,57,100
"WoCT3 - 3 - 1","WoCT3 - 3","Ap",1,0,5
"WoCT3 - 3 - 2","WoCT3 - 3","Ap",2,5,10
"WoCT3 - 3 - 3","WoCT3 - 3","Ap",3,10,22
"WoCT3 - 3 - 4","WoCT3 - 3","Bt",4,22,57
"WoCT3 - 3 - 5","WoCT3 - 3","Bt",5,57,100
"WoNT3 - 1 - 1","WoNT3 - 1","Ap",1,0,5
"WoNT3 - 1 - 2","WoNT3 - 1","Ap",2,5,10
"WoNT3 - 1 - 3","WoNT3 - 1","Ap",3,10,21
"WoNT3 - 1 - 4","WoNT3 - 1","Bt",4,21,70
"WoNT3 - 1 - 5","WoNT3 - 1","Bt",5,70,100
"WoNT3 - 2 - 1","WoNT3 - 2","Ap",1,0,5
"WoNT3 - 2 - 2","WoNT3 - 2","Ap",2,5,10
"WoNT3 - 2 - 3","WoNT3 - 2","Ap",3,10,21
"WoNT3 - 2 - 4","WoNT3 - 2","Bt",4,21,70
"WoNT3 - 2 - 5","WoNT3 - 2","Bt",5,70,100
"WoNT3 - 3 - 1","WoNT3 - 3","Ap",1,0,5
"WoNT3 - 3 - 2","WoNT3 - 3","Ap",2,5,10
"WoNT3 - 3 - 3","WoNT3 - 3","Ap",3,10,21
"WoNT3 - 3 - 4","WoNT3 - 3","Bt",4,21,70
"WoNT3 - 3 - 5","WoNT3 - 3","Bt",5,70,100
"IL-115-SW-WDFLD-001-1-051220","IL-115-SW-WDFLD-001","",1,0,5
"IL-115-SW-WDFLD-001-2-051220","IL-115-SW-WDFLD-001","",2,5,10
"IL-115-SW-WDFLD-001-3-051220","IL-115-SW-WDFLD-001","",3,10,20
"IL-115-SW-WDFLD-001-4-051220","IL-115-SW-WDFLD-001","",4,20,30
"IL-115-SW-WDFLD-001-5-051220","IL-115-SW-WDFLD-001","",5,30,50
"IL-115-SW-WDFLD-001-6-051220","IL-115-SW-WDFLD-001","",6,50,100
"IL-115-SW-WDFLD-002-1-051220","IL-115-SW-WDFLD-002","",1,0,5
"IL-115-SW-WDFLD-002-2-051220","IL-115-SW-WDFLD-002","",2,5,10
"IL-115-SW-WDFLD-002-3-051220","IL-115-SW-WDFLD-002","",3,10,20
"IL-115-SW-WDFLD-002-4-051220","IL-115-SW-WDFLD-002","",4,20,30
"IL-115-SW-WDFLD-002-5-051220","IL-115-SW-WDFLD-002","",5,30,50
"IL-115-SW-WDFLD-002-6-051220","IL-115-SW-WDFLD-002","",6,50,100
"IL-115-SW-WDFLD-003-1-051220","IL-115-SW-WDFLD-003","",1,0,5
"IL-115-SW-WDFLD-003-2-051220","IL-115-SW-WDFLD-003","",2,5,10
"IL-115-SW-WDFLD-003-3-051220","IL-115-SW-WDFLD-003","",3,10,20
"IL-115-SW-WDFLD-003-4-051220","IL-115-SW-WDFLD-003","",4,20,30
"IL-115-SW-WDFLD-003-5-051220","IL-115-SW-WDFLD-003","",5,30,50
"IL-115-SW-WDFLD-003-6-051220","IL-115-SW-WDFLD-003","",6,50,100
"IL-115-SW-ETAL-001-1-051220","IL-115-SW-ETAL-001","",1,0,5
"IL-115-SW-ETAL-001-2-051220","IL-115-SW-ETAL-001","",2,5,10
"IL-115-SW-ETAL-001-3-051220","IL-115-SW-ETAL-001","",3,10,20
"IL-115-SW-ETAL-001-4-051220","IL-115-SW-ETAL-001","",4,20,30
"IL-115-SW-ETAL-001-5-051220","IL-115-SW-ETAL-001","",5,30,50
"IL-115-SW-ETAL-001-6-051220","IL-115-SW-ETAL-001","",6,50,100
"IL-115-SW-ETAL-002-1-051220","IL-115-SW-ETAL-002","",1,0,5
"IL-115-SW-ETAL-002-2-051220","IL-115-SW-ETAL-002","",2,5,10
"IL-115-SW-ETAL-002-3-051220","IL-115-SW-ETAL-002","",3,10,20
"IL-115-SW-ETAL-002-4-051220","IL-115-SW-ETAL-002","",4,20,30
"IL-115-SW-ETAL-002-5-051220","IL-115-SW-ETAL-002","",5,30,50
"IL-115-SW-ETAL-002-6-051220","IL-115-SW-ETAL-002","",6,50,100
"IL-115-SW-ETAL-003-1-051220","IL-115-SW-ETAL-003","",1,0,5
"IL-115-SW-ETAL-003-2-051220","IL-115-SW-ETAL-003","",2,5,10
"IL-115-SW-ETAL-003-3-051220","IL-115-SW-ETAL-003","",3,10,20
"IL-115-SW-ETAL-003-4-051220","IL-115-SW-ETAL-003","",4,20,30
"IL-115-SW-ETAL-003-5-051220","IL-115-SW-ETAL-003","",5,30,50
"IL-115-SW-ETAL-003-6-051220","IL-115-SW-ETAL-003","",6,50,100
"IL-147-SW-TS-001-1-051220","IL-147-SW-TS-001","",1,0,5
"IL-147-SW-TS-001-2-051220","IL-147-SW-TS-001","",2,5,10
"IL-147-SW-TS-001-3-051220","IL-147-SW-TS-001","",3,10,20
"IL-147-SW-TS-001-4-051220","IL-147-SW-TS-001","",4,20,30
"IL-147-SW-TS-001-5-051220","IL-147-SW-TS-001","",5,30,50
"IL-147-SW-TS-001-6-051220","IL-147-SW-TS-001","",6,50,100
"IL-147-SW-TS-002-1-051220","IL-147-SW-TS-002","",1,0,5
"IL-147-SW-TS-002-2-051220","IL-147-SW-TS-002","",2,5,10
"IL-147-SW-TS-002-3-051220","IL-147-SW-TS-002","",3,10,20
"IL-147-SW-TS-002-4-051220","IL-147-SW-TS-002","",4,20,30
"IL-147-SW-TS-002-5-051220","IL-147-SW-TS-002","",5,30,50
"IL-147-SW-TS-002-6-051220","IL-147-SW-TS-002","",6,50,100
"IL-147-SW-TS-003-1-051220","IL-147-SW-TS-003","",1,0,5
"IL-147-SW-TS-003-2-051220","IL-147-SW-TS-003","",2,5,10
"IL-147-SW-TS-003-3-051220","IL-147-SW-TS-003","",3,10,20
"IL-147-SW-TS-003-4-051220","IL-147-SW-TS-003","",4,20,30
"IL-147-SW-TS-003-5-051220","IL-147-SW-TS-003","",5,30,50
"IL-147-SW-TS-003-6-051220","IL-147-SW-TS-003","",6,50,100
"IL-147-SW-CRP-001-1-051220","IL-147-SW-CRP-001","",1,0,5
"IL-147-SW-CRP-001-2-051220","IL-147-SW-CRP-001","",2,5,10
"IL-147-SW-CRP-001-3-051220","IL-147-SW-CRP-001","",3,10,20
"IL-147-SW-CRP-001-4-051220","IL-147-SW-CRP-001","",4,20,30
"IL-147-SW-CRP-001-5-051220","IL-147-SW-CRP-001","",5,30,50
"IL-147-SW-CRP-001-6-051220","IL-147-SW-CRP-001","",6,50,100
"IL-147-SW-CRP-002-1-051220","IL-147-SW-CRP-002","",1,0,5
"IL-147-SW-CRP-002-2-051220","IL-147-SW-CRP-002","",2,5,10
"IL-147-SW-CRP-002-3-051220","IL-147-SW-CRP-002","",3,10,20
"IL-147-SW-CRP-002-4-051220","IL-147-SW-CRP-002","",4,20,30
"IL-147-SW-CRP-002-5-051220","IL-147-SW-CRP-002","",5,30,50
"IL-147-SW-CRP-002-6-051220","IL-147-SW-CRP-002","",6,50,100
"IL-147-SW-CRP-003-1-051220","IL-147-SW-CRP-003","",1,0,5
"IL-147-SW-CRP-003-2-051220","IL-147-SW-CRP-003","",2,5,10
"IL-147-SW-CRP-003-3-051220","IL-147-SW-CRP-003","",3,10,20
"IL-147-SW-CRP-003-4-051220","IL-147-SW-CRP-003","",4,20,30
"IL-147-SW-CRP-003-5-051220","IL-147-SW-CRP-003","",5,30,50
"IL-147-SW-CRP-003-6-051220","IL-147-SW-CRP-003","",6,50,100
"IL-019-SW-ARBRTM-001-1-061920","IL-019-SW-ARBRTM-001","",1,0,5
"IL-019-SW-ARBRTM-001-2-061920","IL-019-SW-ARBRTM-001","",2,5,10
"IL-019-SW-ARBRTM-001-3-061920","IL-019-SW-ARBRTM-001","",3,10,20
"IL-019-SW-ARBRTM-001-4-061920","IL-019-SW-ARBRTM-001","",4,20,30
"IL-019-SW-ARBRTM-001-5-061920","IL-019-SW-ARBRTM-001","",5,30,50
"IL-019-SW-ARBRTM-001-6-061920","IL-019-SW-ARBRTM-001","",6,50,100
"IL-019-SW-ARBRTM-002-1-061920","IL-019-SW-ARBRTM-002","",1,0,5
"IL-019-SW-ARBRTM-002-2-061920","IL-019-SW-ARBRTM-002","",2,5,10
"IL-019-SW-ARBRTM-002-3-061920","IL-019-SW-ARBRTM-002","",3,10,20
"IL-019-SW-ARBRTM-002-4-061920","IL-019-SW-ARBRTM-002","",4,20,30
"IL-019-SW-ARBRTM-002-5-061920","IL-019-SW-ARBRTM-002","",5,30,50
"IL-019-SW-ARBRTM-002-6-061920","IL-019-SW-ARBRTM-002","",6,50,100
"IL-019-SW-ARBRTM-003-1-061920","IL-019-SW-ARBRTM-003","",1,0,5
"IL-019-SW-ARBRTM-003-2-061920","IL-019-SW-ARBRTM-003","",2,5,10
"IL-019-SW-ARBRTM-003-3-061920","IL-019-SW-ARBRTM-003","",3,10,20
"IL-019-SW-ARBRTM-003-4-061920","IL-019-SW-ARBRTM-003","",4,20,30
"IL-019-SW-ARBRTM-003-5-061920","IL-019-SW-ARBRTM-003","",5,30,50
"IL-019-SW-ARBRTM-003-6-061920","IL-019-SW-ARBRTM-003","",6,50,100
"IL-019-SW-RTHRML-001-1-010820","IL-019-SW-RTHRML-001","",1,0,5
"IL-019-SW-RTHRML-001-2-010820","IL-019-SW-RTHRML-001","",2,5,10
"IL-019-SW-RTHRML-001-3-010820","IL-019-SW-RTHRML-001","",3,10,20
"IL-019-SW-RTHRML-001-4-010820","IL-019-SW-RTHRML-001","",4,20,30
"IL-019-SW-RTHRML-001-5-010820","IL-019-SW-RTHRML-001","",5,30,40
"IL-019-SW-RTHRML-001-6-010820","IL-019-SW-RTHRML-001","",6,40,100
"IL-019-SW-RTHRML-002-1-010820","IL-019-SW-RTHRML-002","",1,0,5
"IL-019-SW-RTHRML-002-2-010820","IL-019-SW-RTHRML-002","",2,5,10
"IL-019-SW-RTHRML-002-3-010820","IL-019-SW-RTHRML-002","",3,10,20
"IL-019-SW-RTHRML-002-4-010820","IL-019-SW-RTHRML-002","",4,20,30
"IL-019-SW-RTHRML-002-5-010820","IL-019-SW-RTHRML-002","",5,30,40
"IL-019-SW-RTHRML-002-6-010820","IL-019-SW-RTHRML-002","",6,40,100
"IL-019-SW-RTHRML-003-1-010820","IL-019-SW-RTHRML-003","",1,0,5
"IL-019-SW-RTHRML-003-2-010820","IL-019-SW-RTHRML-003","",2,5,10
"IL-019-SW-RTHRML-003-3-010820","IL-019-SW-RTHRML-003","",3,10,20
"IL-019-SW-RTHRML-003-4-010820","IL-019-SW-RTHRML-003","",4,20,30
"IL-019-SW-RTHRML-003-5-010820","IL-019-SW-RTHRML-003","",5,30,40
"IL-019-SW-RTHRML-003-6-010820","IL-019-SW-RTHRML-003","",6,40,100
"IL-019-SW-RTHRML-004-1-010820","IL-019-SW-RTHRML-004","",1,0,5
"IL-019-SW-RTHRML-004-2-010820","IL-019-SW-RTHRML-004","",2,5,10
"IL-019-SW-RTHRML-004-3-010820","IL-019-SW-RTHRML-004","",3,10,20
"IL-019-SW-RTHRML-004-4-010820","IL-019-SW-RTHRML-004","",4,20,30
"IL-019-SW-RTHRML-004-5-010820","IL-019-SW-RTHRML-004","",5,30,40
"IL-019-SW-RTHRML-004-6-010820","IL-019-SW-RTHRML-004","",6,40,100
"IL-115-SW-WDFLD-001A-1-11192020","IL-115-SW-WDFLD-001A","Ap1",1,0,15
"IL-115-SW-WDFLD-001A-2-11192020","IL-115-SW-WDFLD-001A","Ap2",2,15,31
"IL-115-SW-WDFLD-001A-3-11192020","IL-115-SW-WDFLD-001A","AB",3,31,48
"IL-115-SW-WDFLD-001A-4-11192020","IL-115-SW-WDFLD-001A","Bt1",4,48,67
"IL-115-SW-WDFLD-001A-5-11192020","IL-115-SW-WDFLD-001A","Bt2",5,67,94
"IL-115-SW-WDFLD-001A-6-11192020","IL-115-SW-WDFLD-001A","2 Bt3",6,94,126
"IL-115-SW-WDFLD-001A-7-11192020","IL-115-SW-WDFLD-001A","2 Bt4",7,126,146
"IL-115-SW-WDFLD-001A-8-11192020","IL-115-SW-WDFLD-001A","2 Bt5",8,146,176
"IL-115-SW-ETAL-001A-1-11192020","IL-115-SW-ETAL-001A","Ap1",1,0,13
"IL-115-SW-ETAL-001A-2-11192020","IL-115-SW-ETAL-001A","Ap2",2,13,29
"IL-115-SW-ETAL-001A-3-11192020","IL-115-SW-ETAL-001A","A",3,29,50
"IL-115-SW-ETAL-001A-4-11192020","IL-115-SW-ETAL-001A","Btg1",4,50,77
"IL-115-SW-ETAL-001A-5-11192020","IL-115-SW-ETAL-001A","Btg2",5,77,107
"IL-115-SW-ETAL-001A-6-11192020","IL-115-SW-ETAL-001A","2 Bt",6,107,137
"IL-115-SW-ETAL-001A-7-11192020","IL-115-SW-ETAL-001A","2 Btg",7,137,181
"IL-115-SW-ETAL-001A-8-11192020","IL-115-SW-ETAL-001A","3 BCtg",8,181,240
"IL-147-SW-TS-003A-1-111920","IL-147-SW-TS-003A","Ap1",1,0,23
"IL-147-SW-TS-003A-2-111920","IL-147-SW-TS-003A","Ap2",2,23,41
"IL-147-SW-TS-003A-3-111920","IL-147-SW-TS-003A","Btg1",3,41,60
"IL-147-SW-TS-003A-4-111920","IL-147-SW-TS-003A","Btg2",4,60,81
"IL-147-SW-TS-003A-5-111920","IL-147-SW-TS-003A","Btg3",5,81,115
"IL-147-SW-TS-003A-6-111920","IL-147-SW-TS-003A","Btg4",6,115,134
"IL-147-SW-TS-003A-7-111920","IL-147-SW-TS-003A","2 Btg5",7,134,163
"IL-147-SW-TS-003A-8-111920","IL-147-SW-TS-003A","3 BCt",8,163,225
"IL-147-SW-CRP-001A-1-111920","IL-147-SW-CRP-001A","Ap1",1,0,16
"IL-147-SW-CRP-001A-2-111920","IL-147-SW-CRP-001A","Ap2",2,16,31
"IL-147-SW-CRP-001A-3-111920","IL-147-SW-CRP-001A","BAt",3,31,53
"IL-147-SW-CRP-001A-4-111920","IL-147-SW-CRP-001A","Btg1",4,53,67
"IL-147-SW-CRP-001A-5-111920","IL-147-SW-CRP-001A","Btg2",5,67,112
"IL-147-SW-CRP-001A-6-111920","IL-147-SW-CRP-001A","Btg3",6,112,142
"IL-147-SW-CRP-001A-7-111920","IL-147-SW-CRP-001A","2 Btg4",7,142,183
"IL-147-SW-CRP-001A-8-111920","IL-147-SW-CRP-001A","3 BCtg",8,183,211
"IL-019-SW-RTHRML-001A-1-111820","IL-019-SW-RTHRML-001A","Ap1",1,0,7
"IL-019-SW-RTHRML-001A-2-111820","IL-019-SW-RTHRML-001A","Ap2",2,7,14
"IL-019-SW-RTHRML-001A-3-111820","IL-019-SW-RTHRML-001A","Ap3",3,14,26
"IL-019-SW-RTHRML-001A-4-111820","IL-019-SW-RTHRML-001A","BAt",4,26,41
"IL-019-SW-RTHRML-001A-5-111820","IL-019-SW-RTHRML-001A","Btg1",5,41,79
"IL-019-SW-RTHRML-001A-6-111820","IL-019-SW-RTHRML-001A","2 Btg2",6,79,106
"IL-019-SW-RTHRML-001A-7-111820","IL-019-SW-RTHRML-001A","2 BCtg",7,106,136
"IL-019-SW-RTHRML-004A-1-111820","IL-019-SW-RTHRML-004A","Ap1",1,0,5
"IL-019-SW-RTHRML-004A-2-111820","IL-019-SW-RTHRML-004A","Ap2",2,5,23
"IL-019-SW-RTHRML-004A-3-111820","IL-019-SW-RTHRML-004A","BAt",3,23,36
"IL-019-SW-RTHRML-004A-4-111820","IL-019-SW-RTHRML-004A","Bt1",4,36,67
"IL-019-SW-RTHRML-004A-5-111820","IL-019-SW-RTHRML-004A","2 Bt2",5,67,97
"IL-019-SW-RTHRML-004A-6-111820","IL-019-SW-RTHRML-004A","2 Bt2",6,97,123
"IL-019-SW-RTHRML-004A-7-111820","IL-019-SW-RTHRML-004A","2 Cg",7,123,149
"AX1-1-1","AX1-1","Ap",1,0,5
"AX1-1-2","AX1-1","Ap",2,5,10
"AX1-1-3","AX1-1","Ap",3,10,30
"AX1-1-4","AX1-1","A1",4,30,50
"AX1-1-5","AX1-1","B2",5,50,80
"AX1-1-6","AX1-1","B2ca",6,80,100
"AX1-2-1","AX1-2","Ap",1,0,5
"AX1-2-2","AX1-2","Ap",2,5,10
"AX1-2-3","AX1-2","Ap",3,10,30
"AX1-2-4","AX1-2","A1",4,30,50
"AX1-2-5","AX1-2","B2",5,50,80
"AX1-2-6","AX1-2","B2ca",6,80,100
"AX1-3-1","AX1-3","Ap",1,0,5
"AX1-3-2","AX1-3","Ap",2,5,10
"AX1-3-3","AX1-3","Ap",3,10,30
"AX1-3-4","AX1-3","A1",4,30,50
"AX1-3-5","AX1-3","B2",5,50,80
"AX1-3-6","AX1-3","B2ca",6,80,100
"AX2-1-1","AX2-1","Ap",1,0,5
"AX2-1-2","AX2-1","Ap",2,5,10
"AX2-1-3","AX2-1","Ap",3,10,30
"AX2-1-4","AX2-1","A1",4,30,50
"AX2-1-5","AX2-1","B2",5,50,80
"AX2-1-6","AX2-1","B2ca",6,80,100
"AX2-2-1","AX2-2","Ap",1,0,5
"AX2-2-2","AX2-2","Ap",2,5,10
"AX2-2-3","AX2-2","Ap",3,10,30
"AX2-2-4","AX2-2","A1",4,30,50
"AX2-2-5","AX2-2","B2",5,50,80
"AX2-2-6","AX2-2","B2ca",6,80,100
"AX2-3-1","AX2-3","Ap",1,0,5
"AX2-3-2","AX2-3","Ap",2,5,10
"AX2-3-3","AX2-3","Ap",3,10,30
"AX2-3-4","AX2-3","A1",4,30,50
"AX2-3-5","AX2-3","B2",5,50,80
"AX2-3-6","AX2-3","B2ca",6,80,100
"AX3-1-1","AX3-1","Ap",1,0,5
"AX3-1-2","AX3-1","Ap",2,5,10
"AX3-1-3","AX3-1","Ap",3,10,30
"AX3-1-4","AX3-1","A1",4,30,50
"AX3-1-5","AX3-1","B2",5,50,80
"AX3-1-6","AX3-1","B2ca",6,80,100
"AX3-2-1","AX3-2","Ap",1,0,5
"AX3-2-2","AX3-2","Ap",2,5,10
"AX3-2-3","AX3-2","Ap",3,10,30
"AX3-2-4","AX3-2","A1",4,30,50
"AX3-2-5","AX3-2","B2",5,50,80
"AX3-2-6","AX3-2","B2ca",6,80,100
"AX3-3-1","AX3-3","Ap",1,0,5
"AX3-3-2","AX3-3","Ap",2,5,10
"AX3-3-3","AX3-3","Ap",3,10,30
"AX3-3-4","AX3-3","A1",4,30,50
"AX3-3-5","AX3-3","B2",5,50,80
"AX3-3-6","AX3-3","B2ca",6,80,100
"AY1-1-1","AY1-1","Ap",1,0,5
"AY1-1-2","AY1-1","Ap",2,5,10
"AY1-1-3","AY1-1","Ap",3,10,30
"AY1-1-4","AY1-1","A1",4,30,50
"AY1-1-5","AY1-1","B2",5,50,80
"AY1-1-6","AY1-1","B2ca",6,80,100
"AY1-2-1","AY1-2","Ap",1,0,5
"AY1-2-2","AY1-2","Ap",2,5,10
"AY1-2-3","AY1-2","Ap",3,10,30
"AY1-2-4","AY1-2","A1",4,30,50
"AY1-2-5","AY1-2","B2",5,50,80
"AY1-2-6","AY1-2","B2ca",6,80,100
"AY1-3-1","AY1-3","Ap",1,0,5
"AY1-3-2","AY1-3","Ap",2,5,10
"AY1-3-3","AY1-3","Ap",3,10,30
"AY1-3-4","AY1-3","A1",4,30,50
"AY1-3-5","AY1-3","B2",5,50,80
"AY1-3-6","AY1-3","B2ca",6,80,100
"AY2-1-1","AY2-1","Ap",1,0,5
"AY2-1-2","AY2-1","Ap",2,5,10
"AY2-1-3","AY2-1","Ap",3,10,30
"AY2-1-4","AY2-1","A1",4,30,50
"AY2-1-5","AY2-1","B2",5,50,80
"AY2-1-6","AY2-1","B2ca",6,80,100
"AY2-2-1","AY2-2","Ap",1,0,5
"AY2-2-2","AY2-2","Ap",2,5,10
"AY2-2-3","AY2-2","Ap",3,10,30
"AY2-2-4","AY2-2","A1",4,30,50
"AY2-2-5","AY2-2","B2",5,50,80
"AY2-2-6","AY2-2","B2ca",6,80,100
"AY2-3-1","AY2-3","Ap",1,0,5
"AY2-3-2","AY2-3","Ap",2,5,10
"AY2-3-3","AY2-3","Ap",3,10,30
"AY2-3-4","AY2-3","A1",4,30,50
"AY2-3-5","AY2-3","B2",5,50,80
"AY2-3-6","AY2-3","B2ca",6,80,100
"AY3-1-1","AY3-1","Ap",1,0,5
"AY3-1-2","AY3-1","Ap",2,5,10
"AY3-1-3","AY3-1","Ap",3,10,30
"AY3-1-4","AY3-1","A1",4,30,50
"AY3-1-5","AY3-1","B2",5,50,80
"AY3-1-6","AY3-1","B2ca",6,80,100
"AY3-2-1","AY3-2","Ap",1,0,5
"AY3-2-2","AY3-2","Ap",2,5,10
"AY3-2-3","AY3-2","Ap",3,10,30
"AY3-2-4","AY3-2","A1",4,30,50
"AY3-2-5","AY3-2","B2",5,50,80
"AY3-2-6","AY3-2","B2ca",6,80,100
"AY3-3-1","AY3-3","Ap",1,0,5
"AY3-3-2","AY3-3","Ap",2,5,10
"AY3-3-3","AY3-3","Ap",3,10,30
"AY3-3-4","AY3-3","A1",4,30,50
"AY3-3-5","AY3-3","B2",5,50,80
"AY3-3-6","AY3-3","B2ca",6,80,100
"AZ1-1-1","AZ1-1","Ap",1,0,5
"AZ1-1-2","AZ1-1","Ap",2,5,10
"AZ1-1-3","AZ1-1","Ap",3,10,30
"AZ1-1-4","AZ1-1","A1",4,30,50
"AZ1-1-5","AZ1-1","B2",5,50,80
"AZ1-1-6","AZ1-1","B2ca",6,80,100
"AZ1-2-1","AZ1-2","Ap",1,0,5
"AZ1-2-2","AZ1-2","Ap",2,5,10
"AZ1-2-3","AZ1-2","Ap",3,10,30
"AZ1-2-4","AZ1-2","A1",4,30,50
"AZ1-2-5","AZ1-2","B2",5,50,80
"AZ1-2-6","AZ1-2","B2ca",6,80,100
"AZ1-3-1","AZ1-3","Ap",1,0,5
"AZ1-3-2","AZ1-3","Ap",2,5,10
"AZ1-3-3","AZ1-3","Ap",3,10,30
"AZ1-3-4","AZ1-3","A1",4,30,50
"AZ1-3-5","AZ1-3","B2",5,50,80
"AZ1-3-6","AZ1-3","B2ca",6,80,100
"AZ2-1-1","AZ2-1","Ap",1,0,5
"AZ2-1-2","AZ2-1","Ap",2,5,10
"AZ2-1-3","AZ2-1","Ap",3,10,30
"AZ2-1-4","AZ2-1","A1",4,30,50
"AZ2-1-5","AZ2-1","B2",5,50,80
"AZ2-1-6","AZ2-1","B2ca",6,80,100
"AZ2-2-1","AZ2-2","Ap",1,0,5
"AZ2-2-2","AZ2-2","Ap",2,5,10
"AZ2-2-3","AZ2-2","Ap",3,10,30
"AZ2-2-4","AZ2-2","A1",4,30,50
"AZ2-2-5","AZ2-2","B2",5,50,80
"AZ2-2-6","AZ2-2","B2ca",6,80,100
"AZ2-3-1","AZ2-3","Ap",1,0,5
"AZ2-3-2","AZ2-3","Ap",2,5,10
"AZ2-3-3","AZ2-3","Ap",3,10,30
"AZ2-3-4","AZ2-3","A1",4,30,50
"AZ2-3-5","AZ2-3","B2",5,50,80
"AZ2-3-6","AZ2-3","B2ca",6,80,100
"AZ3-1-1","AZ3-1","Ap",1,0,5
"AZ3-1-2","AZ3-1","Ap",2,5,10
"AZ3-1-3","AZ3-1","Ap",3,10,30
"AZ3-1-4","AZ3-1","A1",4,30,50
"AZ3-1-5","AZ3-1","B2",5,50,80
"AZ3-1-6","AZ3-1","B2ca",6,80,100
"AZ3-2-1","AZ3-2","Ap",1,0,5
"AZ3-2-2","AZ3-2","Ap",2,5,10
"AZ3-2-3","AZ3-2","Ap",3,10,30
"AZ3-2-4","AZ3-2","A1",4,30,50
"AZ3-2-5","AZ3-2","B2",5,50,80
"AZ3-2-6","AZ3-2","B2ca",6,80,100
"AZ3-3-1","AZ3-3","Ap",1,0,5
"AZ3-3-2","AZ3-3","Ap",2,5,10
"AZ3-3-3","AZ3-3","Ap",3,10,30
"AZ3-3-4","AZ3-3","A1",4,30,50
"AZ3-3-5","AZ3-3","B2",5,50,80
"AZ3-3-6","AZ3-3","B2ca",6,80,100
"AR2-1-1","AR2-1","A1",1,0,5
"AR2-1-2","AR2-1","A1",2,5,10
"AR2-1-3","AR2-1","A1",3,10,30
"AR2-1-4","AR2-1","A1",4,30,50
"AR2-1-5","AR2-1","B2",5,50,80
"AR2-1-6","AR2-1","B2ca",6,80,100
"AR2-2-1","AR2-2","A1",1,0,5
"AR2-2-2","AR2-2","A1",2,5,10
"AR2-2-3","AR2-2","A1",3,10,30
"AR2-2-4","AR2-2","A1",4,30,50
"AR2-2-5","AR2-2","B2",5,50,80
"AR2-2-6","AR2-2","B2ca",6,80,100
"AR2-3-1","AR2-3","A1",1,0,5
"AR2-3-2","AR2-3","A1",2,5,10
"AR2-3-3","AR2-3","A1",3,10,30
"AR2-3-4","AR2-3","A1",4,30,50
"AR2-3-5","AR2-3","B2",5,50,80
"AR2-3-6","AR2-3","B2ca",6,80,100
"AR3-1-1","AR3-1","A1",1,0,5
"AR3-1-2","AR3-1","A1",2,5,10
"AR3-1-3","AR3-1","A1",3,10,30
"AR3-1-4","AR3-1","A1",4,30,50
"AR3-1-5","AR3-1","B2",5,50,80
"AR3-1-6","AR3-1","B2ca",6,80,100
"AR3-2-1","AR3-2","A1",1,0,5
"AR3-2-2","AR3-2","A1",2,5,10
"AR3-2-3","AR3-2","A1",3,10,30
"AR3-2-4","AR3-2","A1",4,30,50
"AR3-2-5","AR3-2","B2",5,50,80
"AR3-2-6","AR3-2","B2ca",6,80,100
"AR3-3-1","AR3-3","A1",1,0,5
"AR3-3-2","AR3-3","A1",2,5,10
"AR3-3-3","AR3-3","A1",3,10,30
"AR3-3-4","AR3-3","A1",4,30,50
"AR3-3-5","AR3-3","B2",5,50,80
"AR3-3-6","AR3-3","B2ca",6,80,100
"PaN1-1-1","PaN1-1","Ap1",1,0,5
"PaN1-1-2","PaN1-1","Ap1",2,5,10
"PaN1-1-3","PaN1-1","AP2",3,13,20
"PaN1-1-4","PaN1-1","Bw1",4,20,52
"PaN1-1-5","PaN1-1","Bw2",5,52,73
"PaN1-1-6","PaN1-1","CB",6,73,93
"PaN1-1-7","PaN1-1","Cd",7,93,110
"PaT1-1-1","PaT1-1","Ap1",1,0,5
"PaT1-1-2","PaT1-1","Ap1",2,5,10
"PaT1-1-3","PaT1-1","Ap2",3,11,23
"PaT1-1-4","PaT1-1","Bw1",4,23,39
"PaT1-1-5","PaT1-1","Bw2",5,39,51
"PaT1-1-6","PaT1-1","BC",6,51,73
"PaT1-1-7","PaT1-1","Cd",7,73,115
"PaT1-2-1","PaT1-2","Ap1",1,0,5
"PaT1-2-2","PaT1-2","Ap1",2,5,10
"PaT1-2-3","PaT1-2","Ap2",3,15,24
"PaT1-2-4","PaT1-2","Bw1",4,24,45
"PaT1-2-5","PaT1-2","Bw2",5,45,68
"PaT1-2-6","PaT1-2","Cd1",6,68,92
"PaT1-2-7","PaT1-2","Cd2",7,92,110
"PaN1-2-1","PaN1-2","Ap1",1,0,5
"PaN1-2-2","PaN1-2","Ap1",2,5,10
"PaN1-2-3","PaN1-2","Ap2",3,13,19
"PaN1-2-4","PaN1-2","Bw1",4,19,37
"PaN1-2-5","PaN1-2","Bw2",5,37,60
"PaN1-2-6","PaN1-2","BC",6,60,107
"PaN1-3-1","PaN1-3","Ap1",1,0,5
"PaN1-3-2","PaN1-3","Ap1",2,5,10
"PaN1-3-3","PaN1-3","Ap2",3,15,23
"PaN1-3-4","PaN1-3","Bw1",4,23,36
"PaN1-3-5","PaN1-3","Bw2",5,36,60
"PaN1-3-6","PaN1-3","Bw3",6,60,81
"PaN1-3-7","PaN1-3","BC",7,81,105
"PaT1-3-1","PaT1-3","Ap1",1,0,5
"PaT1-3-2","PaT1-3","Ap1",2,5,10
"PaT1-3-3","PaT1-3","Ap2",3,12,23
"PaT1-3-4","PaT1-3","Bw1",4,23,33
"PaT1-3-5","PaT1-3","Bw2",5,33,59
"PaT1-3-6","PaT1-3","BC",6,59,93
"PaT1-3-7","PaT1-3","Cd",7,93,110
"PaM1-1-1","PaM1-1","A",1,0,5
"PaM1-1-2","PaM1-1","Ap",2,5,10
"PaM1-1-3","PaM1-1","Ap",3,10,22
"PaM1-2-1","PaM1-2","A",1,0,5
"PaM1-2-2","PaM1-2","A",2,5,10
"PaM1-2-3","PaM1-2","A/B",3,12,30
"PaM1-2-4","PaM1-2","Bw",4,30,52
"PaM1-2-5","PaM1-2","BC",5,52,75
"PaM1-2-6","PaM1-2","C1",6,75,105
"PaU1-1-1","PaU1-1","Oe/A",1,0,5
"PaU1-1-2","PaU1-1","A",2,5,10
"PaU1-1-3","PaU1-1","Ap",3,10,24
"PaU1-1-4","PaU1-1","Bw1",4,24,36
"PaU1-1-5","PaU1-1","Bw2",5,36,70
"PaU1-1-6","PaU1-1","BC",6,70,97
"PaU1-1-7","PaU1-1","Cd",7,97,110
"PaU1-2-1","PaU1-2","Oe/Ap1",1,0,5
"PaU1-2-2","PaU1-2","Ap2",2,5,10
"PaU1-2-3","PaU1-2","Ap2",3,10,14
"PaU1-2-4","PaU1-2","Bw1",4,14,31
"PaU1-2-5","PaU1-2","Bw2",5,31,58
"PaM2-1-1","PaM2-1","A",1,0,5
"PaM2-1-2","PaM2-1","Ap",2,5,10
"PaM2-1-3","PaM2-1","Ap",3,10,23
"PaM2-1-4","PaM2-1","Bw1",4,23,52
"PaM2-1-5","PaM2-1","Bw2",5,52,61
"PaM2-1-6","PaM2-1","BC1",6,61,81
"PaM2-1-7","PaM2-1","BC2",7,81,98
"PaM2-2-1","PaM2-2","A",1,0,5
"PaM2-2-2","PaM2-2","A/Ap",2,5,10
"PaM2-2-3","PaM2-2","Ap",3,10,19
"PaM2-2-4","PaM2-2","Bw1",4,19,34
"PaM2-2-5","PaM2-2","Bw2",5,34,49
"PaM2-2-6","PaM2-2","BC",6,49,67
"PaU2-1-1","PaU2-1","A",1,0,5
"PaU2-1-2","PaU2-1","A",2,5,10
"PaU2-1-3","PaU2-1","Ap",3,10,25
"PaU2-1-4","PaU2-1","Bw1",4,25,47
"PaU2-1-5","PaU2-1","Bw2",5,47,66
"PaU2-1-6","PaU2-1","BC",6,66,87
"PaU2-1-7","PaU2-1","Cd",7,87,120
"PaU2-2-1","PaU2-2","Ap",1,0,5
"PaU2-2-2","PaU2-2","Ap",2,5,10
"PaU2-2-3","PaU2-2","Ap",3,10,23
"PaU2-2-4","PaU2-2","Bw1",4,23,37
"PaU2-2-5","PaU2-2","Bw2",5,37,46
"PaU2-2-6","PaU2-2","Bw3",6,46,60
"PaL1-1-1","PaL1-1","^A",1,0,5
"PaL1-1-2","PaL1-1","^Bw",2,5,10
"PaL1-1-3","PaL1-1","Ap",3,10,28
"PaL1-1-4","PaL1-1","Bw",4,28,44
"PaL1-1-5","PaL1-1","BC1",5,44,74
"PaL1-1-6","PaL1-1","BC2",6,74,94
"PaL1-1-7","PaL1-1","Cd",7,94,112
"PaL1-2-1","PaL1-2","A",1,0,5
"PaL1-2-2","PaL1-2","Ap",2,5,10
"PaL1-2-3","PaL1-2","Ap",3,10,24
"PaL1-2-4","PaL1-2","Bw1",4,24,40
"PaL1-2-5","PaL1-2","Bw2",5,40,57
"PaL2-1-1","PaL2-1","^A",1,0,5
"PaL2-1-2","PaL2-1","^Au",2,5,10
"PaL2-1-3","PaL2-1","Ap",3,17,37
"PaL2-1-4","PaL2-1","Bw",4,37,58
"PaL2-1-5","PaL2-1","BC",5,58,66
"PaL2-1-6","PaL2-1","2C",6,66,110
"PaL2-2-1","PaL2-2","^Au",1,0,5
"PaL2-2-2","PaL2-2","^Au",2,5,10
"PaL2-2-3","PaL2-2","^AB",3,10,29
"PaL2-2-4","PaL2-2","Ap",4,29,44
"PaL2-2-5","PaL2-2","Bw",5,44,60
"PaH1-1-1","PaH1-1","Bt2",1,0,5
"PaH1-1-2","PaH1-1","Btk1",2,5,10
"PaH1-1-3","PaH1-1","Btk2",3,11,32
"PaH1-1-4","PaH1-1","Bk",4,32,53
"PaH1-1-5","PaH1-1","Ap",5,53,72
"PaH1-1-6","PaH1-1","Ap",6,72,100
"PaH1-2-1","PaH1-2","A",1,0,5
"PaH1-2-2","PaH1-2","Bt1",2,5,10
"PaH1-2-3","PaH1-2","Bt2",3,13,25
"PaH1-2-4","PaH1-2","Btk",4,25,46
"PaH1-2-5","PaH1-2","Bk",5,46,70
"PaN2-1-1","PaN2-1","Ap1",1,0,5
"PaN2-1-2","PaN2-1","Ap1",2,5,10
"PaN2-1-3","PaN2-1","Ap2",3,16,34
"PaN2-1-4","PaN2-1","Bt",4,34,55
"PaN2-1-5","PaN2-1","Btk1",5,55,86
"PaN2-1-6","PaN2-1","Btk2",6,86,108
"PaN2-2-1","PaN2-2","Bk",1,0,5
"PaN2-2-2","PaN2-2","Ap1",2,5,10
"PaN2-2-3","PaN2-2","Ap1",3,16,35
"PaN2-2-4","PaN2-2","Ap2",4,35,51
"PaN2-3-1","PaN2-3","Bt1",1,0,5
"PaN2-3-2","PaN2-3","Bt2",2,5,10
"PaN2-3-3","PaN2-3","Btk1",3,17,40
"PaN2-3-4","PaN2-3","Btk2",4,40,56
"PaH2-1-1","PaH2-1","Ap1",1,0,5
"PaH2-1-2","PaH2-1","Ap2",2,5,10
"PaH2-1-3","PaH2-1","Ap2",3,10,19
"PaH2-1-4","PaH2-1","Bw1",4,19,32
"PaH2-1-5","PaH2-1","Bw2",5,32,41
"PaH2-1-6","PaH2-1","Bw3",6,41,55
"PaH2-1-7","PaH2-1","Cd1",7,55,75
"PaH2-2-1","PaH2-2","Ap1",1,0,5
"PaH2-2-2","PaH2-2","Ap1",2,5,10
"PaH2-2-3","PaH2-2","Ap2",3,12,23
"PaH2-2-4","PaH2-2","Bw",4,23,38
"PaH2-2-5","PaH2-2","BC",5,38,50
"PaT2-1-1","PaT2-1","Ap",1,0,5
"PaT2-1-2","PaT2-1","Ap",2,5,10
"PaT2-1-3","PaT2-1","Ap",3,10,19
"PaT2-1-4","PaT2-1","Bw",4,19,30
"PaT2-1-5","PaT2-1","BC",5,30,45
"PaT2-1-6","PaT2-1","Cd1",6,45,62
"PaT2-1-7","PaT2-1","Cd2",7,62,80
"PaT2-1-8","PaT2-1","Cd3",8,80,94
"PaT2-1-9","PaT2-1","Cd4",9,94,116
"PaT2-2-1","PaT2-2","Ap1",1,0,5
"PaT2-2-2","PaT2-2","Ap1",2,5,10
"PaT2-2-3","PaT2-2","Ap2",3,15,29
"PaT2-2-4","PaT2-2","BC",4,29,39
"PaT2-2-5","PaT2-2","Cd",5,39,56
"PaT2-3-1","PaT2-3","Ap",1,0,5
"PaT2-3-2","PaT2-3","Ap",2,5,10
"PaT2-3-3","PaT2-3","Bw",3,17,26
"PaT2-3-4","PaT2-3","Cd1",4,26,38
"PaT2-3-5","PaT2-3","Cd2",5,38,51
"KeC3 - 2-2","KeC3 - 2","Ap2",2,5,15
"KeC3 - 2-3","KeC3 - 2","Bt1",3,15,26
"KeC3 - 2-4","KeC3 - 2","Bt2",4,26,35
"KeC3 - 2-5","KeC3 - 2","Btk1",5,35,55
"KeC3 - 2-6","KeC3 - 2","Btk2",6,55,86
"KeC3 - 2-7","KeC3 - 2","Bk",7,86,100
"KeC3 - 3-1","KeC3 - 3","Ap1",1,0,10
"KeC3 - 3-2","KeC3 - 3","Ap2",2,10,18
"KeC3 - 3-3","KeC3 - 3","Bt1",3,18,29
"KeC3 - 3-4","KeC3 - 3","Bt2",4,29,41
"KeC3 - 3-5","KeC3 - 3","Btk1",5,41,57
"KeC3 - 3-6","KeC3 - 3","Btk2",6,57,76
"KeC3 - 3-7","KeC3 - 3","Bk",7,76,100
"KeN3 - 1-1","KeN3 - 1","A1",2,0,5
"KeN3 - 1-3","KeN3 - 1","A2",3,10,23
"KeN3 - 1-4","KeN3 - 1","Bt1",4,23,44
"KeN3 - 1-5","KeN3 - 1","Bt2",5,44,68
"KeN3 - 1-6","KeN3 - 1","Bk1",6,68,80
"KeN3 - 1-7","KeN3 - 1","Bk2",7,80,100
"KeC2 - 3-3","KeC2 - 3","Ap2",1,10,26
"PGL7-7b-5","PGL7-7b","AB",5,45,65
"PGL7-7c-5","PGL7-7c","AB",5,45,67
"PGL7-7b-6","PGL7-7b","Bw1",6,65,98
"PGL7-7c-6","PGL7-7c","Bw1",6,67,103
"PGL7-7b-7","PGL7-7b","Bw2",7,98,122
"PGL7-7c-7","PGL7-7c","Bw2",7,103,122
"JoXT2 - 1 - 1","JoXT2 - 1","Ap",1,0,0
"AX2-2-2","AX2-2","A1",2,5,10
"AX2-2-3","AX2-2","B2",3,10,30
"AX2-2-4","AX2-2","B2ca",4,30,50
"AX2-2-5","AX2-2","Ap",5,50,80
"AX2-2-6","AX2-2","Ap",6,80,100
"AX2-3-2","AX2-3","A1",2,5,10
"AX2-3-3","AX2-3","B2",3,10,30
"AX2-3-4","AX2-3","B2ca",4,30,50
"AX2-3-5","AX2-3","Ap",5,50,80
"AX2-3-6","AX2-3","Ap",6,80,100
"AX3-1-2","AX3-1","A1",2,5,10
"AX3-1-3","AX3-1","B2",3,10,30
"AX3-1-4","AX3-1","B2ca",4,30,50
"AX3-1-5","AX3-1","Ap",5,50,80
"AX3-1-6","AX3-1","A1",6,80,100
"AX3-2-1","AX3-2","B2",1,0,5
"AX3-2-2","AX3-2","B2ca",2,5,10
"AX3-2-4","AX3-2","Ap",4,30,50
"AX3-2-5","AX3-2","Ap",5,50,80
"AX3-2-6","AX3-2","A1",6,80,100
"AX3-3-1","AX3-3","B2",1,0,5
"AX3-3-2","AX3-3","B2ca",2,5,10
"AX3-3-4","AX3-3","Ap",4,30,50
"AX3-3-5","AX3-3","Ap",5,50,80
"AX3-3-6","AX3-3","A1",6,80,100
"AY1-1-1","AY1-1","B2",1,0,5
"AY1-1-2","AY1-1","B2ca",2,5,10
"AY2-1-2","AY2-1","A1",2,5,10
"AY2-1-3","AY2-1","B2",3,10,30
"AY2-1-4","AY2-1","B2ca",4,30,50
"AY2-1-5","AY2-1","Ap",5,50,80
"AY2-1-6","AY2-1","Ap",6,80,100
"AY2-2-2","AY2-2","A1",2,5,10
"AY2-2-3","AY2-2","B2",3,10,30
"AY2-2-4","AY2-2","B2ca",4,30,50
"AY2-2-5","AY2-2","Ap",5,50,80
"AY2-2-6","AY2-2","Ap",6,80,100
"AY2-3-2","AY2-3","A1",2,5,10
"AY2-3-3","AY2-3","B2",3,10,30
"AY2-3-4","AY2-3","B2ca",4,30,50
"AY2-3-5","AY2-3","Ap",5,50,80
"AY2-3-6","AY2-3","Ap",6,80,100
"AY3-1-2","AY3-1","A1",2,5,10
"AY3-1-3","AY3-1","B2",3,10,30
"AY3-1-4","AY3-1","B2ca",4,30,50
"AY3-1-5","AY3-1","Ap",5,50,80
"AY3-1-6","AY3-1","A1",6,80,100
"AY3-2-1","AY3-2","B2",1,0,5
"AY3-2-2","AY3-2","B2ca",2,5,10
"AY3-2-4","AY3-2","Ap",4,30,50
"AY3-2-5","AY3-2","Ap",5,50,80
"AY3-2-6","AY3-2","A1",6,80,100
"AY3-3-1","AY3-3","B2",1,0,5
"AY3-3-2","AY3-3","B2ca",2,5,10
"AY3-3-4","AY3-3","Ap",4,30,50
"AY3-3-5","AY3-3","Ap",5,50,80
"AY3-3-6","AY3-3","A1",6,80,100
"AZ1-1-1","AZ1-1","B2",1,0,5
"AZ1-1-2","AZ1-1","B2ca",2,5,10
"AZ1-1-4","AZ1-1","Ap",4,30,50
"AZ1-1-5","AZ1-1","Ap",5,50,80
"AZ1-1-6","AZ1-1","A1",6,80,100
"AZ1-2-1","AZ1-2","B2",1,0,5
"AZ1-2-2","AZ1-2","B2ca",2,5,10
