DSP_Pedon_ID,DSP_Plot_ID,pedon_x,pedon_y,Label_full,Label,PLFA_ID_Surface,LU,till,trt,explanation,State,Site,Pedon_Num,Project,Soil_Sampled_Name,Project_full,partsize_class,Gen_surf,Gen_MAP,Gen_MAT,Texture_Class,Target_Soil_Name
IL-115-SW-WDFLD-001,IL-115-SW-WDFLD,-88.798131,39.866062,BAU - Organic,BAU,IL-115-SW-WDFLD-001-1-051220,CROP,Till,Organic,Organically managed in a corn-soybean-small grains rotation with cover crops established prior to corn ,,Woodfield,1,Illinois,Drummer,Illinois - Drummer,,SiL,998,11,scl ,Drummer
IL-115-SW-WDFLD-002,IL-115-SW-WDFLD,-88.799917,39.865395,BAU - Organic,BAU,IL-115-SW-WDFLD-002-1-051220,CROP,Till,Organic,Organically managed in a corn-soybean-small grains rotation with cover crops established prior to corn ,,Woodfield,2,Illinois,Drummer,Illinois - Drummer,,,998,11,scl ,Drummer
IL-115-SW-WDFLD-003,IL-115-SW-WDFLD,-88.798039,39.868482,BAU - Organic,BAU,IL-115-SW-WDFLD-003-1-051220,CROP,Till,Organic,Organically managed in a corn-soybean-small grains rotation with cover crops established prior to corn ,,Woodfield,3,Illinois,Drummer,Illinois - Drummer,,,998,11,sic  ,Drummer
IL-115-SW-ETAL-001,IL-115-SW-ETAL,-88.745608,39.895068,BAU - Organic,BAU,IL-115-SW-ETAL-001-1-051220,CROP,Till,Organic,Organically managed in a corn-soybean-small grains rotation with cover crops established prior to corn ,,Etal,1,Illinois,Drummer,Illinois - Drummer,,SiL,1000,11,sil ,Drummer
IL-115-SW-ETAL-002,IL-115-SW-ETAL,-88.746645,39.895384,BAU - Organic,BAU,IL-115-SW-ETAL-002-1-051220,CROP,Till,Organic,Organically managed in a corn-soybean-small grains rotation with cover crops established prior to corn ,,Etal,2,Illinois,Drummer,Illinois - Drummer,,,1000,11,sil ,Drummer
IL-115-SW-ETAL-003,IL-115-SW-ETAL,-88.746587,39.90146,BAU - Organic,BAU,IL-115-SW-ETAL-003-1-051220,CROP,Till,Organic,Organically managed in a corn-soybean-small grains rotation with cover crops established prior to corn ,,Etal,3,Illinois,Dana,Illinois - Drummer,,,998,11,sil ,Drummer
IL-147-SW-TS-001,IL-147-SW-TS,-88.700021,39.876683,BAU - Conventional,BAU,IL-147-SW-TS-001-1-051220,CROP,Till,Conventional,Conventionally managed field in a corn-soybean rotation with cover crops established prior to corn,,Taylor South,1,Illinois,Drummer,Illinois - Drummer,,SiCL,1006,11,scl ,Drummer
IL-147-SW-TS-002,IL-147-SW-TS,-88.700776,39.878541,BAU - Conventional,BAU,IL-147-SW-TS-002-1-051220,CROP,Till,Conventional,Conventionally managed field in a corn-soybean rotation with cover crops established prior to corn,,Taylor South,2,Illinois,Drummer,Illinois - Drummer,,,1006,11,"sic, scl",Drummer
IL-147-SW-TS-003,IL-147-SW-TS,-88.705988,39.878261,BAU - Conventional,BAU,IL-147-SW-TS-003-1-051220,CROP,Till,Conventional,Conventionally managed field in a corn-soybean rotation with cover crops established prior to corn,,Taylor South,3,Illinois,Drummer,Illinois - Drummer,,,1005,11,sil ,Drummer
IL-147-SW-CRP-001,IL-147-SW-CRP,-88.743611,39.895694,BAU - Conventional,BAU,IL-147-SW-CRP-001-1-051220,CROP,Till,Conventional,Conventionally managed field in a corn-soybean rotation with cover crops established prior to corn ,,Cripe,1,Illinois,Drummer,Illinois - Drummer,,SiL,1000,11,scl,Drummer
IL-147-SW-CRP-002,IL-147-SW-CRP,-88.743611,39.896889,BAU - Conventional,BAU,IL-147-SW-CRP-002-1-051220,CROP,Till,Conventional,Conventionally managed field in a corn-soybean rotation with cover crops established prior to corn ,,Cripe,2,Illinois,Flanagan,Illinois - Drummer,,,999,11,scl,Drummer
IL-147-SW-CRP-003,IL-147-SW-CRP,-88.743333,39.898194,BAU - Conventional,BAU,IL-147-SW-CRP-003-1-051220,CROP,Till,Conventional,Conventionally managed field in a corn-soybean rotation with cover crops established prior to corn ,,Cripe,3,Illinois,Dana,Illinois - Drummer,,,999,11,scl,Drummer
IL-019-SW-ARBRTM-001,IL-019-SW-ARBRTM,-88.216396,40.0916401,Ref - Ref,Ref,IL-019-SW-ARBRTM-001-1-061920,FOREST,Perennial,Ref,Restored since 1990,,Arboretum,1,Illinois,Drummer,Illinois - Drummer,,,1015,11,scl,Drummer
IL-019-SW-ARBRTM-002,IL-019-SW-ARBRTM,-88.2161899,40.0918033,Ref - Ref,Ref,IL-019-SW-ARBRTM-002-1-061920,FOREST,Perennial,Ref,Restored since 1990,,Arboretum,2,Illinois,Drummer,Illinois - Drummer,,,1015,11,sil ,Drummer
IL-019-SW-ARBRTM-003,IL-019-SW-ARBRTM,-88.2159005,40.0914285,Ref - Ref,Ref,IL-019-SW-ARBRTM-003-1-061920,FOREST,Perennial,Ref,Restored since 1990,,Arboretum,3,Illinois,Drummer,Illinois - Drummer,,,1015,11,sil ,Drummer
IL-019-SW-RTHRML-001,IL-019-SW-RTHRML,-88.0238,39.9295,SHM - NT,SHM,IL-019-SW-RTHRML-001-1-010820,CROP,No-till,NT,No-Till managed with corn-soybean rotations,,Rothermel,1,Illinois,Drummer,Illinois - Drummer,,SiCL,1007,11,,Drummer
IL-019-SW-RTHRML-002,IL-019-SW-RTHRML,-88.0238,39.9295,SHM - NT,SHM,IL-019-SW-RTHRML-002-1-010820,CROP,No-till,NT,No-Till managed with corn-soybean rotations,,Rothermel,2,Illinois,Drummer,Illinois - Drummer,,,1007,11,,Drummer
IL-019-SW-RTHRML-003,IL-019-SW-RTHRML,-88.0275783,39.9254322,SHM - NT,SHM,IL-019-SW-RTHRML-003-1-010820,CROP,No-till,NT,No-Till managed with corn-soybean rotations,,Rothermel,3,Illinois,Flanagan,Illinois - Drummer,,,1006,11,,Drummer
IL-019-SW-RTHRML-004,IL-019-SW-RTHRML,-88.0275783,39.9254322,SHM - NT,SHM,IL-019-SW-RTHRML-004-1-010820,CROP,No-till,NT,No-Till managed with corn-soybean rotations,,Rothermel,4,Illinois,Flanagan,Illinois - Drummer,,SiL,1006,11,,Drummer
IL-115-SW-WDFLD-001A,IL-115-SW-WDFLD,-88.798131,39.866062,BAU - Organic,BAU,IL-115-SW-WDFLD-001A-1-11192020,CROP,Till,Organic,Organically managed in a corn-soybean-small grains rotation with cover crops established prior to corn ,,Woodfield,1,Illinois,Drummer,Illinois - Drummer,,,998,11,sic,Drummer
IL-115-SW-ETAL-001A,IL-115-SW-ETAL,-88.745608,39.895068,BAU - Organic,BAU,IL-115-SW-ETAL-001A-1-11192020,CROP,Till,Organic,Organically managed in a corn-soybean-small grains rotation with cover crops established prior to corn ,,Etal,1,Illinois,Drummer,Illinois - Drummer,,,1000,11,scl,Drummer
IL-147-SW-TS-003A,IL-147-SW-TS,-88.705988,39.878261,BAU - Conventional,BAU,IL-147-SW-TS-003A-1-111920,CROP,Till,Conventional,Conventionally managed field in a corn-soybean rotation with cover crops established prior to corn ,,Taylor South,3,Illinois,Drummer,Illinois - Drummer,,,1005,11,scl,Drummer
IL-147-SW-CRP-001A,IL-147-SW-CRP,-88.743611,39.895694,BAU - Conventional,BAU,IL-147-SW-CRP-001A-1-111920,CROP,Till,Conventional,Conventionally managed field in a corn-soybean rotation with cover crops established prior to corn ,,Cripe,1,Illinois,Drummer,Illinois - Drummer,,,1000,11,l,Drummer
IL-019-SW-RTHRML-001A,IL-019-SW-RTHRML,-88.0238,39.9295,SHM - NT,SHM,IL-019-SW-RTHRML-001A-1-111820,CROP,No-till,NT,No-Till managed with corn-soybean rotations,,Rothermel,1,Illinois,Drummer,Illinois - Drummer,,,1007,11,scl,Drummer
IL-019-SW-RTHRML-004A,IL-019-SW-RTHRML,-88.027589,39.92541,SHM - NT,SHM,IL-019-SW-RTHRML-004A-1-111820,CROP,No-till,NT,No-Till managed with corn-soybean rotations,,Rothermel,4,Illinois,Flanagan,Illinois - Drummer,,,1006,11,sil,Drummer
KeCF3 - 1,KeCF3,-100.89697,39.9519869,SHM - no-till,SHM,KS-153-SW-101-1-0_5-2018,CROP,No-till,No-till - diverse rotation,"20 years+ of No-till with 100% residue post-harvest. Covercropping is not typical of the area due to high water holding capacities of the soils paired with low and highly variable annual precipitation.  He has found covercropping to be less efficient at recharging the soil profile than fallow, and has documented yield losses from cover cropping.  Kastens has done covercropping research since 2010, spending over $50,000 to reach this conclusion, thought they still do some small trials currently.  The crop rotation is diverse as it includes a winter grass, summer grass, and legume.  Wheat, corn, yellow peas represent a typical crop rotation. ",AG-CROP,,,KansasState,Keith,Kansas - Keith,fine-silty,Silt Loam,460,11,,
KeCF3 - 2,KeCF3,-100.8967806,39.9521612,SHM - no-till,SHM,KS-153-SW-102-1-0_5-2018,CROP,No-till,No-till - diverse rotation,"20 years+ of No-till with 100% residue post-harvest. Covercropping is not typical of the area due to high water holding capacities of the soils paired with low and highly variable annual precipitation.  He has found covercropping to be less efficient at recharging the soil profile than fallow, and has documented yield losses from cover cropping.  Kastens has done covercropping research since 2010, spending over $50,000 to reach this conclusion, thought they still do some small trials currently.  The crop rotation is diverse as it includes a winter grass, summer grass, and legume.  Wheat, corn, yellow peas represent a typical crop rotation. ",AG-CROP,,,KansasState,Keith,Kansas - Keith,fine-silty,Silt Loam,460,11,,
KeCF3 - 3,KeCF3,-100.8967806,39.9521612,SHM - no-till,SHM,KS-153-SW-103-1-0_5-2018,CROP,No-till,No-till - diverse rotation,"20 years+ of No-till with 100% residue post-harvest. Covercropping is not typical of the area due to high water holding capacities of the soils paired with low and highly variable annual precipitation.  He has found covercropping to be less efficient at recharging the soil profile than fallow, and has documented yield losses from cover cropping.  Kastens has done covercropping research since 2010, spending over $50,000 to reach this conclusion, thought they still do some small trials currently.  The crop rotation is diverse as it includes a winter grass, summer grass, and legume.  Wheat, corn, yellow peas represent a typical crop rotation. ",AG-CROP,,,KansasState,Keith,Kansas - Keith,fine-silty,Silt Loam,460,11,,
KeC3 - 1,KeC3,-100.868944,39.978288,BAU,BAU,KS-153-SW-104-1-0_5-2018,CROP,Till,Till converting to no-till,"Conventional tillage estimated at every two years until 2018, 2018 was first year of no-till.  Recently purchased fields.""Tillage Until 2018"" ",AG-CROP,,,KansasState,Keith,Kansas - Keith,fine-silty,Silt Loam,460,11,,
KeC3 - 2,KeC3,-100.868986,39.978452,BAU,BAU,KS-153-SW-105-1-0_5-2018,CROP,Till,Till converting to no-till,"Conventional tillage estimated at every two years until 2018, 2018 was first year of no-till.  Recently purchased fields.""Tillage Until 2018"" ",AG-CROP,,,KansasState,Keith,Kansas - Keith,fine-silty,Silt Loam,460,11,,
KeC3 - 3,KeC3,-100.8687585,39.9783659,BAU,BAU,KS-153-SW-106-1-0_5-2018,CROP,Till,Till converting to no-till,"Conventional tillage estimated at every two years until 2018, 2018 was first year of no-till.  Recently purchased fields.""Tillage Until 2018"" ",AG-CROP,,,KansasState,Keith,Kansas - Keith,fine-silty,Silt Loam,460,11,,
KeN3 - 1,KeN3,-100.8692162,39.9736474,Ref - Native,Ref,KS-153-SW-107-1-0_5-2018,RANGE,Perennial,Native Rangeland (>80years),"Native rangeland, never been tilled to his knowledge (over 80 years).  100-125 700lb steers to a 0.5mile x 1mile pasture",Reference,,,KansasState,Keith,Kansas - Keith,fine-silty,Silt Loam,460,11,,
KeN3 - 2,KeN3,-100.8692095,39.9739409,Ref - Native,Ref,KS-153-SW-108-1-0_5-2018,RANGE,Perennial,Native Rangeland (>80years),"Native rangeland, never been tilled to his knowledge (over 80 years).  100-125 700lb steers to a 0.5mile x 1mile pasture",Reference,,,KansasState,Keith,Kansas - Keith,fine-silty,Silt Loam,460,11,,
KeN3 - 3,KeN3,-100.8690184,39.9737363,Ref - Native,Ref,KS-153-SW-109-1-0_5-2018,RANGE,Perennial,Native Rangeland (>80years),"Native rangeland, never been tilled to his knowledge (over 80 years).  100-125 700lb steers to a 0.5mile x 1mile pasture",Reference,,,KansasState,Keith,Kansas - Keith,fine-silty,Silt Loam,460,11,,
KeCF1 - 1,KeCF1,-100.5431538,39.2447359,SHM - no-till,SHM,KS-179-SW-104-1-0_5-2018,CROP,No-till,"No-Till  with cover crop -  corn, oats, or wheat.","No-Till since 2001 with cover cropping.  Cover cropped every three years since 2006.  Typically planted to corn, oats, or wheat.",AG-CROP,,,KansasState,Keith,Kansas - Keith,fine-silty,Silt Loam,460,11,,
KeCF1 - 2,KeCF1,-100.5430643,39.2450134,SHM - no-till,SHM,KS-179-SW-105-1-0_10-2018,CROP,No-till,"No-Till  with cover crop -  corn, oats, or wheat.","No-Till since 2001 with cover cropping.  Cover cropped every three years since 2006.  Typically planted to corn, oats, or wheat.",AG-CROP,,,KansasState,Keith,Kansas - Keith,fine-silty,Silt Loam,460,11,,
KeCF1 - 3,KeCF1,-100.5427146,39.2447102,SHM - no-till,SHM,KS-179-SW-106-1-0_5-2018,CROP,No-till,"No-Till  with cover crop -  corn, oats, or wheat.","No-Till since 2001 with cover cropping.  Cover cropped every three years since 2006.  Typically planted to corn, oats, or wheat.",AG-CROP,,,KansasState,Keith,Kansas - Keith,fine-silty,Silt Loam,460,11,,
KeN1 - 1,KeN1,-100.56165,39.249205,Ref - Native,Ref,KS-179-SW-107-1-0_5-2018,RANGE,Perennial,Native Rangeland (>40 years),"Native rangeland, never been tilled to their knowledge (over 40 years)",Reference,,,KansasState,Keith,Kansas - Keith,fine-silty,Silt Loam,460,11,,
KeN1 - 2,KeN1,-100.56165,39.249205,Ref - Native,Ref,KS-179-SW-108-1-0_5-2018,RANGE,Perennial,Native Rangeland (>40 years),"Native rangeland, never been tilled to their knowledge (over 40 years)",Reference,,,KansasState,Keith,Kansas - Keith,fine-silty,Silt Loam,460,11,,
KeN1 - 3,KeN1,-100.56165,39.249205,Ref - Native,Ref,KS-179-SW-109-1-0_5-2018,RANGE,Perennial,Native Rangeland (>40 years),"Native rangeland, never been tilled to their knowledge (over 40 years)",Reference,,,KansasState,Keith,Kansas - Keith,fine-silty,Silt Loam,460,11,,
KeC1 - 1,KeC1,-100.557271,39.244626,BAU,BAU,KS-179-SW-110-1-0_5-2018,CROP,Till,Till with rotation (eco-fallow),"Eco-Fallow Rotation.  Summer fallow is reg tillage, driled to wheat, spray stubble after harvest.  No-till corn, then fallow. (Fallow is the tillage part and wheat stubble is cleaned) No disc, just a sweep plow",AG-CROP,,,KansasState,Keith,Kansas - Keith,fine-silty,Silt Loam,460,11,,
KeC1 - 2,KeC1,-100.557271,39.244626,BAU,BAU,KS-179-SW-111-1-0_5-2018,CROP,Till,Till with rotation (eco-fallow),"Eco-Fallow Rotation.  Summer fallow is reg tillage, driled to wheat, spray stubble after harvest.  No-till corn, then fallow. (Fallow is the tillage part and wheat stubble is cleaned) No disc, just a sweep plow",AG-CROP,,,KansasState,Keith,Kansas - Keith,fine-silty,Silt Loam,460,11,,
KeC1 - 3,KeC1,-100.557271,39.244626,BAU,BAU,KS-179-SW-112-1-0_5-2018,CROP,Till,Till with rotation (eco-fallow),"Eco-Fallow Rotation.  Summer fallow is reg tillage, driled to wheat, spray stubble after harvest.  No-till corn, then fallow. (Fallow is the tillage part and wheat stubble is cleaned) No disc, just a sweep plow",AG-CROP,,,KansasState,Keith,Kansas - Keith,fine-silty,Silt Loam,460,11,,
KeC2 - 1,KeC2,-101.0631493,39.3817794,BAU,BAU,KS-193-SW-101-1-0_5-2018,CROP,Till,Tilled once every 3 years.  Sorghum/wheat/corn,"Tilled once every 3 years.  Sorghum '15, tilled summer 2016, wheat '16, corn '18",AG-CROP,,,KansasState,Keith,Kansas - Keith,fine-silty,Silt Loam,460,11,,
KeC2 - 2,KeC2,-101.0632519,39.3815262,BAU,BAU,KS-193-SW-102-1-0_5-2018,CROP,Till,Tilled once every 3 years.  Sorghum/wheat/corn,"Tilled once every 3 years.  Sorghum '15, tilled summer 2016, wheat '16, corn '18",AG-CROP,,,KansasState,Keith,Kansas - Keith,fine-silty,Silt Loam,460,11,,
KeC2 - 3,KeC2,-101.0629297,39.3816973,BAU,BAU,KS-193-SW-103-1-0_5-2018,CROP,Till,Tilled once every 3 years.  Sorghum/wheat/corn,"Tilled once every 3 years.  Sorghum '15, tilled summer 2016, wheat '16, corn '18",AG-CROP,,,KansasState,Keith,Kansas - Keith,fine-silty,Silt Loam,460,11,,
KeN2 - 1,KeN2,-101.0636022,39.3843208,Ref - Native,Ref,KS-193-SW-104-1-0_5-2018,RANGE,Perennial,Native Rangeland - w 1 haying,"No knowledge of tillage in last 33+ years, occasional herbicide treatment for broadleaf, 1 cut of hay per year for last five years",AG-CROP,,,KansasState,Keith,Kansas - Keith,fine-silty,Silt Loam,460,11,,
KeN2 - 2,KeN2,-101.0636425,39.3840397,Ref - Native,Ref,KS-193-SW-105-1-0_5-2018,RANGE,Perennial,Native Rangeland - w 1 haying,"No knowledge of tillage in last 33+ years, occasional herbicide treatment for broadleaf, 1 cut of hay per year for last five years",AG-CROP,,,KansasState,Keith,Kansas - Keith,fine-silty,Silt Loam,460,11,,
KeN2 - 3,KeN2,-101.063449,39.384217,Ref - Native,Ref,KS-193-SW-106-1-0_5-2018R,RANGE,Perennial,Native Rangeland - w 1 haying,"No knowledge of tillage in last 33+ years, occasional herbicide treatment for broadleaf, 1 cut of hay per year for last five years",AG-CROP,,,KansasState,Keith,Kansas - Keith,fine-silty,Silt Loam,460,11,,
CeC1-2,CeC1,-78.68135,35.73571,BAU,BAU,NC-183-SWSHA-C1B-0_5-03192018,CROP,Till,wheat - 1,corn,AG-CROP,Lake Wheeler,b,NCState,Cecil ,NC State - Cecil,fine,sandy loam,1219,15,,
CeC1-3,CeC1,-78.68177,35.73594,BAU,BAU,NC-183-SWSHA-C1C-0_5-03192018,CROP,Till,wheat - 1,corn,AG-CROP,Lake Wheeler,c,NCState,Cecil ,NC State - Cecil,fine,sandy loam,1219,15,,
CeC1-1,CeC1,-78.6893,35.73547,BAU,BAU,NC-183-SWSHA-C1PIT-0_5-03192018,CROP,Till,wheat - 1,corn,AG-CROP,Lake Wheeler,a,NCState,Cecil ,NC State - Cecil,fine,sandy loam,1219,15,,
CeC2-1,CeC2,-78.67495,35.72791,BAU,BAU,NC-183-SWSHA-C2A-0_5-03232018,CROP,Till,wheat - 2,corn,AG-CROP,Lake Wheeler,a,NCState,Cecil ,NC State - Cecil,fine,sandy loam,1219,15,,
CeC2-2,CeC2,-78.67525,35.72765,BAU,BAU,NC-183-SWSHA-C2B-0_5-03232018,CROP,Till,wheat - 2,corn,AG-CROP,Lake Wheeler,b,NCState,Cecil ,NC State - Cecil,fine,sandy loam,1219,15,,
CeC2-3,CeC2,-78.67555,35.72739,BAU,BAU,NC-183-SWSHA-C2C-0_5-03232018,CROP,Till,wheat - 2,corn,AG-CROP,Lake Wheeler,c,NCState,Cecil ,NC State - Cecil,fine,sandy loam,1219,15,,
CeC3-1,CeC3,-78.67194,35.72451,BAU,BAU,NC-183-SWSHA-C3A-0_5-03232018,CROP,Till,wheat - 3,corn,AG-CROP,Lake Wheeler,a,NCState,Cecil ,NC State - Cecil,fine,sandy loam,1219,15,,
CeC3-2,CeC3,-78.67194,35.72481,BAU,BAU,NC-183-SWSHA-C3B-0_5-03232018,CROP,Till,wheat - 3,corn,AG-CROP,Lake Wheeler,b,NCState,Cecil ,NC State - Cecil,fine,sandy loam,1219,15,,
CeC3-3,CeC3,-78.67194,35.72511,BAU,BAU,NC-183-SWSHA-C3C-0_5-03232018,CROP,Till,wheat - 3,corn,AG-CROP,Lake Wheeler,c,NCState,Cecil ,NC State - Cecil,fine,sandy loam,1219,15,,
CeF3-2,CeF3,-78.66952,35.72619,Ref - Forest,Ref,NC-183-SWSHA-F3B-0_5-03232018,FOREST,Perennial,forest,forest,Reference,Lake Wheeler,b,NCState,Cecil ,NC State - Cecil,fine,sandy loam,1219,15,,
CeF3-1,CeF3,-78.66969,35.72612,Ref - Forest,Ref,NC-183-SWSHA-F3PIT-0_5R-03232018,FOREST,Perennial,forest,forest,Reference,Lake Wheeler,a,NCState,Cecil ,NC State - Cecil,fine,sandy loam,1219,15,,
#REF!,CeH1,-78.68048,35.73409,SHM - forage,SHM,NC-183-SWSHA-P1A-0_5-03192018,FORAGE,Perennial,hay 1,hay,AG-FORAGE,Lake Wheeler,a,NCState,Cecil ,NC State - Cecil,fine,sandy loam,1219,15,,
#REF!,CeH1,-78.68042,35.73443,SHM - forage,SHM,NC-183-SWSHA-P1B-0_5-03192018,FORAGE,Perennial,hay 1,hay,AG-FORAGE,Lake Wheeler,b,NCState,Cecil ,NC State - Cecil,fine,sandy loam,1219,15,,
#REF!,CeH1,-78.68036,35.73477,SHM - forage,SHM,NC-183-SWSHA-P1PIT-0_5-03192018,FORAGE,Perennial,hay 1,hay,AG-FORAGE,Lake Wheeler,c,NCState,Cecil ,NC State - Cecil,fine,sandy loam,1219,15,,
#REF!,CeH2,-78.67504,35.72877,SHM - forage,SHM,NC-183-SWSHA-P2A-0_5-03192018,FORAGE,Perennial,hay 2,hay,AG-FORAGE,Lake Wheeler,a,NCState,Cecil ,NC State - Cecil,fine,sandy loam,1219,15,,
#REF!,CeH2,-78.67478,35.72871,SHM - forage,SHM,NC-183-SWSHA-P2B-0_5-03192018,FORAGE,Perennial,hay 2,hay,AG-FORAGE,Lake Wheeler,b,NCState,Cecil ,NC State - Cecil,fine,sandy loam,1219,15,,
#REF!,CeH2,-78.67452,35.72865,SHM - forage,SHM,NC-183-SWSHA-P2C-0_5-03192018,FORAGE,Perennial,hay 2,hay,AG-FORAGE,Lake Wheeler,c,NCState,Cecil ,NC State - Cecil,fine,sandy loam,1219,15,,
#REF!,CeH3,-78.67191,35.73246,SHM - forage,SHM,NC-183-SWSHA-P3A-0_5-03192018,FORAGE,Perennial,hay 3,hay,AG-FORAGE,Lake Wheeler,a,NCState,Cecil ,NC State - Cecil,fine,sandy loam,1219,15,,
#REF!,CeH3,-78.67204,35.73285,SHM - forage,SHM,NC-183-SWSHA-P3B-0_5-03192018,FORAGE,Perennial,hay 3,hay,AG-FORAGE,Lake Wheeler,b,NCState,Cecil ,NC State - Cecil,fine,sandy loam,1219,15,,
#REF!,CeH3,-78.67215,35.73325,SHM - forage,SHM,NC-183-SWSHA-P3C-0_5-03192018,FORAGE,Perennial,hay 3,hay,AG-FORAGE,Lake Wheeler,c,NCState,Cecil ,NC State - Cecil,fine,sandy loam,1219,15,,
JoF1 - 1,JoF1,-123.2972812,44.6361175,Ref - Forest,Ref,OR-003-SW-001A-WV0001-042419,FOREST,Perennial,Forest,"Douglas fir trees 25-30 years old, McDonald Dunn Research Forest at Lewisburg Saddle. ",,OSU1,1,OregonState,,Oregon State - Jory,sic,SiCL,1425,11,sic,Jory
JoF1 - 2,JoF1,-123.2973802,44.6362175,Ref - Forest,Ref,OR-003-SW-001B-WV0006-042419,FOREST,Perennial,Forest,"Douglas fir trees 25-30 years old, McDonald Dunn Research Forest at Lewisburg Saddle. ",,OSU1,2,OregonState,,Oregon State - Jory,c,,1425,11,,Jory
JoF1 - 3,JoF1,-123.2974823,44.6358175,Ref - Forest,Ref,OR-003-SW-001C-WV0011-042419,FOREST,Perennial,Forest,"Douglas fir trees 25-30 years old, McDonald Dunn Research Forest at Lewisburg Saddle. ",,OSU1,3,OregonState,,Oregon State - Jory,c,,1425,11,,Jory
JoF2 - 1,JoF2,-123.355451,44.918413,Ref - Forest,Ref,OR-053-SW-002A-WV0016-051319,FOREST,Perennial,Forest,Douglas fir trees were last harvested 25 years ago,,OSU2,1,OregonState,,Oregon State - Jory,sic,SiCL,1397,11,sicl,Jory
JoF2 - 2,JoF2,-123.355551,44.918544,Ref - Forest,Ref,OR-053-SW-002B-WV0021-051319,FOREST,Perennial,Forest,Douglas fir trees were last harvested 25 years ago,,OSU2,2,OregonState,,Oregon State - Jory,sic,,1397,11,,Jory
JoF2 - 3,JoF2,-123.355451,44.918514,Ref - Forest,Ref,OR-053-SW-002C-WV0026-051319,FOREST,Perennial,Forest,Douglas fir trees were last harvested 25 years ago,,OSU2,3,OregonState,,Oregon State - Jory,sic,,1397,11,,Jory
WoNT1 - 1,WoNT1,-123.27097,44.737333,SHM - No-till,SHM,OR-053-SW-003A-WV0031-052019,CROP,No-till,No-till,Perennial rye grass planted in 2014 and not tilled since then. Grower reported irrigating approximately 2x per season. ,,OSU3,1,OregonState,,Oregon State - Woodburn,sil,SiL,1116,12,sil,Woodburn
WoNT1 - 2,WoNT1,-123.27107,44.737333,SHM - No-till,SHM,OR-053-SW-003B-WV0037-052019,CROP,No-till,No-till,Perennial rye grass planted in 2014 and not tilled since then. Grower reported irrigating approximately 2x per season. ,,OSU3,2,OregonState,,Oregon State - Woodburn,sil,,1116,12,,Woodburn
WoNT1 - 3,WoNT1,-123.27077,44.737633,SHM - No-till,SHM,OR-053-SW-003C-WV0043-052019,CROP,No-till,No-till,Perennial rye grass planted in 2014 and not tilled since then. Grower reported irrigating approximately 2x per season. ,,OSU3,3,OregonState,,Oregon State - Woodburn,sil,,1123,12,,Woodburn
JoV1 - 1,JoV1,-123.07116,45.24882,SHM - Vineyard,SHM,OR-071-SW-004A-WV0049-052119,CROP,Conservation,Vineyard,Rootstock was established over 10 years ago. Grasses and forbs are grown in rows in between as a cover crop; light discing occurs periodically but not annually.,,OSU4,1,OregonState,,Oregon State - Jory,sicl,SiL,1224,11,sicl,Jory
JoV1 - 2,JoV1,-123.07126,45.24882,SHM - Vineyard,SHM,OR-071-SW-004B-WV0055-052119,CROP,Conservation,Vineyard,Rootstock was established over 10 years ago. Grasses and forbs are grown in rows in between as a cover crop; light discing occurs periodically but not annually.,,OSU4,2,OregonState,,Oregon State - Jory,sicl,,1224,11,,Jory
JoV1 - 3,JoV1,-123.07096,45.24912,SHM - Vineyard,SHM,OR-071-SW-004C-WV0061-052119,CROP,Conservation,Vineyard,Rootstock was established over 10 years ago. Grasses and forbs are grown in rows in between as a cover crop; light discing occurs periodically but not annually.,,OSU4,3,OregonState,,Oregon State - Jory,sicl,,1224,11,,Jory
WoH1 - 1,WoH1,-122.96961,45.2279,Ref - Hazelnut,Ref,OR-047-SW-005A-WV0067-052219,ORCHARD,Perennial,Hazelnut,"Hazelnut orchard is about 30 years old, no ground cover evident. No tillage occurs now, but heavy equipment is often driven over the surface, especially for harvest.",,OSU5,1,OregonState,,Oregon State - Woodburn,sil,SiL,1085,12,sil,Woodburn
WoH1 - 2,WoH1,-122.96961,45.2278,Ref - Hazelnut,Ref,OR-047-SW-005B-WV0073-052219,ORCHARD,Perennial,Hazelnut,"Hazelnut orchard is about 30 years old, no ground cover evident. No tillage occurs now, but heavy equipment is often driven over the surface, especially for harvest.",,OSU5,2,OregonState,,Oregon State - Woodburn,sil,,1085,12,,Woodburn
WoH1 - 3,WoH1,-122.96981,45.2279,Ref - Hazelnut,Ref,OR-047-SW-005C-WV0079-052219,ORCHARD,Perennial,Hazelnut,"Hazelnut orchard is about 30 years old, no ground cover evident. No tillage occurs now, but heavy equipment is often driven over the surface, especially for harvest.",,OSU5,3,OregonState,,Oregon State - Woodburn,sil,,1085,12,,Woodburn
WoCT1 - 1,WoCT1,-122.964818,45.231102,BAU - Conventional till,BAU,OR-047-SW-006A-WV0085-052219,CROP,Till,Conventional till,"Perennial ryegrass, tilled regularly (~2-3 years) to a depth of ~12 inches (30 cm)",,OSU6,1,OregonState,,Oregon State - Woodburn,sil,SiL,1084,12,sil,Woodburn
WoCT1 - 2,WoCT1,-122.964718,45.231202,BAU - Conventional till,BAU,OR-047-SW-006B-WV0092-052219,CROP,Till,Conventional till,"Perennial ryegrass, tilled regularly (~2-3 years) to a depth of ~12 inches (30 cm)",,OSU6,2,OregonState,,Oregon State - Woodburn,sil,,1084,12,,Woodburn
WoCT1 - 3,WoCT1,-122.964618,45.231402,BAU - Conventional till,BAU,OR-047-SW-006C-WV0099-052219,CROP,Till,Conventional till,"Perennial ryegrass, tilled regularly (~2-3 years) to a depth of ~12 inches (30 cm)",,OSU6,3,OregonState,,Oregon State - Woodburn,sil,,1084,12,,Woodburn
WoNT2 - 1,WoNT2,-123.21367,45.07067,SHM - No-till,SHM,OR-053-SW-007A-WV0106-052819,GRASS,No-till,No-till,"Orchard grass, 18 years with no tillage. ",,OSU7,1,OregonState,,Oregon State - Woodburn,sil,SiCL,1121,12,sil,Woodburn
WoNT2 - 2,WoNT2,-123.21377,45.07057,SHM - No-till,SHM,OR-053-SW-007B-WV0112-052819,GRASS,No-till,No-till,"Orchard grass, 18 years with no tillage. ",,OSU7,2,OregonState,,Oregon State - Woodburn,sil,,1121,12,,Woodburn
WoNT2 - 3,WoNT2,-123.21387,45.07097,SHM - No-till,SHM,OR-053-SW-007C-WV0118-052819,GRASS,No-till,No-till,"Orchard grass, 18 years with no tillage. ",,OSU7,3,OregonState,,Oregon State - Woodburn,sil,,1120,12,,Woodburn
WoH2 - 1,WoH2,-123.213416,45.074334,Ref - Hazelnut,Ref,OR-053-SW-008A-WV0124-052819,ORCHARD,Perennial,Hazelnut,"Mature hazelnut orchard, about 25 years old",,OSU8,1,OregonState,,Oregon State - Woodburn,sil,SiL,1120,12,sil,Woodburn
WoH2 - 2,WoH2,-123.213516,45.074334,Ref - Hazelnut,Ref,OR-053-SW-008B-WV0129-052819,ORCHARD,Perennial,Hazelnut,"Mature hazelnut orchard, about 25 years old",,OSU8,2,OregonState,,Oregon State - Woodburn,sil,,1120,12,,Woodburn
WoH2 - 3,WoH2,-123.213616,45.074334,Ref - Hazelnut,Ref,OR-053-SW-008C-WV0134-052819,ORCHARD,Perennial,Hazelnut,"Mature hazelnut orchard, about 25 years old",,OSU8,3,OregonState,,Oregon State - Woodburn,sil,,1120,12,,Woodburn
JoXT1 - 1,JoXT1,-123.33523,44.4319,BAU - Christmas tree,BAU,OR-003-SW-009A-WV0139-052919,CROP,Till,Christmas tree,"2-year-old Noble Fir trees planted one year ago. Site has been in Christmas trees since 1955. Used to rototill between rotations, but now limit tillage to some light discing. Left fallow for the summer before planting this crop, and some Sudan grass planted for a year before that. ",,OSU9,1,OregonState,,Oregon State - Jory,c,SiL,1112,11,sic,Jory
JoXT1 - 2,JoXT1,-123.33533,44.4318,BAU - Christmas tree,BAU,OR-003-SW-009B-WV0145-052919,CROP,Till,Christmas tree,"2-year-old Noble Fir trees planted one year ago. Site has been in Christmas trees since 1955. Used to rototill between rotations, but now limit tillage to some light discing. Left fallow for the summer before planting this crop, and some Sudan grass planted for a year before that. ",,OSU9,2,OregonState,,Oregon State - Jory,sic,,1112,11,,Jory
JoXT1 - 3,JoXT1,-123.33503,44.4316,BAU - Christmas tree,BAU,OR-003-SW-009C-WV-0151-052919,CROP,Till,Christmas tree,"2-year-old Noble Fir trees planted one year ago. Site has been in Christmas trees since 1955. Used to rototill between rotations, but now limit tillage to some light discing. Left fallow for the summer before planting this crop, and some Sudan grass planted for a year before that. ",,OSU9,3,OregonState,,Oregon State - Jory,sic,,1112,11,,Jory
JoF3 - 1,JoF3,-123.41895,44.74261,Ref - Forest,Ref,OR-053-SW-010A-WV-0157-053119,FOREST,Perennial,Forest,"Weyerhauser 2nd growth timber, 24 years old. Minimally managed",,OSU10,1,OregonState,,Oregon State - Jory,sicl,SiL,1513,11,cl,Jory
JoF3 - 2,JoF3,-123.41905,44.74261,Ref - Forest,Ref,OR-053-SW-010B-WV-0162-053119,FOREST,Perennial,Forest,"Weyerhauser 2nd growth timber, 24 years old. Minimally managed",,OSU10,2,OregonState,,Oregon State - Jory,cl,,1513,11,,Jory
JoF3 - 3,JoF3,-123.41875,44.74261,Ref - Forest,Ref,OR-053-SW-010C-WV-0167-053119,FOREST,Perennial,Forest,"Weyerhauser 2nd growth timber, 24 years old. Minimally managed",,OSU10,3,OregonState,,Oregon State - Jory,sicl,,1513,11,,Jory
JoV2 - 1,JoV2,-123.049801,45.251054,SHM - Vineyard,SHM,OR-071-SW-011A-WV-0172-061119,CROP,Conservation,Vineyard,"18 years with same vines, ~1200/acre, 7’ spacing, all pinot noir. Planted to wheat and cherry beforehand. Disced and rototilled in early 2019 due to excessive voles, to about 2-4” in depth. Sprayed on 6/10 with micronized sulfur and a bacillus-based mold treatment. No irrigation at this site.",,OSU11,1,OregonState,,Oregon State - Jory,sil,SiL,1187,12,sil,Jory
JoV2 - 2,JoV2,-123.049901,45.250954,SHM - Vineyard,SHM,OR-071-SW-011B-WV-0178-061119,CROP,Conservation,Vineyard,"18 years with same vines, ~1200/acre, 7’ spacing, all pinot noir. Planted to wheat and cherry beforehand. Disced and rototilled in early 2019 due to excessive voles, to about 2-4” in depth. Sprayed on 6/10 with micronized sulfur and a bacillus-based mold treatment. No irrigation at this site.",,OSU11,2,OregonState,,Oregon State - Jory,sil,,1187,12,,Jory
JoV2 - 3,JoV2,-123.049601,45.251354,SHM - Vineyard,SHM,OR-071-SW-011C-WV-0184-061119,CROP,Conservation,Vineyard,"18 years with same vines, ~1200/acre, 7’ spacing, all pinot noir. Planted to wheat and cherry beforehand. Disced and rototilled in early 2019 due to excessive voles, to about 2-4” in depth. Sprayed on 6/10 with micronized sulfur and a bacillus-based mold treatment. No irrigation at this site.",,OSU11,3,OregonState,,Oregon State - Jory,sil,,1187,12,,Jory
JoXT2 - 1,JoXT2,-123.13708,45.04997,BAU - Christmas tree,BAU,OR-053-SW-012A-WV-0187-062819,CROP,Till,Christmas tree,"9 years planted in noble fir. Prior to planting, was tilled to 25 cm, limed, and left fallow for 1 year with a sudangrass cover crop.",,OSU12,1,OregonState,,Oregon State - Jory,sicl,SiL,1310,11,sicl,Jory
JoXT2 - 2,JoXT2,-123.13718,45.04987,BAU - Christmas tree,BAU,OR-053-SW-012B-WV-0193-062819,CROP,Till,Christmas tree,"9 years planted in noble fir. Prior to planting, was tilled to 25 cm, limed, and left fallow for 1 year with a sudangrass cover crop.",,OSU12,2,OregonState,,Oregon State - Jory,sicl,,1310,11,,Jory
JoXT2 - 3,JoXT2,-123.13688,45.04997,BAU - Christmas tree,BAU,OR-053-SW-012C-WV-0199-062819,CROP,Till,Christmas tree,"9 years planted in noble fir. Prior to planting, was tilled to 25 cm, limed, and left fallow for 1 year with a sudangrass cover crop.",,OSU12,3,OregonState,,Oregon State - Jory,sic,,1310,11,,Jory
JoXT3 - 1,JoXT3,-122.90909,44.910377,BAU - Christmas tree,BAU,OR-047-SW-013A-WV-0205-070119,CROP,Till,Christmas tree,"Property bought in 2015 by landowner, planted in noble fir in 2016 at the location of the pit. Some grand fir and Douglas-fir observed in other parts of plot.",,OSU13,1,OregonState,,Oregon State - Jory,cl,SiL,1207,12,cl,Jory
JoXT3 - 2,JoXT3,-122.90899,44.910277,BAU - Christmas tree,BAU,OR-047-SW-013B-WV-0210-070119,CROP,Till,Christmas tree,"Property bought in 2015 by landowner, planted in noble fir in 2016 at the location of the pit. Some grand fir and Douglas-fir observed in other parts of plot.",,OSU13,2,OregonState,,Oregon State - Jory,cl,,1207,12,,Jory
JoXT3 - 3,JoXT3,-122.90889,44.910077,BAU - Christmas tree,BAU,OR-047-SW-013C-WV-0215-070119,CROP,Till,Christmas tree,"Property bought in 2015 by landowner, planted in noble fir in 2016 at the location of the pit. Some grand fir and Douglas-fir observed in other parts of plot.",,OSU13,3,OregonState,,Oregon State - Jory,c,,1207,12,,Jory
JoV3 - 1,JoV3,-123.130763,45.037101,SHM - Vineyard,SHM,OR-053-SW-014A-WV-0220-070819,CROP,Conservation,Vineyard,"Pinot noir plot with 1210 vines/acre, planted in 2006. Disced to ~10 cm annually, planted with cover crop to stress vines. Every 8th row planted with wildflowers to attract pollinators.",,OSU14,1,OregonState,,Oregon State - Jory,sicl,L,1209,11,sicl,Jory
JoV3 - 2,JoV3,-123.130863,45.037201,SHM - Vineyard,SHM,OR-053-SW-014B-WV-0225-070819,CROP,Conservation,Vineyard,"Pinot noir plot with 1210 vines/acre, planted in 2006. Disced to ~10 cm annually, planted with cover crop to stress vines. Every 8th row planted with wildflowers to attract pollinators.",,OSU14,2,OregonState,,Oregon State - Jory,sicl,,1209,11,,Jory
JoV3 - 3,JoV3,-123.130563,45.037101,SHM - Vineyard,SHM,OR-053-SW-014C-WV-0230-070819,CROP,Conservation,Vineyard,"Pinot noir plot with 1210 vines/acre, planted in 2006. Disced to ~10 cm annually, planted with cover crop to stress vines. Every 8th row planted with wildflowers to attract pollinators.",,OSU14,3,OregonState,,Oregon State - Jory,sicl,,1209,11,,Jory
WoH3 - 1,WoH3,-122.86279,44.94845,Ref - Hazelnut,Ref,OR-047-SW-015A-WV-0235-070919,ORCHARD,Perennial,Hazelnut,"Hazelnut orchard planted in 1976. The understory was completely depauperate, partially due to periodic spraying for weeds. There were some trees affected by hazelnut blight, and the orchard was treated with lime in 2014",,OSU15,1,OregonState,,Oregon State - Woodburn,sil,SiL,1131,12,sil,Woodburn
WoH3 - 2,WoH3,-122.86289,44.94855,Ref - Hazelnut,Ref,OR-047-SW-015B-WV0240-070919,ORCHARD,Perennial,Hazelnut,"Hazelnut orchard planted in 1976. The understory was completely depauperate, partially due to periodic spraying for weeds. There were some trees affected by hazelnut blight, and the orchard was treated with lime in 2015",,OSU15,2,OregonState,,Oregon State - Woodburn,sil,,1131,12,,Woodburn
WoH3 - 3,WoH3,-122.86259,44.94815,Ref - Hazelnut,Ref,OR-047-SW-015C-WV0245-070919,ORCHARD,Perennial,Hazelnut,"Hazelnut orchard planted in 1976. The understory was completely depauperate, partially due to periodic spraying for weeds. There were some trees affected by hazelnut blight, and the orchard was treated with lime in 2016",,OSU15,3,OregonState,,Oregon State - Woodburn,sil,,1131,12,,Woodburn
WoCT2 - 1,WoCT2,-122.842842,45.014134,BAU - Conventional till,BAU,OR-047-SW-016A-WV0250-071519,CROP,Till,Conventional till,"Perennial ryegrass, planted in 2016. It was planted to onions beforehand. The ryegrass typically stays in for 3 years.  Then the grower row crops the ground for 2-3 years, and the max depth they reach is 18”.",,OSU16,1,OregonState,,Oregon State - Woodburn,sil,SiL,1114,12,sil,Woodburn
WoCT2 - 2,WoCT2,-122.842742,45.014034,BAU - Conventional till,BAU,OR-047-SW-016B-WV0255-071519,CROP,Till,Conventional till,"Perennial ryegrass, planted in 2016. It was planted to onions beforehand. The ryegrass typically stays in for 3 years.  Then the grower row crops the ground for 2-3 years, and the max depth they reach is 18”.",,OSU16,2,OregonState,,Oregon State - Woodburn,sil,,1114,12,,Woodburn
WoCT2 - 3,WoCT2,-122.843042,45.013834,BAU - Conventional till,BAU,OR-047-SW-016C-WV0260-071519,CROP,Till,Conventional till,"Perennial ryegrass, planted in 2016. It was planted to onions beforehand. The ryegrass typically stays in for 3 years.  Then the grower row crops the ground for 2-3 years, and the max depth they reach is 18”.",,OSU16,3,OregonState,,Oregon State - Woodburn,sil,,1114,12,,Woodburn
WoCT3 - 1,WoCT3,-123.06167,45.1251,BAU - Conventional till,BAU,OR-047-SW-017A-WV0265-071519,CROP,Till,Conventional till,Perennial ryegrass field planted in 2016. Tilled to corn and peas beforehand.,,OSU17,1,OregonState,,Oregon State - Woodburn,sil,SiL,1085,12,sil,Woodburn
WoCT3 - 2,WoCT3,-123.06201,45.1251,BAU - Conventional till,BAU,OR-047-SW-017B-WV0270-071519,CROP,Till,Conventional till,Perennial ryegrass field planted in 2016. Tilled to corn and peas beforehand.,,OSU17,2,OregonState,,Oregon State - Woodburn,sil,,1085,12,,Woodburn
WoCT3 - 3,WoCT3,-123.06134,45.1248,BAU - Conventional till,BAU,OR-071-SW-017C-WV0275-071619,CROP,Till,Conventional till,Perennial ryegrass field planted in 2016. Tilled to corn and peas beforehand.,,OSU17,3,OregonState,,Oregon State - Woodburn,sil,,1085,12,,Woodburn
WoNT3 - 1,WoNT3,-122.856544,44.950981,SHM - No-till,SHM,OR-047-SW-018A-WV0280-072619,CROP,No-till,No-till,"Planted in 2012 to tall fescue, per the farmer. He also indicates that the field is non-irrigated and that they take extra care to reduce disturbance to the soil whenever possible.",,OSU18,1,OregonState,,Oregon State - Woodburn,sil,SiL,1139,12,sil,Woodburn
WoNT3 - 2,WoNT3,-122.856644,44.950981,SHM - No-till,SHM,OR-047-SW-018B-WV0285-072619,CROP,No-till,No-till,"Planted in 2012 to tall fescue, per the farmer. He also indicates that the field is non-irrigated and that they take extra care to reduce disturbance to the soil whenever possible.",,OSU18,2,OregonState,,Oregon State - Woodburn,sil,,1139,12,,Woodburn
WoNT3 - 3,WoNT3,-122.856744,44.950981,SHM - No-till,SHM,OR-047-SW-018C-WV0290-072619,CROP,No-till,No-till,"Planted in 2012 to tall fescue, per the farmer. He also indicates that the field is non-irrigated and that they take extra care to reduce disturbance to the soil whenever possible.",,OSU18,3,OregonState,,Oregon State - Woodburn,sil,,1139,12,,Woodburn
NAT-1 - 1,NAT-1,-102.406408,32.060626,Ref - Native,Ref,TX-445-SW-NAT-R1-0_5-05302018,GRASS,Perennial,Rangland,NAT,Reference,Wellman,1,TexasA&MPt-1,Amarillo,Texas A&M- Amarillo,fine loamy,fine sandy loam,483,16,sandy loam,
NAT-2 - 2,NAT-2,-102.406791,33.059817,Ref - Native,Ref,TX-445-SW-NAT-R2-0_5-05302018,GRASS,Perennial,Rangland,NAT,Reference,Wellman,2,TexasA&MPt-1,Amarillo,Texas A&M- Amarillo,fine loamy,fine sandy loam,483,16,,
NAT-3 - 3,NAT-3,-102.406186,33.060119,Ref - Native,Ref,TX-445-SW-NAT-R3-0_5-05302018,GRASS,Perennial,Rangland,NAT,Reference,Wellman,3,TexasA&MPt-1,Amarillo,Texas A&M- Amarillo,fine loamy,fine sandy loam,483,16,,
CVT - 1 - 1,CVT - 1,-101.9472,32.774177,BAU,BAU,TX-115-SWSHA-P1-R1A-0_5-06012018,CROP,Till,Conv Till - 1,CT,AG-CROP,Lamesa,a,TexasA&MPt-1,Amarillo,Texas A&M- Amarillo,fine loamy,fine sandy loam,483,16,,
CVT - 1 - 2,CVT - 1,-101.9472,32.774177,BAU,BAU,TX-115-SWSHA-P1-R1B-0_5-06012018,CROP,Till,Conv Till - 1,CT,AG-CROP,Lamesa,b,TexasA&MPt-1,Amarillo,Texas A&M- Amarillo,fine loamy,fine sandy loam,483,16,,
CVT - 1 - 3,CVT - 1,-101.9472,32.774177,BAU,BAU,TX-115-SWSHA-P1-R1C-0_5-06012018,CROP,Till,Conv Till - 1,CT,AG-CROP,Lamesa,c,TexasA&MPt-1,Amarillo,Texas A&M- Amarillo,fine loamy,fine sandy loam,483,16,,
NTR - 1 - 1,NTR - 1,-101.947399,32.775007,SHM - no-till,SHM,TX-115-SWSHA-P2-R1A-0_5-06012018,CROP,Till,No Till - Rye - 1,RNT,AG-CROP,Lamesa,a,TexasA&MPt-1,Amarillo,Texas A&M- Amarillo,fine loamy,fine sandy loam,483,16,,
NTR - 1 - 1,NTR - 1,-101.947399,32.775007,SHM - no-till,SHM,TX-115-SWSHA-P2-R1B-0_5-06012018,CROP,Till,No Till - Rye - 1,RNT,AG-CROP,Lamesa,b,TexasA&MPt-1,Amarillo,Texas A&M- Amarillo,fine loamy,fine sandy loam,483,16,,
NTR - 1 - 3,NTR - 1,-101.947399,32.775007,SHM - no-till,SHM,TX-115-SWSHA-P2-R1C-0_5-06012018,CROP,Till,No Till - Rye - 1,RNT,AG-CROP,Lamesa,c,TexasA&MPt-1,Amarillo,Texas A&M- Amarillo,fine loamy,fine sandy loam,483,16,,
NTM - 1 - 1,NTM - 1,-101.946881,32.774275,SHM - no-till,SHM,TX-115-SWSHA-P3-R1A-0_5-06012018,CROP,Till,No Till - Mixed - 1,MNT,AG-CROP,Lamesa,a,TexasA&MPt-1,Amarillo,Texas A&M- Amarillo,fine loamy,fine sandy loam,483,16,,
NTM - 1 - 2,NTM - 1,-101.946881,32.774275,SHM - no-till,SHM,TX-115-SWSHA-P3-R1B-0_5-06012018,CROP,Till,No Till - Mixed - 1,MNT,AG-CROP,Lamesa,b,TexasA&MPt-1,Amarillo,Texas A&M- Amarillo,fine loamy,fine sandy loam,483,16,,
NTM - 1 - 3,NTM - 1,-101.946881,32.774275,SHM - no-till,SHM,,CROP,Till,No Till - Mixed - 1,MNT,AG-CROP,Lamesa,c,TexasA&MPt-1,Amarillo,Texas A&M- Amarillo,fine loamy,fine sandy loam,483,16,,
NTR - 2 - 1,NTR - 2,-101.947399,32.775007,SHM - no-till,SHM,TX-115-SWSHA-P4-R2A-0_5-06012018,CROP,Till,No Till - Rye - 2,RNT,AG-CROP,Lamesa,a,TexasA&MPt-1,Amarillo,Texas A&M- Amarillo,fine loamy,fine sandy loam,483,16,,
NTR - 2 - 2,NTR - 2,-101.947399,32.775007,SHM - no-till,SHM,TX-115-SWSHA-P4-R2B-0_5-06012018,CROP,Till,No Till - Rye - 2,RNT,AG-CROP,Lamesa,b,TexasA&MPt-1,Amarillo,Texas A&M- Amarillo,fine loamy,fine sandy loam,483,16,,
NTR - 2 - 3,NTR - 2,-101.947399,32.775007,SHM - no-till,SHM,TX-115-SWSHA-P4-R2C-0_5-06012018,CROP,Till,No Till - Rye - 2,RNT,AG-CROP,Lamesa,c,TexasA&MPt-1,Amarillo,Texas A&M- Amarillo,fine loamy,fine sandy loam,483,16,,
NTM - 2 - 1,NTM - 2,-101.947229,32.775004,SHM - no-till,SHM,TX-115-SWSHA-P5-R2A-0_5-06012018,CROP,Till,No Till - Mixed - 2,MNT,AG-CROP,Lamesa,a,TexasA&MPt-1,Amarillo,Texas A&M- Amarillo,fine loamy,fine sandy loam,483,16,,
NTM - 2 - 2,NTM - 2,-101.947229,32.775004,SHM - no-till,SHM,TX-115-SWSHA-P5-R2B-0_5-06012018,CROP,Till,No Till - Mixed - 2,MNT,AG-CROP,Lamesa,b,TexasA&MPt-1,Amarillo,Texas A&M- Amarillo,fine loamy,fine sandy loam,483,16,,
NTM - 2 - 3,NTM - 2,-101.947229,32.775004,SHM - no-till,SHM,TX-115-SWSHA-P5-R2C-0_5-06012018,CROP,Till,No Till - Mixed - 2,MNT,AG-CROP,Lamesa,c,TexasA&MPt-1,Amarillo,Texas A&M- Amarillo,fine loamy,fine sandy loam,483,16,,
CVT - 2 - 1,CVT - 2,-101.947051,32.774988,BAU,BAU,TX-115-SWSHA-P6-R2A-0_5-06012018,CROP,Till,Conv Till - 2,CT,AG-CROP,Lamesa,a,TexasA&MPt-1,Amarillo,Texas A&M- Amarillo,fine loamy,fine sandy loam,483,16,,
CVT - 2 - 2,CVT - 2,-101.947051,32.774988,BAU,BAU,TX-115-SWSHA-P6-R2B-0_5-06012018,CROP,Till,Conv Till - 2,CT,AG-CROP,Lamesa,b,TexasA&MPt-1,Amarillo,Texas A&M- Amarillo,fine loamy,fine sandy loam,483,16,,
CVT - 2 - 3,CVT - 2,-101.947051,32.774988,BAU,BAU,TX-115-SW-P6-R2C-0_5-06012018,CROP,Till,Conv Till - 2,CT,AG-CROP,Lamesa,c,TexasA&MPt-1,Amarillo,Texas A&M- Amarillo,fine loamy,fine sandy loam,483,16,,
NTM-3 - 1,NTM-3,-101.94738,32.775739,SHM - no-till,SHM,TX-115-SW-P7-R3A-0_5-05312018,CROP,Till,No Till - Mixed - 3,MNT,AG-CROP,Lamesa,a,TexasA&MPt-1,Amarillo,Texas A&M- Amarillo,fine loamy,fine sandy loam,483,16,,
NTM-3 - 2,NTM-3,-101.94738,32.775739,SHM - no-till,SHM,TX-115-SW-P7-R3B-0_5-05312018,CROP,Till,No Till - Mixed - 3,MNT,AG-CROP,Lamesa,b,TexasA&MPt-1,Amarillo,Texas A&M- Amarillo,fine loamy,fine sandy loam,483,16,,
NTM-3 - 3,NTM-3,-101.94738,32.775739,SHM - no-till,SHM,TX-115-SW-P7-R3C-0_5-05312018,CROP,Till,No Till - Mixed - 3,MNT,AG-CROP,Lamesa,c,TexasA&MPt-1,Amarillo,Texas A&M- Amarillo,fine loamy,fine sandy loam,483,16,,
CVT - 3 - 1,CVT - 3,-101.947185,32.775734,BAU,BAU,TX-115-SW-P8-R3A-0_5-05312018,CROP,Till,Conv Till - 3,CT,AG-CROP,Lamesa,a,TexasA&MPt-1,Amarillo,Texas A&M- Amarillo,fine loamy,fine sandy loam,483,16,,
CVT - 3 - 2,CVT - 3,-101.947185,32.775734,BAU,BAU,TX-115-SW-P8-R3B-0_5-05312018,CROP,Till,Conv Till - 3,CT,AG-CROP,Lamesa,b,TexasA&MPt-1,Amarillo,Texas A&M- Amarillo,fine loamy,fine sandy loam,483,16,,
CVT - 3 - 3,CVT - 3,-101.947185,32.775734,BAU,BAU,TX-115-SW-P8-R3C-0_5-05312018,CROP,Till,Conv Till - 3,CT,AG-CROP,Lamesa,c,TexasA&MPt-1,Amarillo,Texas A&M- Amarillo,fine loamy,fine sandy loam,483,16,,
NTR -  - 1,NTR - ,-101.947009,32.775683,SHM - no-till,SHM,TX-115-SW-P9-R3A-0_5-05312018,CROP,Till,No Till - Rye - 3,RNT,AG-CROP,Lamesa,a,TexasA&MPt-1,Amarillo,Texas A&M- Amarillo,fine loamy,fine sandy loam,483,16,,
NTR -  - 2,NTR - ,-101.947009,32.775683,SHM - no-till,SHM,TX-115-SW-P9-R3B-0_5-05312018,CROP,Till,No Till - Rye - 3,RNT,AG-CROP,Lamesa,b,TexasA&MPt-1,Amarillo,Texas A&M- Amarillo,fine loamy,fine sandy loam,483,16,,
NTR -  - 3,NTR - ,-101.947009,32.775683,SHM - no-till,SHM,TX-115-SW-P9-R3C-0_5-05312018,CROP,Till,No Till - Rye - 3,RNT,AG-CROP,Lamesa,c,TexasA&MPt-1,Amarillo,Texas A&M- Amarillo,fine loamy,fine sandy loam,483,16,,
R-1-1,R-1,-102.093806,35.18025,Ref - Native,Ref,TX-375-SWSHA-01-A-05152018,FORAGE,Perennial,Native Rangeland,Native,Reference,,,TexasA&MPt-2,Pullman,Texas A&M- Pullman,fine,clay loam,483,16,sil,
MT-1-1,MT-1,-102.093806,35.18025,BAU,BAU,TX-375-SWSHA-10-A-05152018,CROP,Till, Mulch tillage fallow after sorghum , Mulch tillage fallow after sorghum ,AG-CROP,,,TexasA&MPt-2,Pullman,Texas A&M- Pullman,fine,clay loam,483,16,sil,
MT-1-2,MT-1,-102.093806,35.18025,BAU,BAU,TX-375-SWSHA-11-A-05152018,CROP,Till, Mulch tillage fallow after sorghum , Mulch tillage fallow after sorghum ,AG-CROP,,,TexasA&MPt-2,Pullman,Texas A&M- Pullman,fine,clay loam,483,16,sil,
MT-1-3,MT-1,-102.093806,35.18025,BAU,BAU,TX-375-SWSHA-12-A-05152018,CROP,Till, Mulch tillage fallow after sorghum , Mulch tillage fallow after sorghum ,AG-CROP,,,TexasA&MPt-2,Pullman,Texas A&M- Pullman,fine,clay loam,483,16,sil,
NT-2-1,NT-2,-102.093806,35.18025,SHM - no-till,SHM,TX-375-SWSHA-13-A-05152018,CROP,No-till, no-till fallow after wheat, no-till fallow after wheat,AG-CROP,,,TexasA&MPt-2,Pullman,Texas A&M- Pullman,fine,clay loam,483,16,sil,
NT-2-2,NT-2,-102.093806,35.18025,SHM - no-till,SHM,TX-375-SWSHA-14-A-05152018,CROP,No-till, no-till fallow after wheat, no-till fallow after wheat,AG-CROP,,,TexasA&MPt-2,Pullman,Texas A&M- Pullman,fine,clay loam,483,16,sil,
NT-2-3,NT-2,-102.093806,35.18025,SHM - no-till,SHM,TX-375-SWSHA-15-A-05152018,CROP,No-till, no-till fallow after wheat, no-till fallow after wheat,AG-CROP,,,TexasA&MPt-2,Pullman,Texas A&M- Pullman,fine,clay loam,483,16,sil,
MT-2-1,MT-2,-102.093806,35.18025,BAU,BAU,TX-375-SWSHA-16-A-05152018,CROP,Till,mulch tillage fallow after wheat,mulch tillage fallow after wheat,AG-CROP,,,TexasA&MPt-2,Pullman,Texas A&M- Pullman,fine,clay loam,483,16,sil,
MT-2-2,MT-2,-102.093806,35.18025,BAU,BAU,TX-375-SWSHA-17-A-05152018,CROP,Till,mulch tillage fallow after wheat,mulch tillage fallow after wheat,AG-CROP,,,TexasA&MPt-2,Pullman,Texas A&M- Pullman,fine,clay loam,483,16,sil,
MT-2-3,MT-2,-102.093806,35.18025,BAU,BAU,TX-375-SWSHA-18-A-05152018,CROP,Till,mulch tillage fallow after wheat,mulch tillage fallow after wheat,AG-CROP,,,TexasA&MPt-2,Pullman,Texas A&M- Pullman,fine,clay loam,483,16,sil,
NT - 3-1,NT - 3,-102.093806,35.18025,SHM - no-till,SHM,TX-375-SWSHA-19-A-05152018,CROP,No-till,no-till wheat,no-till wheat,AG-CROP,,,TexasA&MPt-2,Pullman,Texas A&M- Pullman,fine,clay loam,483,16,sil,
R-1-2,R-1,-102.093806,35.18025,Ref - Native,Ref,TX-375-SWSHA-02-A-05152018,FORAGE,Perennial,Native Rangeland,Native,Reference,,,TexasA&MPt-2,Pullman,Texas A&M- Pullman,fine,clay loam,483,16,sil,
NT - 3-2,NT - 3,-102.093806,35.18025,SHM - no-till,SHM,TX-375-SWSHA-20-A-05152018,CROP,No-till,no-till wheat,no-till wheat,AG-CROP,,,TexasA&MPt-2,Pullman,Texas A&M- Pullman,fine,clay loam,483,16,sil,
NT - 3-3,NT - 3,-102.093806,35.18025,SHM - no-till,SHM,TX-375-SWSHA-21-A-05152018,CROP,No-till,no-till wheat,no-till wheat,AG-CROP,,,TexasA&MPt-2,Pullman,Texas A&M- Pullman,fine,clay loam,483,16,sil,
MT-3-1,MT-3,-102.093806,35.18025,BAU,BAU,TX-375-SWSHA-22-A-05152018,CROP,Till,mulch tillage wheat,mulch tillage wheat,AG-CROP,,,TexasA&MPt-2,Pullman,Texas A&M- Pullman,fine,clay loam,483,16,sil,
MT-3-2,MT-3,-102.093806,35.18025,BAU,BAU,TX-375-SWSHA-23-A-05152018,CROP,Till,mulch tillage wheat,mulch tillage wheat,AG-CROP,,,TexasA&MPt-2,Pullman,Texas A&M- Pullman,fine,clay loam,483,16,sil,
MT-3-3,MT-3,-102.093806,35.18025,BAU,BAU,TX-375-SWSHA-24-A-05152018,CROP,Till,mulch tillage wheat,mulch tillage wheat,AG-CROP,,,TexasA&MPt-2,Pullman,Texas A&M- Pullman,fine,clay loam,483,16,sil,
R-1-3,R-1,-102.093806,35.18025,Ref - Native,Ref,TX-375-SWSHA-03-A-05152018,FORAGE,Perennial,Native Rangeland,Native,Reference,,,TexasA&MPt-2,Pullman,Texas A&M- Pullman,fine,clay loam,483,16,sil,
R-2-1,R-2,-102.093806,35.18025,Ref - Native,Ref,TX-375-SWSHA-04-A-05152018,FORAGE,Perennial,Native with introduced species ,Native with introduced species ,ALT,,,TexasA&MPt-2,Pullman,Texas A&M- Pullman,fine,clay loam,483,16,sil,
R-2-2,R-2,-102.093806,35.18025,Ref - Native,Ref,TX-375-SWSHA-05-A-05152018,FORAGE,Perennial,Native with introduced species ,Native with introduced species ,ALT,,,TexasA&MPt-2,Pullman,Texas A&M- Pullman,fine,clay loam,483,16,sil,
R-2-3,R-2,-102.093806,35.18025,Ref - Native,Ref,TX-375-SWSHA-06-A-05152018,FORAGE,Perennial,Native with introduced species ,Native with introduced species ,ALT,,,TexasA&MPt-2,Pullman,Texas A&M- Pullman,fine,clay loam,483,16,sil,
NT-1-1,NT-1,-102.093806,35.18025,SHM - no-till,SHM,TX-375-SWSHA-07-A-05152018,CROP,No-till,no-till fallow after sorghum,no-till fallow after sorghum,AG-CROP,,,TexasA&MPt-2,Pullman,Texas A&M- Pullman,fine,clay loam,483,16,sil,
NT-1-2,NT-1,-102.093806,35.18025,SHM - no-till,SHM,TX-375-SWSHA-08-A-05152018,CROP,No-till,no-till fallow after sorghum,no-till fallow after sorghum,AG-CROP,,,TexasA&MPt-2,Pullman,Texas A&M- Pullman,fine,clay loam,483,16,sil,
NT-1-3,NT-1,-102.093806,35.18025,SHM - no-till,SHM,TX-375-SWSHA-09-A-05152018,CROP,No-till,no-till fallow after sorghum,no-till fallow after sorghum,AG-CROP,,,TexasA&MPt-2,Pullman,Texas A&M- Pullman,fine,clay loam,483,16,sil,
PaN1-1,PaN1,-72.22985,41.797167,SHM - No-till silage corn,SHM,CT-013-SW-001-1-06262020,CROP,No-till,No-till silage corn,"A area plots (Peters' plots) at Uconn Agriculture Research Farm, Storrs, CT, no-till, no manure",,N1,1,UConn,Woodbridge,UConn - Paxton/ Woodbridge,fsl,VFSL,1254,9,,Paxton/ Woodbridge
PaT1-1,PaT1,-72.229722,41.79725,BAU - Conv till silage corn,BAU,CT-013-SW-002-1-06262020,CROP,Till,Conv till silage corn,"A area plots (Peters' plots) at UConn agriculture Research farm, Storrs, CT, conventional till, no manure",,T1,1,UConn,Woodbridge,UConn - Paxton/ Woodbridge,fsl,FSL,1254,9,FSL,Paxton/ Woodbridge
PaT1-2,PaT1,-72.2300556,41.797389,BAU - Conv till silage corn,BAU,CT-013-SW-003-1-06262020,CROP,Till,Conv till silage corn,"A area plots (Peters' plots) at UConn agriculture Research farm, Storrs, CT, conventional till, no manure",,T1,2,UConn,Woodbridge,UConn - Paxton/ Woodbridge,fsl,VFSL,1254,9,,Paxton/ Woodbridge
PaN1-2,PaN1,-72.23025,41.7975278,SHM - No-till silage corn,SHM,CT-013-SW-004-1-06292020,CROP,No-till,No-till silage corn,"A area plots (Peters' plots) at Uconn Agriculture Research Farm, Storrs, CT, no-till, no manure",,N1,2,UConn,Woodbridge,UConn - Paxton/ Woodbridge,fsl,FSL,1254,9,FSL,Paxton/ Woodbridge
PaN1-3,PaN1,-72.2305556,41.79775,SHM - No-till silage corn,SHM,CT-013-SW-006-1-06292020,CROP,No-till,No-till silage corn,"A area plots (Peters' plots) at Uconn Agriculture Research Farm, Storrs, CT, no-till, no manure",,N1,3,UConn,Woodbridge,UConn - Paxton/ Woodbridge,fsl,FSL,1254,9,,Paxton/ Woodbridge
PaT1-3,PaT1,-72.2303333,41.7975833,BAU - Conv till silage corn,BAU,CT-013-SW-005-1-06292020,CROP,Till,Conv till silage corn,"A area plots (Peters' plots) at Uconn Agriculture Research Farm, Storrs, CT, no-till, no manure",,T1,3,UConn,Woodbridge,UConn - Paxton/ Woodbridge,fsl,FSL,1254,9,,Paxton/ Woodbridge
PaM1-1,PaM1,-72.23745,41.8184833,Ref - Managed forest,Ref,CT-013-SW-007-1-07152020,FOREST,Perennial,Managed forest,"UConn forest east of Horsebarn Hill, Storrs, CT, Stand D, oak/ hickory upland hardwoof, thinned 2013",,M1,1,UConn,Canton,UConn - Paxton/ Woodbridge,fsl,FSL,1250,10,,Paxton/ Woodbridge
PaM1-2,PaM1,-72.2377833,41.8185,Ref - Managed forest,Ref,CT-013-SW-008-1-07152020,FOREST,Perennial,Managed forest,"UConn forest east of Horsebarn Hill, Storrs, CT, Stand D, oak/ hickory upland hardwoof, thinned 2013",,M1,2,UConn,Canton,UConn - Paxton/ Woodbridge,fsl,FSL,1249,9,FSL,Paxton/ Woodbridge
PaU1-1,PaU1,-72.2388333,41.8184333,Ref - Unmanaged forest,Ref,CT-013-SW-009-1-07152020,FOREST,Perennial,Unmanaged forest,"UConn forest east of Horsebarn Hill, Storrs, CT, Stand C, oak/ hickory upland hardwood, no recent management ",,U1,1,UConn,Woodbridge,UConn - Paxton/ Woodbridge,fsl,FSL,1249,9,FSL,Paxton/ Woodbridge
PaU1-2,PaU1,-72.238939,41.818491,Ref - Unmanaged forest,Ref,CT-013-SW-010-1-07152020,FOREST,Perennial,Unmanaged forest,"UConn forest east of Horsebarn Hill, Storrs, CT, Stand C, oak/ hickory upland hardwood, no recent management ",,U1,2,UConn,Woodbridge,UConn - Paxton/ Woodbridge,fsl,FSL,1249,9,,Paxton/ Woodbridge
PaM2-1,PaM2,-72.25135,41.8207833,SHM - Managed forest,SHM,CT-013-SW-011-1-07222020,FOREST,Perennial,Managed forest,"UConn forest east of Horsebarn Hill, Storrs, CT, Stand B, ash-dominated, thinned 2013",,M2,1,UConn,Woodbridge,UConn - Paxton/ Woodbridge,fsl,FSL,1248,9,FSL,Paxton/ Woodbridge
PaM2-2,PaM2,-72.2543056,41.821,SHM - Managed forest,SHM,CT-013-SW-012-1-07222020,FOREST,Perennial,Managed forest,"UConn forest east of Horsebarn Hill, Storrs, CT, Stand B, ash-dominated, thinned 2014",,M2,2,UConn,Woodbridge,UConn - Paxton/ Woodbridge,fsl,SL,1247,9,,Paxton/ Woodbridge
PaU2-1,PaU2,-72.2532778,41.8216111,Ref - Unmanaged forest,Ref,CT-013-SW-013-1-07222020,FOREST,Perennial,Unmanaged forest,"UConn forest east of Horsebarn Hill, Storrs, CT, Stand A, ash- dominated, no recent management ",,U2,1,UConn,Woodbridge,UConn - Paxton/ Woodbridge,,FSL,1247,9,L,Paxton/ Woodbridge
PaU2-2,PaU2,-72.25333,41.82161667,Ref - Unmanaged forest,Ref,CT-013-SW-014-1-07222020,FOREST,Perennial,Unmanaged forest,"UConn forest east of Horsebarn Hill, Storrs, CT, Stand A, ash- dominated, no recent management ",,U2,2,UConn,Woodbridge,UConn - Paxton/ Woodbridge,l,FSL,1247,9,,Paxton/ Woodbridge
PaL1-1,PaL1,-72.188333,41.7995278,SHM - Lawn,SHM,CT-013-SW-015-1-07232020,GRASS,No-till,Lawn,"Will Ouimet residential lawn, Mansfield, CT",,L1,1,UConn,Woodbridge,UConn - Paxton/ Woodbridge,sl,FSL,1260,10,FSL,Paxton/ Woodbridge
PaL1-2,PaL1,-72.18838889,41.7995556,SHM - Lawn,SHM,CT-013-SW-016-1-07232020,GRASS,No-till,Lawn,"Will Ouimet residential lawn, Mansfield, CT",,L1,2,UConn,Woodbridge,UConn - Paxton/ Woodbridge,sl,FSL,1260,10,,Paxton/ Woodbridge
PaL2-1,PaL2,-72.189595,41.800011,SHM - Lawn,SHM,CT-013-SW-017-1-07242020,GRASS,No-till,Lawn,"Nels Barrett residential lawn, Mansfield, CT",,L2,1,UConn,Canton,UConn - Paxton/ Woodbridge,sl,FSL,1260,10,SL,Paxton/ Woodbridge
PaL2-2,PaL2,-72.1895,41.80006,SHM - Lawn,SHM,CT-013-SW-018-1-07242020,GRASS,No-till,Lawn,"Nels Barrett residential lawn, Mansfield, CT",,L2,2,UConn,Canton,UConn - Paxton/ Woodbridge,sl,FSL,1260,10,,Paxton/ Woodbridge
PaH1-1,PaH1,-71.9745277,41.9655,SHM - Hayland,SHM,CT-015-SW-004-1-07292020,GRASS,No-till,Hayland,"Valleyside hayfield, Woodstock, CT",,H1,1,UConn,Montauk,UConn - Paxton/ Woodbridge,fsl,VFSL,1263,9,VFSL,Paxton/ Woodbridge
PaH1-2,PaH1,-71.9745556,41.96552778,SHM - Hayland,SHM,CT-015-SW-005-1-07292020,GRASS,No-till,Hayland,"Valleyside hayfield, Woodstock, CT",,H1,2,UConn,Montauk,UConn - Paxton/ Woodbridge,fsl,VFSL,1263,9,,Paxton/ Woodbridge
PaN2-1,PaN2,-71.9746667,41.9655556,SHM - No-till silage corn,SHM,CT-015-SW-001-1-07292020,CROP,No-till,No-till silage corn,"Valleyside Farm, Woodstock, CT, corn, occasionally no-till, with manure",,N2,1,UConn,Montauk,UConn - Paxton/ Woodbridge,fsl,FSL,1263,9,FSL,Paxton/ Woodbridge
PaN2-2,PaN2,-71.97463889,41.9654722,SHM - No-till silage corn,SHM,CT-015-SW-002-1-07292020,CROP,No-till,No-till silage corn,"Valleyside Farm, Woodstock, CT, corn, occasionally no-till, with manure",,N2,2,UConn,Montauk,UConn - Paxton/ Woodbridge,fsl,FSL,1263,9,,Paxton/ Woodbridge
PaN2-3,PaN2,-71.9746667,41.96552778,SHM - No-till silage corn,SHM,CT-015-SW-003-1-07292020,CROP,No-till,No-till silage corn,"Valleyside Farm, Woodstock, CT, corn, occasionally no-till, with manure",,N2,3,UConn,Montauk,UConn - Paxton/ Woodbridge,fsl,FSL,1263,9,,Paxton/ Woodbridge
PaH2-1,PaH2,-72.2346389,41.7541111,SHM - Hayland,SHM,CT-013-SW-019-1-08112020,GRASS,No-till,Hayland,"Mountain Dairy farm, Mansfield, CT, hayfield",,H2,1,UConn,Woodbridge,UConn - Paxton/ Woodbridge,fsl,FSL,1265,9,FSL,Paxton/ Woodbridge
PaH2-2,PaH2,-72.2345833,41.7541389,SHM - Hayland,SHM,CT-013-SW-020-1-08112020,GRASS,No-till,Hayland,"Mountain Dairy farm, Mansfield, CT, hayfield",,H2,2,UConn,Woodbridge,UConn - Paxton/ Woodbridge,fsl,FSL,1265,9,,Paxton/ Woodbridge
PaT2-1,PaT2,-72.2351944,41.7537778,BAU - Conv till silage corn,BAU,CT-013-SW-021-1-08122020,CROP,Till,Conv till silage corn,"Mountain Dairy farm, Mansfield, CT, corn field, conventional till, with manure",,T2,1,UConn,Woodbridge,UConn - Paxton/ Woodbridge,fsl,FSL,1265,9,FSL,Paxton/ Woodbridge
PaT2-2,PaT2,-72.2351833,41.7538,BAU - Conv till silage corn,BAU,CT-013-SW-022-1-08122020,CROP,Till,Conv till silage corn,"Mountain Dairy farm, Mansfield, CT, corn field, conventional till, with manure",,T2,2,UConn,Woodbridge,UConn - Paxton/ Woodbridge,vfsl,FSL,1265,9,,Paxton/ Woodbridge
PaT2-3,PaT2,-72.23521667,41.7537833,BAU - Conv till silage corn,BAU,CT-013-SW-023-1-08122020,CROP,Till,Conv till silage corn,"Mountain Dairy farm, Mansfield, CT, corn field, conventional till, with manure",,T2,3,UConn,Woodbridge,UConn - Paxton/ Woodbridge,fsl,SL,1265,9,,Paxton/ Woodbridge
#REF!,CON,-92.845294,43.74768,BAU,BAU,MN-099-SW-CON-001-1-102819,CROP,Till,conventional tillage (10cm tillage in Spring; 30cm tillage in fall). Soybean,"Eastern field, 150-acre section with grass waterway running from middle of W border to north-center of section",AG-CROP,Mower,,UnivOfMinnesota,Readlyn,Minnesota-Readlyn,Fine-loamy,Silt Loam,805,6,cl,
#REF!,CON,-92.845601,43.747906,BAU,BAU,MN-099-SW-CON-002-1-102819,CROP,Till,conventional tillage (10cm tillage in Spring; 30cm tillage in fall). Soybean,"Eastern field, 150-acre section with grass waterway running from middle of W border to north-center of section",AG-CROP,Mower,,UnivOfMinnesota,Marquis,Minnesota-Marquis,Fine-loamy,loam,805,6,cl,
#REF!,CON,-92.844985,43.747593,BAU,BAU,MN-099-SW-CON-003-1-102819,CROP,Till,conventional tillage (10cm tillage in Spring; 30cm tillage in fall). Soybean,"Eastern field, 150-acre section with grass waterway running from middle of W border to north-center of section",AG-CROP,Mower,,UnivOfMinnesota,Marquis,Minnesota-Marquis,Fine-loamy,loam,805,6,cl,
#REF!,CON,-92.84107,43.750483,BAU,BAU,MN-099-SW-CON-004-1-102819,CROP,Till,conventional tillage (10cm tillage in Spring; 30cm tillage in fall). Soybean,"Eastern field, 150-acre section with grass waterway running from middle of W border to north-center of section",AG-CROP,Mower,,UnivOfMinnesota,Marquis,Minnesota-Marquis,Fine-loamy,loam,805,6,cl,
#REF!,CON,-92.84134,43.75062,BAU,BAU,MN-099-SW-CON-005-1-102819,CROP,Till,conventional tillage (10cm tillage in Spring; 30cm tillage in fall). Soybean,"Eastern field, 150-acre section with grass waterway running from middle of W border to north-center of section",AG-CROP,Mower,,UnivOfMinnesota,Marquis,Minnesota-Marquis,Fine-loamy,clay loam,805,6,cl,
#REF!,CON,-92.84078,43.75034,BAU,BAU,MN-099-SW-CON-006-1-102819,CROP,Till,conventional tillage (10cm tillage in Spring; 30cm tillage in fall). Soybean,"Eastern field, 150-acre section with grass waterway running from middle of W border to north-center of section",AG-CROP,Mower,,UnivOfMinnesota,Marquis,Minnesota-Marquis,Fine-loamy,clay loam,805,6,cl,
#REF!,CON,-92.84329,43.75222,BAU,BAU,MN-099-SW-CON-007-1-102919,CROP,Till,conventional tillage (10cm tillage in Spring; 30cm tillage in fall). Soybean,"Eastern field, 150-acre section with grass waterway running from middle of W border to north-center of section",AG-CROP,Mower,,UnivOfMinnesota,Readlyn,Minnesota-Readlyn,Fine-loamy,loam,805,6,cl,
#REF!,CON,-92.843677,43.75218,BAU,BAU,MN-099-SW-CON-008-1-102919,CROP,Till,conventional tillage (10cm tillage in Spring; 30cm tillage in fall). Soybean,"Eastern field, 150-acre section with grass waterway running from middle of W border to north-center of section",AG-CROP,Mower,,UnivOfMinnesota,Readlyn,Minnesota-Readlyn,Fine-loamy,loam,805,6,cl,
#REF!,CON,-92.842882,43.752284,BAU,BAU,MN-099-SW-CON-009-1-102919,CROP,Till,conventional tillage (10cm tillage in Spring; 30cm tillage in fall). Soybean,"Eastern field, 150-acre section with grass waterway running from middle of W border to north-center of section",AG-CROP,Mower,,UnivOfMinnesota,Readlyn,Minnesota-Readlyn,Fine-loamy,loam,805,6,cl,
#REF!,ALT,-92.85464,43.74984,SHM-no till,SHM,MN-099-SW-ALT-010-1-102919,CROP,No-till,"No-till (cover crop, no-fertilizer). Soybean. Soybean","Western field, 50-acre section with grass waterway running south of field; bordered by hay",AG-CROP,Mower,,UnivOfMinnesota,Marquis,Minnesota-Marquis,Fine-loamy,loam,805,6,,
#REF!,ALT,-92.85499,43.74981,SHM-no till,SHM,MN-099-SW-ALT-011-1-102919,CROP,No-till,"No-till (cover crop, no-fertilizer). Soybean. Soybean","Western field, 50-acre section with grass waterway running south of field; bordered by hay",AG-CROP,Mower,,UnivOfMinnesota,Marquis,Minnesota-Marquis,Fine-loamy,Silt Loam,805,6,,
#REF!,ALT,-92.85457,43.74953,SHM-no till,SHM,MN-099-SW-ALT-012-1-103019,CROP,No-till,"No-till (cover crop, no-fertilizer). Soybean. Soybean","Western field, 50-acre section with grass waterway running south of field; bordered by hay",AG-CROP,Mower,,UnivOfMinnesota,Marquis,Minnesota-Marquis,Fine-loamy,loam,805,6,,
#REF!,ALT,-92.85453,43.74922,SHM-no till,SHM,MN-099-SW-ALT-013-1-103019,CROP,No-till,"No-till (cover crop, no-fertilizer). Soybean. Soybean","Western field, 50-acre section with grass waterway running south of field; bordered by hay",AG-CROP,Mower,,UnivOfMinnesota,Readlyn,Minnesota-Readlyn,Fine-loamy,loam,805,6,,
#REF!,ALT,-92.85467,43.74899,SHM-no till,SHM,MN-099-SW-ALT-014-1-103019,CROP,No-till,"No-till (cover crop, no-fertilizer). Soybean. Soybean","Western field, 50-acre section with grass waterway running south of field; bordered by hay",AG-CROP,Mower,,UnivOfMinnesota,Readlyn,Minnesota-Readlyn,Fine-loamy,loam,805,6,,
#REF!,ALT,-92.85419,43.74893,SHM-no till,SHM,MN-099-SW-ALT-015-1-103019,CROP,No-till,"No-till (cover crop, no-fertilizer). Soybean. Soybean","Western field, 50-acre section with grass waterway running south of field; bordered by hay",AG-CROP,Mower,,UnivOfMinnesota,Readlyn,Minnesota-Readlyn,Fine-loamy,loam,805,6,,
#REF!,ALT,-92.85348,43.74876,SHM-no till,SHM,MN-099-SW-ALT-016-1-103019,CROP,No-till,"No-till (cover crop, no-fertilizer). Soybean. Soybean","Western field, 50-acre section with grass waterway running south of field; bordered by hay",AG-CROP,Mower,,UnivOfMinnesota,Marquis,Minnesota-Marquis,Fine-loamy,Silt Loam,805,6,,
#REF!,ALT,-92.85374,43.74855,SHM-no till,SHM,MN-099-SW-ALT-017-1-103019,CROP,No-till,"No-till (cover crop, no-fertilizer). Soybean. Soybean","Western field, 50-acre section with grass waterway running south of field; bordered by hay",AG-CROP,Mower,,UnivOfMinnesota,Marquis,Minnesota-Marquis,Fine-loamy,Silt Loam,805,6,,
#REF!,ALT,-92.85341,43.749,SHM-no till,SHM,MN-099-SW-ALT-018-1-103019,CROP,No-till,"No-till (cover crop, no-fertilizer). Soybean. Soybean","Western field, 50-acre section with grass waterway running south of field; bordered by hay",AG-CROP,Mower,,UnivOfMinnesota,Readlyn,Minnesota-Readlyn,Fine-loamy,Silt Loam,805,6,,
#REF!,REF,-92.845067,43.746917,Ref - Native,Ref,MN-099-SW-REF-019-1-110419,RANGE,Perennial,Native rangeland,Undisturbed fencerow running W-E located at the southern edge of the CON field,Reference,Mower,,UnivOfMinnesota,Kenyon,Minnesota-Kenyon,Fine-loamy,Silt Loam,805,6,,
#REF!,REF,-92.8454,43.7469,Ref - Native,Ref,MN-099-SW-REF-020-1-110419,RANGE,Perennial,Native rangeland,Undisturbed fencerow running W-E located at the southern edge of the CON field,Reference,Mower,,UnivOfMinnesota,Kenyon,Minnesota-Kenyon,Fine-loamy,Silt Loam,805,6,,
#REF!,REF,-92.84465,43.746883,Ref - Native,Ref,MN-099-SW-REF-021-1-110419,RANGE,Perennial,Native rangeland,Undisturbed fencerow running W-E located at the southern edge of the CON field,Reference,Mower,,UnivOfMinnesota,Kenyon,Minnesota-Kenyon,Fine-loamy,Silt Loam,805,6,,
#REF!,REF,-92.84395,43.746883,Ref - Native,Ref,MN-099-SW-REF-022-1-110719,RANGE,Perennial,Native rangeland,Undisturbed fencerow running W-E located at the southern edge of the CON field,Reference,Mower,,UnivOfMinnesota,Kenyon,Minnesota-Kenyon,Fine-loamy,Silt Loam,805,6,,
#REF!,REF,-92.844333,43.7469,Ref - Native,Ref,MN-099-SW-REF-023-1-110719,RANGE,Perennial,Native rangeland,Undisturbed fencerow running W-E located at the southern edge of the CON field,Reference,Mower,,UnivOfMinnesota,Kenyon,Minnesota-Kenyon,Fine-loamy,Silt Loam,805,6,,
#REF!,REF,-92.8436,43.74685,Ref - Native,Ref,MN-099-SW-REF-024-1-110719,RANGE,Perennial,Native rangeland,Undisturbed fencerow running W-E located at the southern edge of the CON field,Reference,Mower,,UnivOfMinnesota,Kenyon,Minnesota-Kenyon,Fine-loamy,loam,805,6,,
#REF!,REF,-92.843,43.74685,Ref - Native,Ref,MN-099-SW-REF-025-1-110719,RANGE,Perennial,Native rangeland,Undisturbed fencerow running W-E located at the southern edge of the CON field,Reference,Mower,,UnivOfMinnesota,Kenyon,Minnesota-Kenyon,Fine-loamy,Silt Loam,805,6,,
#REF!,REF,-92.84325,43.7469,Ref - Native,Ref,MN-099-SW-REF-026-1-110719,RANGE,Perennial,Native rangeland,Undisturbed fencerow running W-E located at the southern edge of the CON field,Reference,Mower,,UnivOfMinnesota,Kenyon,Minnesota-Kenyon,Fine-loamy,Silt Loam,805,6,,
#REF!,REF,-92.84265,43.746867,Ref - Native,Ref,MN-099-SW-REF-027-1-110719,RANGE,Perennial,Native rangeland,Undisturbed fencerow running W-E located at the southern edge of the CON field,Reference,Mower,,UnivOfMinnesota,Kenyon,Minnesota-Kenyon,Fine-loamy,Silt Loam,805,6,,
AX1-1,CVT - 3,-97.86129,26.37183,BAU - Conventional Till,BAU,TX-215-SW-AX1-1-1-120420,CROP,Till,Conventional Till,"Conventional tillage with a sorghum, sesame, cotton rotation",,UTRGV1,1,UTRGV,,UTRGV - Hidalgo,,SL,633,24,sl,Hidalgo
AX1-2,CVT - 4,-97.861285,26.376803,BAU - Conventional Till,BAU,TX-215-SW-AX1-2-1-113020,CROP,Till,Conventional Till,"Conventional tillage with a sorghum, sesame, cotton rotation",,UTRGV1,2,UTRGV,,UTRGV - Hidalgo,,SL,633,24,sl,Hidalgo
AX1-3,CVT - 5,-97.861396,26.381147,BAU - Conventional Till,BAU,TX-215-SW-AX1-3-1-113020,CROP,Till,Conventional Till,"Conventional tillage with a sorghum, sesame, cotton rotation",,UTRGV1,3,UTRGV,,UTRGV - Hidalgo,,SL,635,24,sl,Hidalgo
AX2-1,CVT - 6,-97.860439,26.372257,BAU - Conventional Till,BAU,TX-215-SW-AX2-1-1-120420,CROP,Till,Conventional Till,"Conventional tillage with a cotton, sorghum rotation",,UTRGV2,1,UTRGV,,UTRGV - Hidalgo,,LS,633,24,ls,Hidalgo
AX2-2,CVT - 7,-97.854799,26.372359,BAU - Conventional Till,BAU,TX-215-SW-AX2-2-1-120420,CROP,Till,Conventional Till,"Conventional tillage with a cotton, sorghum rotation",,UTRGV2,2,UTRGV,,UTRGV - Hidalgo,,LS,633,24,ls,Hidalgo
AX2-3,CVT - 8,-97.841816,26.372348,BAU - Conventional Till,BAU,TX-215-SW-AX2-3-1-120720,CROP,Till,Conventional Till,"Conventional tillage with a cotton, sorghum rotation",,UTRGV2,3,UTRGV,,UTRGV - Hidalgo,,SL,636,24,sl,Hidalgo
AX3-1,CVT - 9,-97.845711,26.449237,BAU - Conventional Till,BAU,TX-215-SW-AX3-1-1-020420,CROP,Till,Conventional Till,"Conventional tillage with a cotton, corn, and sorghum rotation",,UTRGV3,1,UTRGV,,UTRGV - Hidalgo,,SL,652,24,sl,Hidalgo
AX3-2,CVT - 10,-97.84310718,26.45138326,BAU - Conventional Till,BAU,TX-215-SW-AX3-2-1-020420,CROP,Till,Conventional Till,"Conventional tillage with a cotton, corn, and sorghum rotation",,UTRGV3,2,UTRGV,,UTRGV - Hidalgo,,SL,652,24,sl,Hidalgo
AX3-3,CVT - 11,-97.842418,26.451224,BAU - Conventional Till,BAU,TX-215-SW-AX3-3-1-021120,CROP,Till,Conventional Till,"Conventional tillage with a cotton, corn, and sorghum rotation",,UTRGV3,3,UTRGV,,UTRGV - Hidalgo,,SL,652,24,sl,Hidalgo
AY1-1,CVT - 12,-97.87775,26.429164,BAU - Intermittent Till,BAU,TX-215-SW-AY1-1-1-121020,CROP,Till,Intermittent Till,"Strip tillage for 2 years, followed by return to conventional till for herbicide resistant weed management. Sorghum/cotton rotation.",,UTRGV4,1,UTRGV,,UTRGV - Hidalgo,,LS,642,24,ls,Hidalgo
AY1-2,CVT - 13,-97.876675,26.428431,BAU - Intermittent Till,BAU,TX-215-SW-AY1-2-1-121020,CROP,Till,Intermittent Till,"Strip tillage for 2 years, followed by return to conventional till for herbicide resistant weed management. Sorghum/cotton rotation.",,UTRGV4,2,UTRGV,,UTRGV - Hidalgo,,LS,642,24,ls,Hidalgo
AY1-3,CVT - 14,-97.878012,26.423498,BAU - Intermittent Till,BAU,TX-215-SW-AY1-3-1-121020,CROP,Till,Intermittent Till,"Strip tillage for 2 years, followed by return to conventional till for herbicide resistant weed management. Sorghum/cotton rotation.",,UTRGV4,3,UTRGV,,UTRGV - Hidalgo,,SL,642,24,sl,Hidalgo
AY2-1,CVT - 15,-97.87736,26.417867,BAU - Intermittent Till,BAU,TX-215-SW-AY2-1-1-121020,CROP,Till,Intermittent Till,"Strip tillage for 3 years, followed by return to conventional till for herbicide resistant weed management. Sorghum/cotton rotation.",,UTRGV5,1,UTRGV,,UTRGV - Hidalgo,,SL,640,24,sl,Hidalgo
AY2-2,CVT - 16,-97.877546,26.408338,BAU - Intermittent Till,BAU,TX-215-SW-AY2-2-1-121220,CROP,Till,Intermittent Till,"Strip tillage for 3 years, followed by return to conventional till for herbicide resistant weed management. Sorghum/cotton rotation.",,UTRGV5,2,UTRGV,,UTRGV - Hidalgo,,SL,638,24,sl,Hidalgo
AY2-3,CVT - 17,-97.867819,26.408107,BAU - Intermittent Till,BAU,TX-215-SW-AY2-3-1-121220,CROP,Till,Intermittent Till,"Strip tillage for 3 years, followed by return to conventional till for herbicide resistant weed management. Sorghum/cotton rotation.",,UTRGV5,3,UTRGV,,UTRGV - Hidalgo,,SL,640,24,sl,Hidalgo
AY3-1,CVT - 18,-97.894115,26.378011,BAU - Intermittent Till,BAU,TX-215-SW-AY3-1-1-040621,CROP,Till,Intermittent Till,"Strip tillage for 2 years, followed by return to conventional till for herbicide resistant weed management. Sorghum/cotton rotation.",,UTRGV6,1,UTRGV,,UTRGV - Hidalgo,,LS,627,24,ls,Hidalgo
AY3-2,CVT - 19,-97.882158,26.371559,BAU - Intermittent Till,BAU,TX-215-SW-AY3-2-1-040621,CROP,Till,Intermittent Till,"Strip tillage for 2 years, followed by return to conventional till for herbicide resistant weed management. Sorghum/cotton rotation.",,UTRGV6,2,UTRGV,,UTRGV - Hidalgo,,LS,628,24,ls,Hidalgo
AY3-3,CVT - 20,-97.881485,26.371856,BAU - Intermittent Till,BAU,TX-215-SW-AY3-3-1-040621,CROP,Till,Intermittent Till,"Strip tillage for 2 years, followed by return to conventional till for herbicide resistant weed management. Sorghum/cotton rotation.",,UTRGV6,3,UTRGV,,UTRGV - Hidalgo,,LS,628,24,ls,Hidalgo
AZ1-1,CVT - 21,-97.814156,26.442916,BAU - Strip Till,BAU,TX-215-SW-AZ1-1-1-032420,CROP,Till,Strip Till,Strip tillage for 4 years with a cotton/sorghum rotation.,,UTRGV7,1,UTRGV,,UTRGV - Hidalgo,,LS,654,24,ls,Hidalgo
AZ1-2,CVT - 22,-97.81413,26.440373,BAU - Strip Till,BAU,TX-215-SW-AZ1-2-1-032421,CROP,Till,Strip Till,Strip tillage for 4 years with a cotton/sorghum rotation.,,UTRGV7,2,UTRGV,,UTRGV - Hidalgo,,SL,654,24,sl,Hidalgo
AZ1-3,CVT - 23,-97.814157,26.441954,BAU - Strip Till,BAU,TX-215-SW-AZ1-3-1-032420,CROP,Till,Strip Till,Strip tillage for 4 years with a cotton/sorghum rotation.,,UTRGV7,3,UTRGV,,UTRGV - Hidalgo,,LS,654,24,ls,Hidalgo
AZ2-1,CVT - 24,-97.857232,26.358343,BAU - Strip Till,BAU,TX-215-SW-AZ2-1-1-120820,CROP,Till,Strip Till,Strip tillage for 3 years with a cotton/sorghum rotation.,,UTRGV8,1,UTRGV,,UTRGV - Hidalgo,,LS,629,24,ls,Hidalgo
AZ2-2,CVT - 25,-97.846311,26.358388,BAU - Strip Till,BAU,TX-215-SW-AZ2-2-1-120820,CROP,Till,Strip Till,Strip tillage for 3 years with a cotton/sorghum rotation.,,UTRGV8,2,UTRGV,,UTRGV - Hidalgo,,SL,630,24,sl,Hidalgo
AZ2-3,CVT - 26,-97.85824,26.36504,BAU - Strip Till,BAU,TX-215-SW-AZ2-3-1-120820,CROP,Till,Strip Till,Strip tillage for 3 years with a cotton/sorghum rotation.,,UTRGV8,3,UTRGV,,UTRGV - Hidalgo,,SL,631,24,sl,Hidalgo
AZ3-1,CVT - 27,-97.852623,26.389298,BAU - Strip Till,BAU,TX-215-SW-AZ3-1-1-121420,CROP,Till,Strip Till,"Strip tillage for 6 years with a cotton/sorghum rotation, Sunn hemp cover crop 1 year before sampling.",,UTRGV9,1,UTRGV,,UTRGV - Hidalgo,,SL,639,24,sl,Hidalgo
AZ3-2,CVT - 28,-97.852666,26.387731,BAU - Strip Till,BAU,TX-215-SW-AZ3-2-1-121420,CROP,Till,Strip Till,"Strip tillage for 6 years with a cotton/sorghum rotation, Sunn hemp cover crop 1 year before sampling.",,UTRGV9,2,UTRGV,,UTRGV - Hidalgo,,SL,639,24,sl,Hidalgo
AZ3-3,CVT - 29,-97.849146,26.387833,BAU - Strip Till,BAU,TX-215-SW-AZ3-3-1-121420,CROP,Till,Strip Till,"Strip tillage for 6 years with a cotton/sorghum rotation, Sunn hemp cover crop 1 year before sampling.",,UTRGV9,3,UTRGV,,UTRGV - Hidalgo,,SL,639,24,sl,Hidalgo
AR2-1,CVT - 30,-98.203663,26.309166,Ref - Reference,Ref,TX-215-SW-AR2-1-1-032420,FOREST,Perennial,Reference,"Native treeline composed of mesquite, hackberry, anacua and others. No major disturbances in over 50 years.",,UTRGV10,1,UTRGV,,UTRGV - Hidalgo,,SL,566,24,sl,Hidalgo
AR2-2,CVT - 31,-98.20307,26.30907954,Ref - Reference,Ref,TX-215-SW-AR2-2-1-032420,FOREST,Perennial,Reference,"Native treeline composed of mesquite, hackberry, anacua and others. No major disturbances in over 50 years.",,UTRGV10,2,UTRGV,,UTRGV - Hidalgo,,SL,566,24,sl,Hidalgo
AR2-3,CVT - 32,-98.202272,26.30896,Ref - Reference,Ref,TX-215-SW-AR2-3-1-032420,FOREST,Perennial,Reference,"Native treeline composed of mesquite, hackberry, anacua and others. No major disturbances in over 50 years.",,UTRGV10,3,UTRGV,,UTRGV - Hidalgo,,SL,566,24,sl,Hidalgo
AR3-1,CVT - 33,-97.865571,26.425936,Ref - Reference,Ref,TX-215-SW-AR3-1-1-032420,FOREST,Perennial,Reference,"Native treeline composed of mesquite, Texas ebony, and others. Undisturbed in landowner's memory (60+ year). Area catches sand deposited by strong winds.",,UTRGV11,1,UTRGV,,UTRGV - Hidalgo,,S,644,24,s,Hidalgo
AR3-2,CVT - 34,-97.86555,26.42575,Ref - Reference,Ref,TX-215-SW-AR3-2-1-032420,FOREST,Perennial,Reference,"Native treeline composed of mesquite, Texas ebony, and others. Undisturbed in landowner's memory (60+ year). Area catches sand deposited by strong winds.",,UTRGV11,2,UTRGV,,UTRGV - Hidalgo,,S,644,24,s,Hidalgo
AR3-3,CVT - 35,-97.863987,26.425912,Ref - Reference,Ref,TX-215-SW-AR3-3-1-032420,FOREST,Perennial,Reference,"Native treeline composed of mesquite, Texas ebony, and others. Undisturbed in landowner's memory (60+ year). Area catches sand deposited by strong winds.",,UTRGV11,3,UTRGV,,UTRGV - Hidalgo,,SL,644,24,sl,Hidalgo
AD1-ASP1,,,,SHM - no-till,SHM,WA-075-SW-AD1-ASP1-0_5-2018,CROP,No-till,ASP1,ASP,AG-CROP,AD1,1,WashingtonState,Palouse,Washington - Palouse,fine-silty,Silt Loam,533,9,,
AD1-PGL1,,,,Ref - CRP,Ref,WA-075-SW-AD1-PGL1-0_5-2018,GRASS,Perennial,PGL1,PGL,ALT,AD1,1,WashingtonState,Palouse,Washington - Palouse,fine-silty,Silt Loam,533,9,,
ASP2-1,ASP2,-117.0822114,46.78188975,SHM - no-till,SHM,WA-075-SW-CK-1A-ASP2-1-P1-0_5-2018,CROP,No-till,ASP2,ASP,AG-CROP,CK,1,WashingtonState,Palouse,Washington - Palouse,fine-silty,Silt Loam,533,9,,
CK1-ASP2,,,,SHM - no-till,SHM,WA-075-SW-CK1-ASP2-0_5-2018,CROP,No-till,ASP2,ASP,AG-CROP,CK1,2,WashingtonState,Palouse,Washington - Palouse,fine-silty,Silt Loam,533,9,,
ASP2-2,ASP2,-117.0822114,46.78188975,SHM - no-till,SHM,WA-075-SW-CK1B-ASP2-7-P2-0_5-2018,CROP,No-till,ASP2,ASP,AG-CROP,CK,2,WashingtonState,Palouse,Washington - Palouse,fine-silty,Silt Loam,533,9,,
CK1-BAU1,,,,BAU,BAU,WA-075-SW-CK1-BAU1-0_5-2018,CROP,Till,BAU1,BAU,AG-CROP,CK1,1,WashingtonState,Palouse,Washington - Palouse,fine-silty,Silt Loam,533,9,,
ASP2-3,ASP2,-117.0822114,46.78188975,SHM - no-till,SHM,WA-075-SW-CK1C-ASP2-13-P3-0_5-2018,CROP,No-till,ASP2,ASP,AG-CROP,CK,2,WashingtonState,Palouse,Washington - Palouse,fine-silty,Silt Loam,533,9,,
BAU9-1,BAU9,-117.0822114,46.78188975,BAU,BAU,WA-075-SW-CK-2A-BAU9-1-P1-0_5-18,CROP,Till,BAU9,BAU,AG-CROP,CK,9,WashingtonState,Palouse,Washington - Palouse,fine-silty,Silt Loam,533,9,,
BAU9-2,BAU9,-117.0822114,46.78188975,BAU,BAU,WA-075-SW-CK-2B-BAU9-8-P2-0_5-18,CROP,Till,BAU9,BAU,AG-CROP,CK,9,WashingtonState,Palouse,Washington - Palouse,fine-silty,Silt Loam,533,9,,
BAU9-3,BAU9,-117.0822114,46.78188975,BAU,BAU,WA-075-SW-CK-2C-BAU9-15-P3-0_5-18,CROP,Till,BAU9,BAU,AG-CROP,CK,9,WashingtonState,Palouse,Washington - Palouse,fine-silty,Silt Loam,533,9,,
EO1-ASP3,,,,SHM - no-till,SHM,WA-075-SW-EO1-ASP3-0_5-2018,CROP,No-till,ASP3,ASP,AG-CROP,EO1,3,WashingtonState,Palouse,Washington - Palouse,fine-silty,Silt Loam,533,9,,
EO1-PLG2,,,,Ref - CRP,Ref,WA-075-SW-EO1-PLG2-0_5-2018,GRASS,Perennial,PGL2,PGL,ALT,EO1,1,WashingtonState,Palouse,Washington - Palouse,fine-silty,Silt Loam,533,9,,
ASP10-1,ASP10,-117.4595977,46.78836813,SHM - no-till,SHM,WA-075-SW-JEA-1A-ASP10-1-0_5-2018,CROP,No-till,ASP10,ASP,AG-CROP,JEA,10,WashingtonState,Palouse,Washington - Palouse,fine-silty,Silt Loam,533,9,,
JEA1-ASP4,,,,SHM - no-till,SHM,WA-075-SW-JEA1-ASP4-0_5-2018,CROP,No-till,ASP4,ASP,AG-CROP,JEA,4,WashingtonState,Palouse,Washington - Palouse,fine-silty,Silt Loam,533,9,,
ASP10-2,ASP10,-117.4595978,46.788368,SHM - no-till,SHM,WA-075-SW-JEA-1B-ASP10-8-0_10-18,CROP,No-till,ASP10,ASP,AG-CROP,JEA,10,WashingtonState,Palouse,Washington - Palouse,fine-silty,Silt Loam,533,9,,
ASP10-3,ASP10,-117.4595972,46.78836851,SHM - no-till,SHM,WA-075-SW-JEA-1C-ASP10-15-0_5-18,CROP,No-till,ASP10,ASP,AG-CROP,JEA,10,WashingtonState,Palouse,Washington - Palouse,fine-silty,Silt Loam,533,9,,
JEA1-PLG3,,,,Ref - CRP,Ref,WA-075-SW-JEA1-PLG3-0_5-2018,GRASS,Perennial,PGL3,PGL,ALT,,3,WashingtonState,Palouse,Washington - Palouse,fine-silty,Silt Loam,533,9,,
JEA2-ASP5,,,,SHM - no-till,SHM,WA-075-SW-JEA2-ASP5-0_5-2018,CROP,No-till,ASP5,ASP,AG-CROP,JEA,5,WashingtonState,Palouse,Washington - Palouse,fine-silty,Silt Loam,533,9,,
JEA2-PGL4,,,,Ref - CRP,Ref,WA-075-SW-JEA2-PGL4-0_5-2018,GRASS,Perennial,PGL4,PGL,ALT,JEA,4,WashingtonState,Palouse,Washington - Palouse,fine-silty,Silt Loam,533,9,,
KRR1-BAU2,,,,BAU,BAU,WA-075-SW-KRR1-BAU2-0_5-2018,CROP,Till,BAU2,BAU,AG-CROP,KRR,2,WashingtonState,Palouse,Washington - Palouse,fine-silty,Silt Loam,533,9,,
KRR1-PGL5,,,,Ref - CRP,Ref,WA-075-SW-KRR1-PGL5-0_5-2018,GRASS,Perennial,PGL5,PGL,ALT,KRR,5,WashingtonState,Palouse,Washington - Palouse,fine-silty,Silt Loam,533,9,,
ASP6-1,ASP6,-117.0822114,46.78188975,SHM - no-till,SHM,ID-057-SW-KUI-1AASP6-1-P1-0_5-2018,CROP,No-till,ASP6,ASP,AG-CROP,KU,6,WashingtonState,Palouse,Washington - Palouse,fine-silty,Silt Loam,533,9,,
ASP6-2,ASP6,-117.0822114,46.78188975,SHM - no-till,SHM,ID-057-SW-KUI-1B-ASP6-8-P2-0_5-18,CROP,No-till,ASP6,ASP,AG-CROP,KU,6,WashingtonState,Palouse,Washington - Palouse,fine-silty,Silt Loam,533,9,,
KUI1-BAU3,,,,BAU,BAU,ID-057-SW-KUI1-BAU3-0_5-2018,CROP,Till,BAU3,BAU,AG-CROP,KUI,3,WashingtonState,Palouse,Washington - Palouse,fine-silty,Silt Loam,533,9,,
ASP6-3,ASP6,-117.0822114,46.78188975,SHM - no-till,SHM,ID-057-SW-KUI-1C-ASP6-15-P3-0_5-18,CROP,No-till,ASP6,ASP,AG-CROP,KU,6,WashingtonState,Palouse,Washington - Palouse,fine-silty,Silt Loam,533,9,,
BAU3-1,BAU3,-117.0822114,46.78188975,BAU,BAU,ID-057-SW-KUI-2A-BAU3-1-P1-0_5-18,CROP,Till,BAU3,BAU,AG-CROP,KU,3,WashingtonState,Palouse,Washington - Palouse,fine-silty,Silt Loam,533,9,sandy clay loam,
BAU3-2,BAU3,-117.4236809,46.74504916,BAU,BAU,ID-057-SW-KUI-2B-BAU3-7-P2-0_5-18,CROP,Till,BAU3,BAU,AG-CROP,KU,3,WashingtonState,Palouse,Washington - Palouse,fine-silty,Silt Loam,533,9,sandy clay loam,
BAU3-3,BAU3,-117.4236809,46.74504916,BAU,BAU,ID-057-SW-KUI-2C-BAU3-13-P3-0_5-18,CROP,Till,BAU3,BAU,AG-CROP,KU,3,WashingtonState,Palouse,Washington - Palouse,fine-silty,Silt Loam,533,9,sandy clay loam,
BAU8-1,BAU8,-117.4236809,46.74504916,BAU,BAU,WA-075-SW-LYM-1A-BAU8-1-0_5-18,CROP,Till,BAU8,BAU,AG-CROP,LYM,8,WashingtonState,Palouse,Washington - Palouse,fine-silty,Silt Loam,533,9,sandy loam,
BAU8-2,BAU8,-117.4236809,46.74504915,BAU,BAU,WA-075-SW-LYM-1B-BAU8-7-0_5-18,CROP,Till,BAU8,BAU,AG-CROP,LYM,8,WashingtonState,Palouse,Washington - Palouse,fine-silty,Silt Loam,533,9,sandy loam,
BAU8-3,BAU8,-117.4236808,46.74504922,BAU,BAU,WA-075-SW-LYM-1C-BAU8-14-0_5-18,CROP,Till,BAU8,BAU,AG-CROP,LYM,8,WashingtonState,Palouse,Washington - Palouse,fine-silty,Silt Loam,533,9,loamy sand,
LYM1-PGL6,,,,Ref - CRP,Ref,WA-075-SW-LYM1-PGL6-0_5-2018,GRASS,Perennial,PGL6,PGL,ALT,LYM,6,WashingtonState,Palouse,Washington - Palouse,fine-silty,Silt Loam,533,9,sandy loam,
LYM-BAU4,,,,BAU,BAU,WA-075-SW-LYM1-BAU4-0_5-2018,CROP,Till,BAU4,BAU,AG-CROP,LYM,4,WashingtonState,Palouse,Washington - Palouse,fine-silty,Silt Loam,533,9,sandy loam,
PCF1-ASP7,,,,SHM - no-till,SHM,WA-075-SW-PCFS1-ASP7-0_5-2018,CROP,No-till,ASP7,ASP,AG-CROP,PCF,7,WashingtonState,Palouse,Washington - Palouse,fine-silty,Silt Loam,533,9,,
PCF2-PGL8,,,,Ref - CRP,Ref,WA-075-SW-PCFS2-PGL8-0_5-2018,GRASS,Perennial,PGL8,PGL,ALT,PCF,8,WashingtonState,Palouse,Washington - Palouse,fine-silty,Silt Loam,533,9,,
PCFS1- BAU5,,,,BAU,BAU,WA-075-SW-PCFS1-BAU5-0_5-2018,CROP,Till,BAU5,BAU,AG-CROP,PCF,5,WashingtonState,Palouse,Washington - Palouse,fine-silty,Silt Loam,533,9,,
PCFS1-PGL7,,,,Ref - CRP,Ref,WA-075-SW-PCFS1-PGL7-0_5-2018,GRASS,Perennial,PGL7,PGL,ALT,PCF,7,WashingtonState,Palouse,Washington - Palouse,fine-silty,Silt Loam,533,9,,
PGL7-7a,PGL7,-117.1998969,46.75739636,Ref - CRP,Ref,WA-075-SW-PCFS1-PGL7-0_5-2018,GRASS,Perennial,PGL7,PGL,ALT,PCF,7,WashingtonState,Palouse,Washington - Palouse,fine-silty,Silt Loam,533,9,,
PGL7-7b,PGL7,-117.1998969,46.75739636,Ref - CRP,Ref,WA-075-SW-PCFS1-PGL7-0_5-2018,GRASS,Perennial,PGL7,PGL,ALT,PCF,7,WashingtonState,Palouse,Washington - Palouse,fine-silty,Silt Loam,533,9,,
PGL7-7c,PGL7,-117.1998969,46.75739636,Ref - CRP,Ref,WA-075-SW-PCFS1-PGL7-0_5-2018,GRASS,Perennial,PGL7,PGL,ALT,PCF,7,WashingtonState,Palouse,Washington - Palouse,fine-silty,Silt Loam,533,9,,
PCFS2-ASP8,,,,SHM - no-till,SHM,WA-075-SW-PCFS2-ASP8-0_5-2018,CROP,No-till,ASP8,ASP,AG-CROP,PCF,8,WashingtonState,Palouse,Washington - Palouse,fine-silty,Silt Loam,533,9,,
PCFS2-BAU6,,,,BAU,BAU,WA-075-SW-PCFS2-BAU6-0_5-2018,CROP,Till,BAU6,BAU,AG-CROP,PCF,6,WashingtonState,Palouse,Washington - Palouse,fine-silty,Silt Loam,533,9,,
ASP9-1,ASP9,-117.2000596,46.75757137,SHM - no-till,SHM,WA-075-SW-PCFS3-1A-ASP9-1-0_5-2018,CROP,No-till,ASP9,ASP,AG-CROP,PCF,9,WashingtonState,Palouse,Washington - Palouse,fine-silty,Silt Loam,533,9,,
ASP9-2,ASP9,-117.2000596,46.75757137,SHM - no-till,SHM,WA-075-SW-PCFS3-1B-ASP9-7-0_5-2018,CROP,No-till,ASP9,ASP,AG-CROP,PCF,9,WashingtonState,Palouse,Washington - Palouse,fine-silty,Silt Loam,533,9,,
ASP9-3,ASP9,-117.4236807,46.74504918,SHM - no-till,SHM,WA-075-SW-PCFS31C-ASP9-14-0_5-2018,CROP,No-till,ASP9,ASP,AG-CROP,PCF,9,WashingtonState,Palouse,Washington - Palouse,fine-silty,Silt Loam,533,9,,
PGL9-1,PGL9,-117.20006,46.75757146,Ref - CRP,Ref,WA-075-SW-PCFS3-2A-PGL9-1-0_5-18,GRASS,Perennial,PGL9,PGL,ALT,PCF,9,WashingtonState,Palouse,Washington - Palouse,fine-silty,Silt Loam,533,9,,
PGL9-2,PGL9,-117.1998969,46.75739636,Ref - CRP,Ref,WA-075-SW-PCFS3-2B-PGL9-8-0_5-18,GRASS,Perennial,PGL9,PGL,ALT,PCF,9,WashingtonState,Palouse,Washington - Palouse,fine-silty,Silt Loam,533,9,,
PGL9-3,PGL9,-117.1998969,46.75739636,Ref - CRP,Ref,WA-075-SW-PCFS3-2C-PGL9-15-0_5-18,GRASS,Perennial,PGL9,PGL,ALT,PCF,9,WashingtonState,Palouse,Washington - Palouse,fine-silty,Silt Loam,533,9,,
PCFS3-ASP9,,,,SHM - no-till,SHM,WA-075-SW-PCFS3-ASP9-0_5-2018,CROP,No-till,ASP9,ASP,AG-CROP,PCF,9,WashingtonState,Palouse,Washington - Palouse,fine-silty,Silt Loam,533,9,,
PCFS3-BAU7,,,,BAU,BAU,WA-075-SW-PCFS3-BAU7-0_5-2018,CROP,Till,BAU,BAU,AG-CROP,PCF,7,WashingtonState,Palouse,Washington - Palouse,fine-silty,Silt Loam,533,9,,
PCFS3-PGL9,,,,Ref - CRP,Ref,WA-075-SW-PCFS3-PGL9-0_5-2018,GRASS,Perennial,PGL9,PGL,ALT,PCF,9,WashingtonState,Palouse,Washington - Palouse,fine-silty,Silt Loam,533,9,,
