dsp_pedon_id,soc_stock_30cm,soc_stock_100cm,dsp_plot_id,dspplotmgt_id,label_full,label,lu,till,trt,explanation,gen_state,site,project,soil,lat,long,ID,mat,map,climate,single_ring_infiltration_1,single_ring_infiltration_2,cornell_infiltrometer
AR2-1,37.86636460995,NA,AR2,2,Ref - Reference,Ref,FOREST,Perennial,Reference,"Native treeline composed of mesquite, hackberry, anacua and others. No major disturbances in over 50 years.",Reference,UTRGV10,UTRGV,Hidalgo,26.309166,-98.203663,135,23.37433433532715,590,warm_dry,1.781,1.2331,0.708
AR2-2,71.20026126455,NA,AR2,2,Ref - Reference,Ref,FOREST,Perennial,Reference,"Native treeline composed of mesquite, hackberry, anacua and others. No major disturbances in over 50 years.",Reference,UTRGV10,UTRGV,Hidalgo,26.30907954,-98.20307,136,23.37433433532715,590,warm_dry,3.4887,2.1167,3.47
AR2-3,97.4863786082,NA,AR2,2,Ref - Reference,Ref,FOREST,Perennial,Reference,"Native treeline composed of mesquite, hackberry, anacua and others. No major disturbances in over 50 years.",Reference,UTRGV10,UTRGV,Hidalgo,26.30896,-98.202272,137,23.37433433532715,590,warm_dry,10.048,2.3446,7.19
AR3-1,119.89706493385,NA,AR3,3,Ref - Reference,Ref,FOREST,Perennial,Reference,"Native treeline composed of mesquite, Texas ebony, and others. Undisturbed in landowner's memory (60+ year). Area catches sand deposited by strong winds.",Reference,UTRGV11,UTRGV,Hidalgo,26.425936,-97.865571,138,22.996166229248047,682,warm_dry,10.783,27.4595,28.55
AR3-2,91.56810214664999,NA,AR3,3,Ref - Reference,Ref,FOREST,Perennial,Reference,"Native treeline composed of mesquite, Texas ebony, and others. Undisturbed in landowner's memory (60+ year). Area catches sand deposited by strong winds.",Reference,UTRGV11,UTRGV,Hidalgo,26.42575,-97.86555,139,22.996166229248047,682,warm_dry,20.5022,7.3094,9.97
AR3-3,140.89977950605,NA,AR3,3,Ref - Reference,Ref,FOREST,Perennial,Reference,"Native treeline composed of mesquite, Texas ebony, and others. Undisturbed in landowner's memory (60+ year). Area catches sand deposited by strong winds.",Reference,UTRGV11,UTRGV,Hidalgo,26.425912,-97.863987,140,22.996166229248047,682,warm_dry,123.5676,29.8824,30.624
ASP10-1,46.25691395348838,74.66571395348838,ASP10,4,SHM - no-till,SHM,CROP,No-till,ASP10,ASP,AG-CROP,JEA,WashingtonState,Palouse,46.78836813,-117.4595977,278,9.623666763305664,461,cool_dry,NA,NA,NA
ASP10-2,38.131627906976746,61.45102790697675,ASP10,4,SHM - no-till,SHM,CROP,No-till,ASP10,ASP,AG-CROP,JEA,WashingtonState,Palouse,46.788368,-117.4595978,280,9.623666763305664,461,cool_dry,NA,NA,NA
ASP10-3,21.847637209302327,26.656337209302325,ASP10,4,SHM - no-till,SHM,CROP,No-till,ASP10,ASP,AG-CROP,JEA,WashingtonState,Palouse,46.78836851,-117.4595972,281,9.623666763305664,461,cool_dry,NA,NA,NA
ASP2-1,131.620446,183.80327515,ASP2,5,SHM - no-till,SHM,CROP,No-till,ASP2,ASP,AG-CROP,CK,WashingtonState,Palouse,46.78188975,-117.0822114,268,8.233333587646484,611,cool_dry,NA,NA,NA
ASP2-2,50.670959,115.48901900000001,ASP2,5,SHM - no-till,SHM,CROP,No-till,ASP2,ASP,AG-CROP,CK,WashingtonState,Palouse,46.78188975,-117.0822114,270,8.233333587646484,611,cool_dry,NA,NA,NA
ASP2-3,98.61762499999999,176.598318875,ASP2,5,SHM - no-till,SHM,CROP,No-till,ASP2,ASP,AG-CROP,CK,WashingtonState,Palouse,46.78188975,-117.0822114,272,8.233333587646484,611,cool_dry,NA,NA,NA
ASP6-1,68.49199999999999,93.26899999999999,ASP6,6,SHM - no-till,SHM,CROP,No-till,ASP6,ASP,AG-CROP,KU,WashingtonState,Palouse,46.78188975,-117.0822114,287,8.233333587646484,611,cool_dry,NA,NA,NA
ASP6-2,54.09,101.735,ASP6,6,SHM - no-till,SHM,CROP,No-till,ASP6,ASP,AG-CROP,KU,WashingtonState,Palouse,46.78188975,-117.0822114,288,8.233333587646484,611,cool_dry,NA,NA,NA
ASP6-3,98.0489,143.9228,ASP6,6,SHM - no-till,SHM,CROP,No-till,ASP6,ASP,AG-CROP,KU,WashingtonState,Palouse,46.78188975,-117.0822114,290,8.233333587646484,611,cool_dry,NA,NA,NA
ASP9-1,54.139695,185.597135,ASP9,7,SHM - no-till,SHM,CROP,No-till,ASP9,ASP,AG-CROP,PCF,WashingtonState,Palouse,46.75757137,-117.2000596,308,8.493000030517578,542,cool_dry,NA,NA,NA
ASP9-2,58.405331999999994,144.376131,ASP9,7,SHM - no-till,SHM,CROP,No-till,ASP9,ASP,AG-CROP,PCF,WashingtonState,Palouse,46.75757137,-117.2000596,309,8.493000030517578,542,cool_dry,NA,NA,NA
ASP9-3,65.8435316,91.35774280000001,ASP9,7,SHM - no-till,SHM,CROP,No-till,ASP9,ASP,AG-CROP,PCF,WashingtonState,Palouse,46.74504918,-117.4236807,310,10.14466667175293,455,cool_dry,NA,NA,NA
AX1-1,53.43225237425,NA,AX1,8,BAU - Conventional Till,BAU,CROP,Till,Conventional Till,"Conventional tillage with a sorghum, sesame, cotton rotation",AG-CROP,UTRGV1,UTRGV,Hidalgo,26.37183,-97.86129,108,23.07349967956543,673,warm_dry,45.72,4.8768,7.013
AX1-2,104.70758912710001,NA,AX1,8,BAU - Conventional Till,BAU,CROP,Till,Conventional Till,"Conventional tillage with a sorghum, sesame, cotton rotation",AG-CROP,UTRGV1,UTRGV,Hidalgo,26.376803,-97.861285,109,23.059999465942383,678,warm_dry,33.2509,3.7125,5.652
AX1-3,75.13604887955,NA,AX1,8,BAU - Conventional Till,BAU,CROP,Till,Conventional Till,"Conventional tillage with a sorghum, sesame, cotton rotation",AG-CROP,UTRGV1,UTRGV,Hidalgo,26.381147,-97.861396,110,23.059999465942383,678,warm_dry,41.1892,4.9669,5.832
AX2-1,56.35990597475,NA,AX2,9,BAU - Conventional Till,BAU,CROP,Till,Conventional Till,"Conventional tillage with a cotton, sorghum rotation",AG-CROP,UTRGV2,UTRGV,Hidalgo,26.372257,-97.860439,111,23.07349967956543,673,warm_dry,23.8125,2.1591,6.3
AX2-2,54.70668104765,NA,AX2,9,BAU - Conventional Till,BAU,CROP,Till,Conventional Till,"Conventional tillage with a cotton, sorghum rotation",AG-CROP,UTRGV2,UTRGV,Hidalgo,26.372359,-97.854799,112,23.07349967956543,673,warm_dry,41.189,6.819,10.439
AX2-3,83.78510242784999,NA,AX2,9,BAU - Conventional Till,BAU,CROP,Till,Conventional Till,"Conventional tillage with a cotton, sorghum rotation",AG-CROP,UTRGV2,UTRGV,Hidalgo,26.372348,-97.841816,113,23.07349967956543,673,warm_dry,21.9281,1.6308,1.992
AX3-1,77.02132320505,NA,AX3,10,BAU - Conventional Till,BAU,CROP,Till,Conventional Till,"Conventional tillage with a cotton, corn, and sorghum rotation",AG-CROP,UTRGV3,UTRGV,Hidalgo,26.449237,-97.845711,114,22.996166229248047,682,warm_dry,25.2597,5.4171,8.52
AX3-2,97.6561192006,NA,AX3,10,BAU - Conventional Till,BAU,CROP,Till,Conventional Till,"Conventional tillage with a cotton, corn, and sorghum rotation",AG-CROP,UTRGV3,UTRGV,Hidalgo,26.45138326,-97.84310718,115,22.996166229248047,682,warm_dry,4.007,0.9079,2.39
AX3-3,59.149796540400004,NA,AX3,10,BAU - Conventional Till,BAU,CROP,Till,Conventional Till,"Conventional tillage with a cotton, corn, and sorghum rotation",AG-CROP,UTRGV3,UTRGV,Hidalgo,26.451224,-97.842418,116,22.996166229248047,682,warm_dry,3.0767,1.0149,1.656
AY1-1,43.03985897439999,NA,AY1,11,BAU - Intermittent Till,BAU,CROP,Till,Intermittent Till,"Strip tillage for 2 years, followed by return to conventional till for herbicide resistant weed management. Sorghum/cotton rotation.",AG-CROP,UTRGV4,UTRGV,Hidalgo,26.429164,-97.87775,117,22.969499588012695,668,warm_dry,31.972,8.8348,10.031
AY1-2,20.85691461685,NA,AY1,11,BAU - Intermittent Till,BAU,CROP,Till,Intermittent Till,"Strip tillage for 2 years, followed by return to conventional till for herbicide resistant weed management. Sorghum/cotton rotation.",AG-CROP,UTRGV4,UTRGV,Hidalgo,26.428431,-97.876675,118,22.969499588012695,668,warm_dry,0.311,0.1657,1.49
AY1-3,48.40432484875,NA,AY1,11,BAU - Intermittent Till,BAU,CROP,Till,Intermittent Till,"Strip tillage for 2 years, followed by return to conventional till for herbicide resistant weed management. Sorghum/cotton rotation.",AG-CROP,UTRGV4,UTRGV,Hidalgo,26.423498,-97.878012,119,22.969499588012695,668,warm_dry,17.7553,2.9497,2.217
AY2-1,42.24440818495,NA,AY2,12,BAU - Intermittent Till,BAU,CROP,Till,Intermittent Till,"Strip tillage for 3 years, followed by return to conventional till for herbicide resistant weed management. Sorghum/cotton rotation.",AG-CROP,UTRGV5,UTRGV,Hidalgo,26.417867,-97.87736,120,22.969499588012695,668,warm_dry,8.4354,0.753,0.93
AY2-2,46.540247467899995,NA,AY2,12,BAU - Intermittent Till,BAU,CROP,Till,Intermittent Till,"Strip tillage for 3 years, followed by return to conventional till for herbicide resistant weed management. Sorghum/cotton rotation.",AG-CROP,UTRGV5,UTRGV,Hidalgo,26.408338,-97.877546,121,22.976499557495117,667,warm_dry,14.8683,1.1006,0.69
AY2-3,46.32274701065,NA,AY2,12,BAU - Intermittent Till,BAU,CROP,Till,Intermittent Till,"Strip tillage for 3 years, followed by return to conventional till for herbicide resistant weed management. Sorghum/cotton rotation.",AG-CROP,UTRGV5,UTRGV,Hidalgo,26.408107,-97.867819,122,23.059999465942383,678,warm_dry,0.9531,0.4,1.75
AY3-1,51.79236229525,NA,AY3,13,BAU - Intermittent Till,BAU,CROP,Till,Intermittent Till,"Strip tillage for 2 years, followed by return to conventional till for herbicide resistant weed management. Sorghum/cotton rotation.",AG-CROP,UTRGV6,UTRGV,Hidalgo,26.378011,-97.894115,123,22.976499557495117,667,warm_dry,8.7754,0.9645,0.39
AY3-2,56.2664792188,NA,AY3,13,BAU - Intermittent Till,BAU,CROP,Till,Intermittent Till,"Strip tillage for 2 years, followed by return to conventional till for herbicide resistant weed management. Sorghum/cotton rotation.",AG-CROP,UTRGV6,UTRGV,Hidalgo,26.371559,-97.882158,124,23.023332595825195,658,warm_dry,28.6646,2.2622,1.36
AY3-3,60.3876926694,NA,AY3,13,BAU - Intermittent Till,BAU,CROP,Till,Intermittent Till,"Strip tillage for 2 years, followed by return to conventional till for herbicide resistant weed management. Sorghum/cotton rotation.",AG-CROP,UTRGV6,UTRGV,Hidalgo,26.371856,-97.881485,125,23.023332595825195,658,warm_dry,56.795,8.3967,10.85
AZ1-1,61.8286860443,NA,AZ1,14,BAU - Strip Till,BAU,CROP,Till,Strip Till,Strip tillage for 4 years with a cotton/sorghum rotation.,AG-CROP,UTRGV7,UTRGV,Hidalgo,26.442916,-97.814156,126,22.976333618164063,690,warm_dry,5.8503,0.782,2.71
AZ1-2,52.87059914875,NA,AZ1,14,BAU - Strip Till,BAU,CROP,Till,Strip Till,Strip tillage for 4 years with a cotton/sorghum rotation.,AG-CROP,UTRGV7,UTRGV,Hidalgo,26.440373,-97.81413,127,22.976333618164063,690,warm_dry,31.972,1.427,4.43
AZ1-3,45.2323455958,NA,AZ1,14,BAU - Strip Till,BAU,CROP,Till,Strip Till,Strip tillage for 4 years with a cotton/sorghum rotation.,AG-CROP,UTRGV7,UTRGV,Hidalgo,26.441954,-97.814157,128,22.976333618164063,690,warm_dry,11.473,1.5617,2.69
AZ2-1,29.676456593,NA,AZ2,15,BAU - Strip Till,BAU,CROP,Till,Strip Till,Strip tillage for 3 years with a cotton/sorghum rotation.,AG-CROP,UTRGV8,UTRGV,Hidalgo,26.358343,-97.857232,129,23.07349967956543,673,warm_dry,15.4983,1.9758,3.262
AZ2-2,29.048444585450003,NA,AZ2,15,BAU - Strip Till,BAU,CROP,Till,Strip Till,Strip tillage for 3 years with a cotton/sorghum rotation.,AG-CROP,UTRGV8,UTRGV,Hidalgo,26.358388,-97.846311,130,23.07349967956543,673,warm_dry,44.6049,7.3861,1.76
AZ2-3,43.81382147275,NA,AZ2,15,BAU - Strip Till,BAU,CROP,Till,Strip Till,Strip tillage for 3 years with a cotton/sorghum rotation.,AG-CROP,UTRGV8,UTRGV,Hidalgo,26.36504,-97.85824,131,23.07349967956543,673,warm_dry,22.4668,8.0706,6.81
AZ3-1,34.897414607900004,NA,AZ3,16,BAU - Strip Till,BAU,CROP,Till,Strip Till,"Strip tillage for 6 years with a cotton/sorghum rotation, Sunn hemp cover crop 1 year before sampling.",AG-CROP,UTRGV9,UTRGV,Hidalgo,26.389298,-97.852623,132,23.059999465942383,678,warm_dry,117.2308,3.0592,17.16
AZ3-2,31.359774870249996,NA,AZ3,16,BAU - Strip Till,BAU,CROP,Till,Strip Till,"Strip tillage for 6 years with a cotton/sorghum rotation, Sunn hemp cover crop 1 year before sampling.",AG-CROP,UTRGV9,UTRGV,Hidalgo,26.387731,-97.852666,133,23.059999465942383,678,warm_dry,81.6429,8.9735,11.28
AZ3-3,38.64680516429999,NA,AZ3,16,BAU - Strip Till,BAU,CROP,Till,Strip Till,"Strip tillage for 6 years with a cotton/sorghum rotation, Sunn hemp cover crop 1 year before sampling.",AG-CROP,UTRGV9,UTRGV,Hidalgo,26.387833,-97.849146,134,23.059999465942383,678,warm_dry,77.4915,11.2472,18.2
BAU3-1,37.4092,69.7324,BAU3,17,BAU,BAU,CROP,Till,BAU3,BAU,AG-CROP,KU,WashingtonState,Palouse,46.78188975,-117.0822114,291,8.233333587646484,611,cool_dry,NA,NA,NA
BAU3-2,34.0403,74.1475,BAU3,17,BAU,BAU,CROP,Till,BAU3,BAU,AG-CROP,KU,WashingtonState,Palouse,46.74504916,-117.4236809,292,10.14466667175293,455,cool_dry,NA,NA,NA
BAU3-3,31.732,60.981100000000005,BAU3,17,BAU,BAU,CROP,Till,BAU3,BAU,AG-CROP,KU,WashingtonState,Palouse,46.74504916,-117.4236809,293,10.14466667175293,455,cool_dry,NA,NA,NA
BAU8-1,144.09200444444443,190.86950444444443,BAU8,18,BAU,BAU,CROP,Till,BAU8,BAU,AG-CROP,LYM,WashingtonState,Palouse,46.74504916,-117.4236809,294,10.14466667175293,455,cool_dry,NA,NA,NA
BAU8-2,101.47709703703703,227.65233903703702,BAU8,18,BAU,BAU,CROP,Till,BAU8,BAU,AG-CROP,LYM,WashingtonState,Palouse,46.74504915,-117.4236809,295,10.14466667175293,455,cool_dry,NA,NA,NA
BAU8-3,125.47024044444444,192.749944765873,BAU8,18,BAU,BAU,CROP,Till,BAU8,BAU,AG-CROP,LYM,WashingtonState,Palouse,46.74504922,-117.4236808,296,10.14466667175293,455,cool_dry,NA,NA,NA
BAU9-1,46.177931,113.02985419999999,BAU9,19,BAU,BAU,CROP,Till,BAU9,BAU,AG-CROP,CK,WashingtonState,Palouse,46.78188975,-117.0822114,273,8.233333587646484,611,cool_dry,NA,NA,NA
BAU9-2,46.146452,97.36772500000001,BAU9,19,BAU,BAU,CROP,Till,BAU9,BAU,AG-CROP,CK,WashingtonState,Palouse,46.78188975,-117.0822114,274,8.233333587646484,611,cool_dry,NA,NA,NA
BAU9-3,41.46541481481482,100.30190270740741,BAU9,19,BAU,BAU,CROP,Till,BAU9,BAU,AG-CROP,CK,WashingtonState,Palouse,46.78188975,-117.0822114,275,8.233333587646484,611,cool_dry,NA,NA,NA
CVT - 1 - 1,7.772500000000001,21.332,CVT - 1,28,BAU,BAU,CROP,Till,Conv Till - 1,CT,AG-CROP,Lamesa,TexasA&MPt-1,Amarillo,32.774177,-101.9472,188,16.16983413696289,462,warm_dry,NA,NA,NA
CVT - 1 - 2,7.009500000000001,25.308,CVT - 1,28,BAU,BAU,CROP,Till,Conv Till - 1,CT,AG-CROP,Lamesa,TexasA&MPt-1,Amarillo,32.774177,-101.9472,189,16.16983413696289,462,warm_dry,NA,NA,NA
CVT - 1 - 3,9.464500000000001,24.3145,CVT - 1,28,BAU,BAU,CROP,Till,Conv Till - 1,CT,AG-CROP,Lamesa,TexasA&MPt-1,Amarillo,32.774177,-101.9472,190,16.16983413696289,462,warm_dry,NA,NA,NA
CVT - 2 - 1,10.011,26.194499999999998,CVT - 2,29,BAU,BAU,CROP,Till,Conv Till - 2,CT,AG-CROP,Lamesa,TexasA&MPt-1,Amarillo,32.774988,-101.947051,203,16.16983413696289,462,warm_dry,NA,NA,NA
CVT - 2 - 2,8.099,21.9975,CVT - 2,29,BAU,BAU,CROP,Till,Conv Till - 2,CT,AG-CROP,Lamesa,TexasA&MPt-1,Amarillo,32.774988,-101.947051,204,16.16983413696289,462,warm_dry,NA,NA,NA
CVT - 2 - 3,8.914,28.0345,CVT - 2,29,BAU,BAU,CROP,Till,Conv Till - 2,CT,AG-CROP,Lamesa,TexasA&MPt-1,Amarillo,32.774988,-101.947051,205,16.16983413696289,462,warm_dry,NA,NA,NA
CVT - 3 - 1,10.988,22.177999999999997,CVT - 3,30,BAU,BAU,CROP,Till,Conv Till - 3,CT,AG-CROP,Lamesa,TexasA&MPt-1,Amarillo,32.775734,-101.947185,209,16.16983413696289,462,warm_dry,NA,NA,NA
CVT - 3 - 2,11.971499999999999,29.463499999999996,CVT - 3,30,BAU,BAU,CROP,Till,Conv Till - 3,CT,AG-CROP,Lamesa,TexasA&MPt-1,Amarillo,32.775734,-101.947185,210,16.16983413696289,462,warm_dry,NA,NA,NA
CVT - 3 - 3,10.3885,28.084,CVT - 3,30,BAU,BAU,CROP,Till,Conv Till - 3,CT,AG-CROP,Lamesa,TexasA&MPt-1,Amarillo,32.775734,-101.947185,211,16.16983413696289,462,warm_dry,NA,NA,NA
CeC1-1,74.34275329357,105.02529803361,CeC1,20,BAU,BAU,CROP,Till,wheat - 1,corn,AG-CROP,Lake Wheeler,NCState,Cecil,35.73547,-78.6893,167,15.360666275024414,1154,warm_wet,NA,NA,NA
CeC1-2,54.63483346402,64.9650078622,CeC1,20,BAU,BAU,CROP,Till,wheat - 1,corn,AG-CROP,Lake Wheeler,NCState,Cecil,35.73571,-78.68135,165,15.360666275024414,1154,warm_wet,NA,NA,NA
CeC1-3,62.89246156711,74.00860673521,CeC1,20,BAU,BAU,CROP,Till,wheat - 1,corn,AG-CROP,Lake Wheeler,NCState,Cecil,35.73594,-78.68177,166,15.360666275024414,1154,warm_wet,NA,NA,NA
CeC2-1,69.45844755589,103.48586897509,CeC2,21,BAU,BAU,CROP,Till,wheat - 2,corn,AG-CROP,Lake Wheeler,NCState,Cecil,35.72791,-78.67495,168,15.360666275024414,1154,warm_wet,NA,NA,NA
CeC2-2,60.08260500589999,87.21865740794,CeC2,21,BAU,BAU,CROP,Till,wheat - 2,corn,AG-CROP,Lake Wheeler,NCState,Cecil,35.72765,-78.67525,169,15.360666275024414,1154,warm_wet,NA,NA,NA
CeC2-3,75.12760846965,83.71676966799,CeC2,21,BAU,BAU,CROP,Till,wheat - 2,corn,AG-CROP,Lake Wheeler,NCState,Cecil,35.72739,-78.67555,170,15.360666275024414,1154,warm_wet,NA,NA,NA
CeC3-1,122.34704903778001,177.51019232715,CeC3,22,BAU,BAU,CROP,Till,wheat - 3,corn,AG-CROP,Lake Wheeler,NCState,Cecil,35.72451,-78.67194,171,15.360666275024414,1154,warm_wet,NA,NA,NA
CeC3-2,132.60002145286,NA,CeC3,22,BAU,BAU,CROP,Till,wheat - 3,corn,AG-CROP,Lake Wheeler,NCState,Cecil,35.72481,-78.67194,172,15.360666275024414,1154,warm_wet,NA,NA,NA
CeC3-3,138.5914635771,198.52800737914998,CeC3,22,BAU,BAU,CROP,Till,wheat - 3,corn,AG-CROP,Lake Wheeler,NCState,Cecil,35.72511,-78.67194,173,15.360666275024414,1154,warm_wet,NA,NA,NA
CeF3-1,51.02217661534999,64.32087263314999,CeF3,23,Ref - Forest,Ref,FOREST,Perennial,forest,forest,Reference,Lake Wheeler,NCState,Cecil,35.72612,-78.66969,175,15.360666275024414,1154,warm_wet,NA,NA,NA
CeF3-2,55.235556664099995,76.09243301209999,CeF3,23,Ref - Forest,Ref,FOREST,Perennial,forest,forest,Reference,Lake Wheeler,NCState,Cecil,35.72619,-78.66952,174,15.360666275024414,1154,warm_wet,NA,NA,NA
CeH1-1,48.02648163543999,72.65563874845999,CeH1,24,SHM - forage,SHM,FORAGE,Perennial,hay 1,hay,AG-FORAGE,Lake Wheeler,NCState,Cecil,35.73409,-78.68048,176,15.360666275024414,1154,warm_wet,NA,NA,NA
CeH1-2,90.68126748624,107.17048353804,CeH1,24,SHM - forage,SHM,FORAGE,Perennial,hay 1,hay,AG-FORAGE,Lake Wheeler,NCState,Cecil,35.73443,-78.68042,177,15.360666275024414,1154,warm_wet,NA,NA,NA
CeH1-3,112.55846861605,126.60816315181,CeH1,24,SHM - forage,SHM,FORAGE,Perennial,hay 1,hay,AG-FORAGE,Lake Wheeler,NCState,Cecil,35.73477,-78.68036,178,15.360666275024414,1154,warm_wet,NA,NA,NA
CeH2-1,49.5608550941,82.87070971475,CeH2,25,SHM - forage,SHM,FORAGE,Perennial,hay 2,hay,AG-FORAGE,Lake Wheeler,NCState,Cecil,35.72877,-78.67504,179,15.360666275024414,1154,warm_wet,NA,NA,NA
CeH2-2,67.860337759675,86.357656286635,CeH2,25,SHM - forage,SHM,FORAGE,Perennial,hay 2,hay,AG-FORAGE,Lake Wheeler,NCState,Cecil,35.72871,-78.67478,180,15.360666275024414,1154,warm_wet,NA,NA,NA
CeH2-3,91.40998372642,102.23147216001999,CeH2,25,SHM - forage,SHM,FORAGE,Perennial,hay 2,hay,AG-FORAGE,Lake Wheeler,NCState,Cecil,35.72865,-78.67452,181,15.360666275024414,1154,warm_wet,NA,NA,NA
CeH3-1,98.155963709775,NA,CeH3,26,SHM - forage,SHM,FORAGE,Perennial,hay 3,hay,AG-FORAGE,Lake Wheeler,NCState,Cecil,35.73246,-78.67191,182,15.360666275024414,1154,warm_wet,NA,NA,NA
CeH3-2,44.98351287932,NA,CeH3,26,SHM - forage,SHM,FORAGE,Perennial,hay 3,hay,AG-FORAGE,Lake Wheeler,NCState,Cecil,35.73285,-78.67204,183,15.360666275024414,1154,warm_wet,NA,NA,NA
CeH3-3,52.61298635957,70.99943846837,CeH3,26,SHM - forage,SHM,FORAGE,Perennial,hay 3,hay,AG-FORAGE,Lake Wheeler,NCState,Cecil,35.73325,-78.67215,184,15.360666275024414,1154,warm_wet,NA,NA,NA
IL-019-SW-ARBRTM-001,123.5963896338173,194.7592595456873,IL-019-SW-ARBRTM,31,Ref - Ref,Ref,FOREST,Perennial,Ref,Restored since 1990,Reference,Arboretum,Illinois,Drummer,40.0916401,-88.216396,13,11.226499557495117,1011,cool_wet,NA,NA,NA
IL-019-SW-ARBRTM-002,127.633380329148,201.967941161242,IL-019-SW-ARBRTM,31,Ref - Ref,Ref,FOREST,Perennial,Ref,Restored since 1990,Reference,Arboretum,Illinois,Drummer,40.0918033,-88.2161899,14,11.226499557495117,1011,cool_wet,NA,NA,NA
IL-019-SW-ARBRTM-003,107.685057717326,195.252135519095,IL-019-SW-ARBRTM,31,Ref - Ref,Ref,FOREST,Perennial,Ref,Restored since 1990,Reference,Arboretum,Illinois,Drummer,40.0914285,-88.2159005,15,11.226499557495117,1011,cool_wet,NA,NA,NA
IL-019-SW-RTHRML-001,85.09009133592338,144.14519092382235,IL-019-SW-RTHRML,32,SHM - NT,SHM,CROP,No-till,NT,No-Till managed with corn-soybean rotations,AG-CROP,Rothermel,Illinois,Drummer,39.9295,-88.0238,16,11.027999877929688,1022,cool_wet,NA,NA,NA
IL-019-SW-RTHRML-002,82.30804235537593,314.97192212149093,IL-019-SW-RTHRML,32,SHM - NT,SHM,CROP,No-till,NT,No-Till managed with corn-soybean rotations,AG-CROP,Rothermel,Illinois,Drummer,39.9295,-88.0238,17,11.027999877929688,1022,cool_wet,NA,NA,NA
IL-019-SW-RTHRML-003,135.4601988429834,215.8383719344034,IL-019-SW-RTHRML,32,SHM - NT,SHM,CROP,No-till,NT,No-Till managed with corn-soybean rotations,AG-CROP,Rothermel,Illinois,Drummer,NA,NA,NA,NA,NA,cool_wet,NA,NA,NA
IL-019-SW-RTHRML-004,81.06999439476117,139.97159603813216,IL-019-SW-RTHRML,32,SHM - NT,SHM,CROP,No-till,NT,No-Till managed with corn-soybean rotations,AG-CROP,Rothermel,Illinois,Drummer,NA,NA,NA,NA,NA,cool_wet,NA,NA,NA
IL-115-SW-ETAL-001,97.59285424262751,207.9891678686815,IL-115-SW-ETAL,33,BAU - Organic,BAU,CROP,Till,Organic,Organically managed in a corn-soybean-small grains rotation with cover crops established prior to corn,AG-CROP,Etal,Illinois,Drummer,39.895068,-88.745608,4,11.113166809082031,1005,cool_wet,NA,NA,NA
IL-115-SW-ETAL-002,77.95596951843599,158.083200108906,IL-115-SW-ETAL,33,BAU - Organic,BAU,CROP,Till,Organic,Organically managed in a corn-soybean-small grains rotation with cover crops established prior to corn,AG-CROP,Etal,Illinois,Drummer,39.895384,-88.746645,5,11.113166809082031,1005,cool_wet,NA,NA,NA
IL-115-SW-ETAL-003,87.0048923158495,155.9304502709785,IL-115-SW-ETAL,33,BAU - Organic,BAU,CROP,Till,Organic,Organically managed in a corn-soybean-small grains rotation with cover crops established prior to corn,AG-CROP,Etal,Illinois,Drummer,NA,NA,NA,NA,NA,cool_wet,NA,NA,NA
IL-115-SW-WDFLD-001,97.885057721973,171.239713308599,IL-115-SW-WDFLD,34,BAU - Organic,BAU,CROP,Till,Organic,Organically managed in a corn-soybean-small grains rotation with cover crops established prior to corn,AG-CROP,Woodfield,Illinois,Drummer,39.866062,-88.798131,1,11.21483325958252,1000,cool_wet,NA,NA,NA
IL-115-SW-WDFLD-002,100.39037066019,184.520203114737,IL-115-SW-WDFLD,34,BAU - Organic,BAU,CROP,Till,Organic,Organically managed in a corn-soybean-small grains rotation with cover crops established prior to corn,AG-CROP,Woodfield,Illinois,Drummer,39.865395,-88.799917,2,11.21483325958252,1000,cool_wet,NA,NA,NA
IL-115-SW-WDFLD-003,98.081461441465,179.647506001785,IL-115-SW-WDFLD,34,BAU - Organic,BAU,CROP,Till,Organic,Organically managed in a corn-soybean-small grains rotation with cover crops established prior to corn,AG-CROP,Woodfield,Illinois,Drummer,39.868482,-88.798039,3,11.21483325958252,1000,cool_wet,NA,NA,NA
IL-147-SW-CRP-001,109.08066184654498,196.63260837109098,IL-147-SW-CRP,35,BAU - Conventional,BAU,CROP,Till,Conventional,Conventionally managed field in a corn-soybean rotation with cover crops established prior to corn,AG-CROP,Cripe,Illinois,Drummer,39.895694,-88.743611,10,11.113166809082031,1005,cool_wet,NA,NA,NA
IL-147-SW-CRP-002,80.62378819226599,172.630924713675,IL-147-SW-CRP,35,BAU - Conventional,BAU,CROP,Till,Conventional,Conventionally managed field in a corn-soybean rotation with cover crops established prior to corn,AG-CROP,Cripe,Illinois,Drummer,NA,NA,NA,NA,NA,cool_wet,NA,NA,NA
IL-147-SW-CRP-003,72.7022529126295,125.7629007393295,IL-147-SW-CRP,35,BAU - Conventional,BAU,CROP,Till,Conventional,Conventionally managed field in a corn-soybean rotation with cover crops established prior to corn,AG-CROP,Cripe,Illinois,Drummer,NA,NA,NA,NA,NA,cool_wet,NA,NA,NA
IL-147-SW-TS-001,92.6546082119085,146.4329057544395,IL-147-SW-TS,36,BAU - Conventional,BAU,CROP,Till,Conventional,Conventionally managed field in a corn-soybean rotation with cover crops established prior to corn,AG-CROP,Taylor South,Illinois,Drummer,39.876683,-88.700021,7,11.108333587646484,1003,cool_wet,NA,NA,NA
IL-147-SW-TS-002,105.0989159391545,176.3584409926965,IL-147-SW-TS,36,BAU - Conventional,BAU,CROP,Till,Conventional,Conventionally managed field in a corn-soybean rotation with cover crops established prior to corn,AG-CROP,Taylor South,Illinois,Drummer,39.878541,-88.700776,8,11.108333587646484,1003,cool_wet,NA,NA,NA
IL-147-SW-TS-003,110.7667681221695,187.9295877771535,IL-147-SW-TS,36,BAU - Conventional,BAU,CROP,Till,Conventional,Conventionally managed field in a corn-soybean rotation with cover crops established prior to corn,AG-CROP,Taylor South,Illinois,Drummer,39.878261,-88.705988,9,11.108333587646484,1003,cool_wet,NA,NA,NA
JoF1 - 1,115.29965250000001,152.1738525,JoF1,37,Ref - Forest,Ref,FOREST,Perennial,Forest,"Douglas fir trees 25-30 years old, McDonald Dunn Research Forest at Lewisburg Saddle.",Reference,OSU1,OregonState,Jory,44.6361175,-123.2972812,26,10.439666748046875,1702,cool_wet,1025.548872,447.3890685,20.5
JoF1 - 2,158.06981000000002,216.27081,JoF1,37,Ref - Forest,Ref,FOREST,Perennial,Forest,"Douglas fir trees 25-30 years old, McDonald Dunn Research Forest at Lewisburg Saddle.",Reference,OSU1,OregonState,Jory,44.6362175,-123.2973802,27,10.439666748046875,1702,cool_wet,5588,1719.384615,37
JoF1 - 3,186.47997,275.20597000000004,JoF1,37,Ref - Forest,Ref,FOREST,Perennial,Forest,"Douglas fir trees 25-30 years old, McDonald Dunn Research Forest at Lewisburg Saddle.",Reference,OSU1,OregonState,Jory,44.6358175,-123.2974823,28,10.439666748046875,1702,cool_wet,4191,1625.6,38
JoF2 - 1,79.2221675,169.5700075,JoF2,38,Ref - Forest,Ref,FOREST,Perennial,Forest,Douglas fir trees were last harvested 25 years ago,Reference,OSU2,OregonState,Jory,44.918413,-123.355451,29,10.75433349609375,1556,cool_wet,914.4,198.7826087,40
JoF2 - 2,132.59575,274.49575,JoF2,38,Ref - Forest,Ref,FOREST,Perennial,Forest,Douglas fir trees were last harvested 25 years ago,Reference,OSU2,OregonState,Jory,44.918544,-123.355551,30,10.75433349609375,1556,cool_wet,3810,1959.428571,39
JoF2 - 3,124.22655000000002,267.87159,JoF2,38,Ref - Forest,Ref,FOREST,Perennial,Forest,Douglas fir trees were last harvested 25 years ago,Reference,OSU2,OregonState,Jory,44.918514,-123.355451,31,10.75433349609375,1556,cool_wet,4066.007905,2070.363961,40
JoF3 - 1,114.06334890000001,165.63113610000002,JoF3,39,Ref - Forest,Ref,FOREST,Perennial,Forest,"Weyerhauser 2nd growth timber, 24 years old. Minimally managed",Reference,OSU10,OregonState,Jory,44.74261,-123.41895,53,10.579500198364258,1722,cool_wet,3729.151194,636.759829,37.5
JoF3 - 2,243.15927000000002,320.88151,JoF3,39,Ref - Forest,Ref,FOREST,Perennial,Forest,"Weyerhauser 2nd growth timber, 24 years old. Minimally managed",Reference,OSU10,OregonState,Jory,44.74261,-123.41905,54,10.579500198364258,1722,cool_wet,3935.604396,1349.375,41
JoF3 - 3,196.95432,269.6604,JoF3,39,Ref - Forest,Ref,FOREST,Perennial,Forest,"Weyerhauser 2nd growth timber, 24 years old. Minimally managed",Reference,OSU10,OregonState,Jory,44.74261,-123.41875,55,10.579500198364258,1722,cool_wet,2000.355951,221.5483425,37.5
JoV1 - 1,98.2788075,170.7770925,JoV1,40,SHM - Vineyard,SHM,CROP,Conservation,Vineyard,Rootstock was established over 10 years ago. Grasses and forbs are grown in rows in between as a cover crop; light discing occurs periodically but not annually.,AG-CROP,OSU4,OregonState,Jory,45.24882,-123.07116,35,11.384166717529297,1036,cool_wet,268.3565217,121.5385109,31
JoV1 - 2,134.6886,214.45665,JoV1,40,SHM - Vineyard,SHM,CROP,Conservation,Vineyard,Rootstock was established over 10 years ago. Grasses and forbs are grown in rows in between as a cover crop; light discing occurs periodically but not annually.,AG-CROP,OSU4,OregonState,Jory,45.24882,-123.07126,36,11.384166717529297,1036,cool_wet,226.0879121,42.62350061,51
JoV1 - 3,119.10944999999998,235.56257,JoV1,40,SHM - Vineyard,SHM,CROP,Conservation,Vineyard,Rootstock was established over 10 years ago. Grasses and forbs are grown in rows in between as a cover crop; light discing occurs periodically but not annually.,AG-CROP,OSU4,OregonState,Jory,45.24912,-123.07096,37,11.384166717529297,1036,cool_wet,161.137218,41.66302161,29.88071288
JoV2 - 1,71.61426,99.44529,JoV2,41,SHM - Vineyard,SHM,CROP,Conservation,Vineyard,"18 years with same vines, ~1200/acre, 7<92> spacing, all pinot noir. Planted to wheat and cherry beforehand. Disced and rototilled in early 2019 due to excessive voles, to about 2-4<94> in depth. Sprayed on 6/10 with micronized sulfur and a bacillus-based mold treatment. No irrigation at this site.",AG-CROP,OSU11,OregonState,Jory,45.251054,-123.049801,56,10.831167221069336,1297,cool_wet,3153.103448,114.3,15.88421168
JoV2 - 2,78.21075,128.10835,JoV2,41,SHM - Vineyard,SHM,CROP,Conservation,Vineyard,"18 years with same vines, ~1200/acre, 7<92> spacing, all pinot noir. Planted to wheat and cherry beforehand. Disced and rototilled in early 2019 due to excessive voles, to about 2-4<94> in depth. Sprayed on 6/10 with micronized sulfur and a bacillus-based mold treatment. No irrigation at this site.",AG-CROP,OSU11,OregonState,Jory,45.250954,-123.049901,57,10.831167221069336,1297,cool_wet,3257.55,68.33152174,17.52877136
JoV3 - 1,121.50407880000002,174.61309880000002,JoV3,42,SHM - Vineyard,SHM,CROP,Conservation,Vineyard,"Pinot noir plot with 1210 vines/acre, planted in 2006. Disced to ~10 cm annually, planted with cover crop to stress vines. Every 8th row planted with wildflowers to attract pollinators.",AG-CROP,OSU14,OregonState,Jory,45.037101,-123.130763,65,11.041333198547363,1211,cool_wet,914.4,228.6,28.25005467
JoV3 - 2,154.59734,217.15434000000002,JoV3,42,SHM - Vineyard,SHM,CROP,Conservation,Vineyard,"Pinot noir plot with 1210 vines/acre, planted in 2006. Disced to ~10 cm annually, planted with cover crop to stress vines. Every 8th row planted with wildflowers to attract pollinators.",AG-CROP,OSU14,OregonState,Jory,45.037201,-123.130863,66,11.041333198547363,1211,cool_wet,720.4363636,185.6300752,30.5
JoV3 - 3,162.40394000000003,222.46174000000002,JoV3,42,SHM - Vineyard,SHM,CROP,Conservation,Vineyard,"Pinot noir plot with 1210 vines/acre, planted in 2006. Disced to ~10 cm annually, planted with cover crop to stress vines. Every 8th row planted with wildflowers to attract pollinators.",AG-CROP,OSU14,OregonState,Jory,45.037101,-123.130563,67,11.041333198547363,1211,cool_wet,767.3286713,258.0381558,27
JoXT1 - 1,100.05135899999999,152.8559685,JoXT1,43,BAU - Christmas tree,BAU,CROP,Till,Christmas tree,"2-year-old Noble Fir trees planted one year ago. Site has been in Christmas trees since 1955. Used to rototill between rotations, but now limit tillage to some light discing. Left fallow for the summer before planting this crop, and some Sudan grass planted for a year before that.",AG-CROP,OSU9,OregonState,Jory,44.4319,-123.33523,50,10.982500076293945,1468,cool_wet,240.6315789,43.54285714,34.2849333
JoXT1 - 2,140.44779,233.70385,JoXT1,43,BAU - Christmas tree,BAU,CROP,Till,Christmas tree,"2-year-old Noble Fir trees planted one year ago. Site has been in Christmas trees since 1955. Used to rototill between rotations, but now limit tillage to some light discing. Left fallow for the summer before planting this crop, and some Sudan grass planted for a year before that.",AG-CROP,OSU9,OregonState,Jory,44.4318,-123.33533,51,10.982500076293945,1468,cool_wet,204.9824561,41.64968944,24.63131424
JoXT1 - 3,151.13712999999998,225.67663,JoXT1,43,BAU - Christmas tree,BAU,CROP,Till,Christmas tree,"2-year-old Noble Fir trees planted one year ago. Site has been in Christmas trees since 1955. Used to rototill between rotations, but now limit tillage to some light discing. Left fallow for the summer before planting this crop, and some Sudan grass planted for a year before that.",AG-CROP,OSU9,OregonState,Jory,44.4316,-123.33503,52,10.982500076293945,1468,cool_wet,415.6363636,58.24203822,11.54154822
JoXT2 - 1,133.43131540000002,174.2995554,JoXT2,44,BAU - Christmas tree,BAU,CROP,Till,Christmas tree,"9 years planted in noble fir. Prior to planting, was tilled to 25 cm, limed, and left fallow for 1 year with a sudangrass cover crop.",AG-CROP,OSU12,OregonState,Jory,45.04997,-123.13708,59,10.626832962036133,1450,cool_wet,22.79702479,3.959109312,5.803083315
JoXT2 - 2,149.57601,212.45561,JoXT2,44,BAU - Christmas tree,BAU,CROP,Till,Christmas tree,"9 years planted in noble fir. Prior to planting, was tilled to 25 cm, limed, and left fallow for 1 year with a sudangrass cover crop.",AG-CROP,OSU12,OregonState,Jory,45.04987,-123.13718,60,10.626832962036133,1450,cool_wet,17.62125,2.905702067,3.475836431
JoXT2 - 3,134.71755000000002,177.81095,JoXT2,44,BAU - Christmas tree,BAU,CROP,Till,Christmas tree,"9 years planted in noble fir. Prior to planting, was tilled to 25 cm, limed, and left fallow for 1 year with a sudangrass cover crop.",AG-CROP,OSU12,OregonState,Jory,45.04997,-123.13688,61,10.626832962036133,1450,cool_wet,57.15,15.39393939,4.538814782
JoXT3 - 1,112.7124995,137.8683995,JoXT3,45,BAU - Christmas tree,BAU,CROP,Till,Christmas tree,"Property bought in 2015 by landowner, planted in noble fir in 2016 at the location of the pit. Some grand fir and Douglas-fir observed in other parts of plot.",AG-CROP,OSU13,OregonState,Jory,44.910377,-122.90909,62,11.120499610900879,1186,cool_wet,62.21559824,18.47272727,12.52197682
JoXT3 - 2,150.54613,164.38853,JoXT3,45,BAU - Christmas tree,BAU,CROP,Till,Christmas tree,"Property bought in 2015 by landowner, planted in noble fir in 2016 at the location of the pit. Some grand fir and Douglas-fir observed in other parts of plot.",AG-CROP,OSU13,OregonState,Jory,44.910277,-122.90899,63,11.120499610900879,1186,cool_wet,125.6631579,26.26903003,27.65842991
JoXT3 - 3,158.55719,189.58159,JoXT3,45,BAU - Christmas tree,BAU,CROP,Till,Christmas tree,"Property bought in 2015 by landowner, planted in noble fir in 2016 at the location of the pit. Some grand fir and Douglas-fir observed in other parts of plot.",AG-CROP,OSU13,OregonState,Jory,44.910077,-122.90889,64,11.120499610900879,1186,cool_wet,139.6886708,21.54473438,23.64366936
KeC1 - 1,71.03789399579,129.15733183804,KeC1,46,BAU,BAU,CROP,Till,Till with rotation (eco-fallow),"Eco-Fallow Rotation.  Summer fallow is reg tillage, driled to wheat, spray stubble after harvest.  No-till corn, then fallow. (Fallow is the tillage part and wheat stubble is cleaned) No disc, just a sweep plow",AG-CROP,NA,KansasState,Keith,39.244626,-100.557271,156,11.226166725158691,521,cool_dry,NA,NA,NA
KeC1 - 2,58.0951458729,107.30294183739,KeC1,46,BAU,BAU,CROP,Till,Till with rotation (eco-fallow),"Eco-Fallow Rotation.  Summer fallow is reg tillage, driled to wheat, spray stubble after harvest.  No-till corn, then fallow. (Fallow is the tillage part and wheat stubble is cleaned) No disc, just a sweep plow",AG-CROP,NA,KansasState,Keith,39.244626,-100.557271,157,11.226166725158691,521,cool_dry,NA,NA,NA
KeC1 - 3,60.23577627476,112.03400450690667,KeC1,46,BAU,BAU,CROP,Till,Till with rotation (eco-fallow),"Eco-Fallow Rotation.  Summer fallow is reg tillage, driled to wheat, spray stubble after harvest.  No-till corn, then fallow. (Fallow is the tillage part and wheat stubble is cleaned) No disc, just a sweep plow",AG-CROP,NA,KansasState,Keith,39.244626,-100.557271,158,11.226166725158691,521,cool_dry,NA,NA,NA
KeC2 - 1,58.93659485015,118.77554397277001,KeC2,47,BAU,BAU,CROP,Till,Tilled once every 3 years.  Sorghum/wheat/corn,"Tilled once every 3 years.  Sorghum '15, tilled summer 2016, wheat '16, corn '18",AG-CROP,NA,KansasState,Keith,39.3817794,-101.0631493,159,10.632999420166016,486,cool_dry,NA,NA,NA
KeC2 - 2,71.33496624515,130.57979275119,KeC2,47,BAU,BAU,CROP,Till,Tilled once every 3 years.  Sorghum/wheat/corn,"Tilled once every 3 years.  Sorghum '15, tilled summer 2016, wheat '16, corn '18",AG-CROP,NA,KansasState,Keith,39.3815262,-101.0632519,160,10.632999420166016,486,cool_dry,NA,NA,NA
KeC2 - 3,65.13205343866,150.855402585,KeC2,47,BAU,BAU,CROP,Till,Tilled once every 3 years.  Sorghum/wheat/corn,"Tilled once every 3 years.  Sorghum '15, tilled summer 2016, wheat '16, corn '18",AG-CROP,NA,KansasState,Keith,39.3816973,-101.0629297,161,10.632999420166016,486,cool_dry,NA,NA,NA
KeC3 - 1,82.04965045664,124.13626239698,KeC3,48,BAU,BAU,CROP,Till,Till converting to no-till,"Conventional tillage estimated at every two years until 2018, 2018 was first year of no-till.  Recently purchased fields.""Tillage Until 2018""<a0>",AG-CROP,NA,KansasState,Keith,39.978288,-100.868944,144,10.547499656677246,544,cool_dry,NA,NA,NA
KeC3 - 2,41.22043251792,87.39510964042,KeC3,48,BAU,BAU,CROP,Till,Till converting to no-till,"Conventional tillage estimated at every two years until 2018, 2018 was first year of no-till.  Recently purchased fields.""Tillage Until 2018""<a0>",AG-CROP,NA,KansasState,Keith,39.978452,-100.868986,145,10.547499656677246,544,cool_dry,NA,NA,NA
KeC3 - 3,53.05307308935,86.39488595691,KeC3,48,BAU,BAU,CROP,Till,Till converting to no-till,"Conventional tillage estimated at every two years until 2018, 2018 was first year of no-till.  Recently purchased fields.""Tillage Until 2018""<a0>",AG-CROP,NA,KansasState,Keith,39.9783659,-100.8687585,146,10.547499656677246,544,cool_dry,NA,NA,NA
KeCF1 - 1,48.38467556932,90.92906380864,KeCF1,49,SHM - no-till,SHM,CROP,No-till,"No-Till  with cover crop -  corn, oats, or wheat.","No-Till since 2001 with cover cropping.  Cover cropped every three years since 2006.  Typically planted to corn, oats, or wheat.",AG-CROP,NA,KansasState,Keith,39.2447359,-100.5431538,150,11.226166725158691,521,cool_dry,NA,NA,NA
KeCF1 - 2,40.3585063761,79.19060938626001,KeCF1,49,SHM - no-till,SHM,CROP,No-till,"No-Till  with cover crop -  corn, oats, or wheat.","No-Till since 2001 with cover cropping.  Cover cropped every three years since 2006.  Typically planted to corn, oats, or wheat.",AG-CROP,NA,KansasState,Keith,39.2450134,-100.5430643,151,11.226166725158691,521,cool_dry,NA,NA,NA
KeCF1 - 3,57.82338033152,95.91536780399,KeCF1,49,SHM - no-till,SHM,CROP,No-till,"No-Till  with cover crop -  corn, oats, or wheat.","No-Till since 2001 with cover cropping.  Cover cropped every three years since 2006.  Typically planted to corn, oats, or wheat.",AG-CROP,NA,KansasState,Keith,39.2447102,-100.5427146,152,11.226166725158691,521,cool_dry,NA,NA,NA
KeCF3 - 1,52.107352850619996,87.78119399578,KeCF3,50,SHM - no-till,SHM,CROP,No-till,No-till - diverse rotation,"20 years+ of No-till with 100% residue post-harvest. Covercropping is not typical of the area due to high water holding capacities of the soils paired with low and highly variable annual precipitation.  He has found covercropping to be less efficient at recharging the soil profile than fallow, and has documented yield losses from cover cropping.  Kastens has done covercropping research since 2010, spending over $50,000 to reach this conclusion, thought they still do some small trials currently.  The crop rotation is diverse as it includes a winter grass, summer grass, and legume.  Wheat, corn, yellow peas represent a typical crop rotation.",AG-CROP,NA,KansasState,Keith,39.9519869,-100.89697,141,10.63800048828125,545,cool_dry,NA,NA,NA
KeCF3 - 2,42.73113818237,95.30828176147,KeCF3,50,SHM - no-till,SHM,CROP,No-till,No-till - diverse rotation,"20 years+ of No-till with 100% residue post-harvest. Covercropping is not typical of the area due to high water holding capacities of the soils paired with low and highly variable annual precipitation.  He has found covercropping to be less efficient at recharging the soil profile than fallow, and has documented yield losses from cover cropping.  Kastens has done covercropping research since 2010, spending over $50,000 to reach this conclusion, thought they still do some small trials currently.  The crop rotation is diverse as it includes a winter grass, summer grass, and legume.  Wheat, corn, yellow peas represent a typical crop rotation.",AG-CROP,NA,KansasState,Keith,39.9521612,-100.8967806,142,10.63800048828125,545,cool_dry,NA,NA,NA
KeCF3 - 3,35.39908766315,87.40027694399375,KeCF3,50,SHM - no-till,SHM,CROP,No-till,No-till - diverse rotation,"20 years+ of No-till with 100% residue post-harvest. Covercropping is not typical of the area due to high water holding capacities of the soils paired with low and highly variable annual precipitation.  He has found covercropping to be less efficient at recharging the soil profile than fallow, and has documented yield losses from cover cropping.  Kastens has done covercropping research since 2010, spending over $50,000 to reach this conclusion, thought they still do some small trials currently.  The crop rotation is diverse as it includes a winter grass, summer grass, and legume.  Wheat, corn, yellow peas represent a typical crop rotation.",AG-CROP,NA,KansasState,Keith,39.9521612,-100.8967806,143,10.63800048828125,545,cool_dry,NA,NA,NA
KeN1 - 1,74.75801927942,116.12204245606,KeN1,51,Ref - Native,Ref,RANGE,Perennial,Native Rangeland (>40 years),"Native rangeland, never been tilled to their knowledge (over 40 years)",Reference,NA,KansasState,Keith,39.249205,-100.56165,153,11.226166725158691,521,cool_dry,NA,NA,NA
KeN1 - 2,74.21730830871,111.31776246971,KeN1,51,Ref - Native,Ref,RANGE,Perennial,Native Rangeland (>40 years),"Native rangeland, never been tilled to their knowledge (over 40 years)",Reference,NA,KansasState,Keith,39.249205,-100.56165,154,11.226166725158691,521,cool_dry,NA,NA,NA
KeN1 - 3,64.09233705201001,98.55283292727,KeN1,51,Ref - Native,Ref,RANGE,Perennial,Native Rangeland (>40 years),"Native rangeland, never been tilled to their knowledge (over 40 years)",Reference,NA,KansasState,Keith,39.249205,-100.56165,155,11.226166725158691,521,cool_dry,NA,NA,NA
KeN2 - 1,80.82935210578,134.7140521453,KeN2,52,Ref - Native,Ref,RANGE,Perennial,Native Rangeland - w 1 haying,"No knowledge of tillage in last 33+ years, occasional herbicide treatment for broadleaf, 1 cut of hay per year for last five years",AG-CROP,NA,KansasState,Keith,39.3843208,-101.0636022,162,10.632999420166016,486,cool_dry,NA,NA,NA
KeN2 - 2,101.79524389011999,161.57113912928997,KeN2,52,Ref - Native,Ref,RANGE,Perennial,Native Rangeland - w 1 haying,"No knowledge of tillage in last 33+ years, occasional herbicide treatment for broadleaf, 1 cut of hay per year for last five years",AG-CROP,NA,KansasState,Keith,39.3840397,-101.0636425,163,10.632999420166016,486,cool_dry,NA,NA,NA
KeN2 - 3,92.37329543454,149.76884158394,KeN2,52,Ref - Native,Ref,RANGE,Perennial,Native Rangeland - w 1 haying,"No knowledge of tillage in last 33+ years, occasional herbicide treatment for broadleaf, 1 cut of hay per year for last five years",AG-CROP,NA,KansasState,Keith,39.384217,-101.063449,164,10.632999420166016,486,cool_dry,NA,NA,NA
KeN3 - 1,65.42643845186001,117.54039119232,KeN3,53,Ref - Native,Ref,RANGE,Perennial,Native Rangeland (>80years),"Native rangeland, never been tilled to his knowledge (over 80 years).  100-125 700lb steers to a 0.5mile x 1mile pasture",Reference,NA,KansasState,Keith,39.9736474,-100.8692162,147,10.547499656677246,544,cool_dry,NA,NA,NA
KeN3 - 2,56.682115435049994,108.51267384652999,KeN3,53,Ref - Native,Ref,RANGE,Perennial,Native Rangeland (>80years),"Native rangeland, never been tilled to his knowledge (over 80 years).  100-125 700lb steers to a 0.5mile x 1mile pasture",Reference,NA,KansasState,Keith,39.9739409,-100.8692095,148,10.547499656677246,544,cool_dry,NA,NA,NA
KeN3 - 3,53.707237190970005,106.65400006039,KeN3,53,Ref - Native,Ref,RANGE,Perennial,Native Rangeland (>80years),"Native rangeland, never been tilled to his knowledge (over 80 years).  100-125 700lb steers to a 0.5mile x 1mile pasture",Reference,NA,KansasState,Keith,39.9737363,-100.8690184,149,10.547499656677246,544,cool_dry,NA,NA,NA
NAT-1 - 1,11.946,37.197,NAT-1,57,Ref - Native,Ref,GRASS,Perennial,Rangland,NAT,Reference,Wellman,TexasA&MPt-1,Amarillo,32.060626,-102.406408,185,17.543832778930664,376,warm_dry,NA,NA,NA
NAT-2 - 2,10.1325,40.6325,NAT-2,58,Ref - Native,Ref,GRASS,Perennial,Rangland,NAT,Reference,Wellman,TexasA&MPt-1,Amarillo,33.059817,-102.406791,186,15.607999801635742,453,warm_dry,NA,NA,NA
NAT-3 - 3,13.674,37.106,NAT-3,59,Ref - Native,Ref,GRASS,Perennial,Rangland,NAT,Reference,Wellman,TexasA&MPt-1,Amarillo,33.060119,-102.406186,187,15.607999801635742,453,warm_dry,NA,NA,NA
NTM - 1 - 1,12.203999999999999,23.049,NTM - 1,64,SHM - no-till,SHM,CROP,Till,No Till - Mixed - 1,MNT,AG-CROP,Lamesa,TexasA&MPt-1,Amarillo,32.774275,-101.946881,194,16.16983413696289,462,warm_dry,NA,NA,NA
NTM - 1 - 2,12.274000000000001,25.454,NTM - 1,64,SHM - no-till,SHM,CROP,Till,No Till - Mixed - 1,MNT,AG-CROP,Lamesa,TexasA&MPt-1,Amarillo,32.774275,-101.946881,195,16.16983413696289,462,warm_dry,NA,NA,NA
NTM - 1 - 3,11.855500000000001,30.5915,NTM - 1,64,SHM - no-till,SHM,CROP,Till,No Till - Mixed - 1,MNT,AG-CROP,Lamesa,TexasA&MPt-1,Amarillo,32.774275,-101.946881,196,16.16983413696289,462,warm_dry,NA,NA,NA
NTM - 2 - 1,12.271500000000001,28.277,NTM - 2,65,SHM - no-till,SHM,CROP,Till,No Till - Mixed - 2,MNT,AG-CROP,Lamesa,TexasA&MPt-1,Amarillo,32.775004,-101.947229,200,16.16983413696289,462,warm_dry,NA,NA,NA
NTM - 2 - 2,15.100000000000001,31.62,NTM - 2,65,SHM - no-till,SHM,CROP,Till,No Till - Mixed - 2,MNT,AG-CROP,Lamesa,TexasA&MPt-1,Amarillo,32.775004,-101.947229,201,16.16983413696289,462,warm_dry,NA,NA,NA
NTM - 2 - 3,16.293,33.2455,NTM - 2,65,SHM - no-till,SHM,CROP,Till,No Till - Mixed - 2,MNT,AG-CROP,Lamesa,TexasA&MPt-1,Amarillo,32.775004,-101.947229,202,16.16983413696289,462,warm_dry,NA,NA,NA
NTM-3 - 1,14.092500000000001,35.8005,NTM-3,63,SHM - no-till,SHM,CROP,Till,No Till - Mixed - 3,MNT,AG-CROP,Lamesa,TexasA&MPt-1,Amarillo,32.775739,-101.94738,206,16.16983413696289,462,warm_dry,NA,NA,NA
NTM-3 - 2,15.996,42.619,NTM-3,63,SHM - no-till,SHM,CROP,Till,No Till - Mixed - 3,MNT,AG-CROP,Lamesa,TexasA&MPt-1,Amarillo,32.775739,-101.94738,207,16.16983413696289,462,warm_dry,NA,NA,NA
NTM-3 - 3,10.785499999999999,21.522,NTM-3,63,SHM - no-till,SHM,CROP,Till,No Till - Mixed - 3,MNT,AG-CROP,Lamesa,TexasA&MPt-1,Amarillo,32.775739,-101.94738,208,16.16983413696289,462,warm_dry,NA,NA,NA
NTR - 1 - 1,11.7225,28.331,NTR - 1,66,SHM - no-till,SHM,CROP,Till,No Till - Rye - 1,RNT,AG-CROP,Lamesa,TexasA&MPt-1,Amarillo,32.775007,-101.947399,191,16.16983413696289,462,warm_dry,NA,NA,NA
NTR - 1 - 2,12.747499999999999,29.433,NTR - 1,66,SHM - no-till,SHM,CROP,Till,No Till - Rye - 1,RNT,AG-CROP,Lamesa,TexasA&MPt-1,Amarillo,32.775007,-101.947399,192,16.16983413696289,462,warm_dry,NA,NA,NA
NTR - 1 - 3,14.831,31.721,NTR - 1,66,SHM - no-till,SHM,CROP,Till,No Till - Rye - 1,RNT,AG-CROP,Lamesa,TexasA&MPt-1,Amarillo,32.775007,-101.947399,193,16.16983413696289,462,warm_dry,NA,NA,NA
NTR - 2 - 1,11.3335,26.0095,NTR - 2,67,SHM - no-till,SHM,CROP,Till,No Till - Rye - 2,RNT,AG-CROP,Lamesa,TexasA&MPt-1,Amarillo,32.775007,-101.947399,197,16.16983413696289,462,warm_dry,NA,NA,NA
NTR - 2 - 2,13.597000000000001,29.597,NTR - 2,67,SHM - no-till,SHM,CROP,Till,No Till - Rye - 2,RNT,AG-CROP,Lamesa,TexasA&MPt-1,Amarillo,32.775007,-101.947399,198,16.16983413696289,462,warm_dry,NA,NA,NA
NTR - 2 - 3,11.814,33.999,NTR - 2,67,SHM - no-till,SHM,CROP,Till,No Till - Rye - 2,RNT,AG-CROP,Lamesa,TexasA&MPt-1,Amarillo,32.775007,-101.947399,199,16.16983413696289,462,warm_dry,NA,NA,NA
NTR - 3 - 1,15.021,33.491,NTR - 3,68,SHM - no-till,SHM,CROP,Till,No Till - Rye - 3,RNT,AG-CROP,Lamesa,TexasA&MPt-1,Amarillo,32.775683,-101.947009,212,16.16983413696289,462,warm_dry,NA,NA,NA
NTR - 3 - 2,15.1525,42.884499999999996,NTR - 3,68,SHM - no-till,SHM,CROP,Till,No Till - Rye - 3,RNT,AG-CROP,Lamesa,TexasA&MPt-1,Amarillo,32.775683,-101.947009,213,16.16983413696289,462,warm_dry,NA,NA,NA
NTR - 3 - 3,12.5805,28.0945,NTR - 3,68,SHM - no-till,SHM,CROP,Till,No Till - Rye - 3,RNT,AG-CROP,Lamesa,TexasA&MPt-1,Amarillo,32.775683,-101.947009,214,16.16983413696289,462,warm_dry,NA,NA,NA
PGL7-7a,43.69661659090909,66.92458252424242,PGL7,81,Ref - CRP,Ref,GRASS,Perennial,PGL7,PGL,ALT,PCF,WashingtonState,Palouse,46.75739636,-117.1998969,303,8.493000030517578,542,cool_dry,NA,NA,NA
PGL7-7b,58.816319400000005,84.345399,PGL7,81,Ref - CRP,Ref,GRASS,Perennial,PGL7,PGL,ALT,PCF,WashingtonState,Palouse,46.75739636,-117.1998969,304,8.493000030517578,542,cool_dry,NA,NA,NA
PGL7-7c,70.463576,130.5159976,PGL7,81,Ref - CRP,Ref,GRASS,Perennial,PGL7,PGL,ALT,PCF,WashingtonState,Palouse,46.75739636,-117.1998969,305,8.493000030517578,542,cool_dry,NA,NA,NA
PGL9-1,54.139695,185.597135,PGL9,82,Ref - CRP,Ref,GRASS,Perennial,PGL9,PGL,ALT,PCF,WashingtonState,Palouse,46.75757146,-117.20006,311,8.493000030517578,542,cool_dry,NA,NA,NA
PGL9-2,58.405331999999994,144.376131,PGL9,82,Ref - CRP,Ref,GRASS,Perennial,PGL9,PGL,ALT,PCF,WashingtonState,Palouse,46.75739636,-117.1998969,312,8.493000030517578,542,cool_dry,NA,NA,NA
PGL9-3,65.8435316,91.35774280000001,PGL9,82,Ref - CRP,Ref,GRASS,Perennial,PGL9,PGL,ALT,PCF,WashingtonState,Palouse,46.75739636,-117.1998969,313,8.493000030517578,542,cool_dry,NA,NA,NA
WoCT1 - 1,48.252735,72.6906238,WoCT1,86,BAU - Conventional till,BAU,CROP,Till,Conventional till,"Perennial ryegrass, tilled regularly (~2-3 years) to a depth of ~12 inches (30 cm)",AG-CROP,OSU6,OregonState,Woodburn,45.231102,-122.964818,41,11.487166404724121,1011,cool_wet,138.5772675,2.498360656,0.678001312
WoCT1 - 2,63.43009,95.23795,WoCT1,86,BAU - Conventional till,BAU,CROP,Till,Conventional till,"Perennial ryegrass, tilled regularly (~2-3 years) to a depth of ~12 inches (30 cm)",AG-CROP,OSU6,OregonState,Woodburn,45.231202,-122.964718,42,11.487166404724121,1011,cool_wet,40.3261034,2.498360656,0.314454406
WoCT1 - 3,58.26881,86.90549,WoCT1,86,BAU - Conventional till,BAU,CROP,Till,Conventional till,"Perennial ryegrass, tilled regularly (~2-3 years) to a depth of ~12 inches (30 cm)",AG-CROP,OSU6,OregonState,Woodburn,45.231402,-122.964618,43,11.487166404724121,1011,cool_wet,7.3025,2.498360656,0.189153728
WoCT2 - 1,111.30380500000001,135.12410500000001,WoCT2,87,BAU - Conventional till,BAU,CROP,Till,Conventional till,"Perennial ryegrass, planted in 2016. It was planted to onions beforehand. The ryegrass typically stays in for 3 years. <a0>Then the grower row crops the ground for 2-3 years, and the max depth they reach is 18<94>.",AG-CROP,OSU16,OregonState,Woodburn,45.014134,-122.842842,71,11.441166877746582,1053,cool_wet,7.883344482,2.498360656,4.336533709
WoCT2 - 2,150.40205,184.92605,WoCT2,87,BAU - Conventional till,BAU,CROP,Till,Conventional till,"Perennial ryegrass, planted in 2016. It was planted to onions beforehand. The ryegrass typically stays in for 3 years. <a0>Then the grower row crops the ground for 2-3 years, and the max depth they reach is 18<94>.",AG-CROP,OSU16,OregonState,Woodburn,45.014034,-122.842742,72,11.441166877746582,1053,cool_wet,13.90952381,2.498360656,0.848786355
WoCT2 - 3,147.08100000000002,173.478,WoCT2,87,BAU - Conventional till,BAU,CROP,Till,Conventional till,"Perennial ryegrass, planted in 2016. It was planted to onions beforehand. The ryegrass typically stays in for 3 years. <a0>Then the grower row crops the ground for 2-3 years, and the max depth they reach is 18<94>.",AG-CROP,OSU16,OregonState,Woodburn,45.013834,-122.843042,73,11.441166877746582,1053,cool_wet,9.313333333,4.130989011,15.03879291
WoCT3 - 1,69.43711499999999,81.317112,WoCT3,88,BAU - Conventional till,BAU,CROP,Till,Conventional till,Perennial ryegrass field planted in 2016. Tilled to corn and peas beforehand.,AG-CROP,OSU17,OregonState,Woodburn,45.1251,-123.06167,74,11.435500144958496,1018,cool_wet,22.19157895,7.599180328,3.740050295
WoCT3 - 2,75.97928000000002,88.70986,WoCT3,88,BAU - Conventional till,BAU,CROP,Till,Conventional till,Perennial ryegrass field planted in 2016. Tilled to corn and peas beforehand.,AG-CROP,OSU17,OregonState,Woodburn,45.1251,-123.06201,75,11.435500144958496,1018,cool_wet,40.66096698,2.905702067,3.59938771
WoCT3 - 3,89.60189,106.55722,WoCT3,88,BAU - Conventional till,BAU,CROP,Till,Conventional till,Perennial ryegrass field planted in 2016. Tilled to corn and peas beforehand.,AG-CROP,OSU17,OregonState,Woodburn,45.1248,-123.06134,76,11.442500114440918,1014,cool_wet,31.64079269,3.203026482,5.364749617
WoH1 - 1,103.5957264,126.17161390000001,WoH1,89,Ref - Hazelnut,Ref,ORCHARD,Perennial,Hazelnut,"Hazelnut orchard is about 30 years old, no ground cover evident. No tillage occurs now, but heavy equipment is often driven over the surface, especially for harvest.",Reference,OSU5,OregonState,Woodburn,45.2279,-122.96961,38,11.487166404724121,1011,cool_wet,4.092222222,2.498360656,6.605666802
WoH1 - 2,108.10851,126.19113999999999,WoH1,89,Ref - Hazelnut,Ref,ORCHARD,Perennial,Hazelnut,"Hazelnut orchard is about 30 years old, no ground cover evident. No tillage occurs now, but heavy equipment is often driven over the surface, especially for harvest.",Reference,OSU5,OregonState,Woodburn,45.2278,-122.96961,39,11.487166404724121,1011,cool_wet,5.259706644,2.498360656,2.868357752
WoH1 - 3,70.92528999999999,86.05145999999999,WoH1,89,Ref - Hazelnut,Ref,ORCHARD,Perennial,Hazelnut,"Hazelnut orchard is about 30 years old, no ground cover evident. No tillage occurs now, but heavy equipment is often driven over the surface, especially for harvest.",Reference,OSU5,OregonState,Woodburn,45.2279,-122.96981,40,11.487166404724121,1011,cool_wet,2.498360656,2.498360656,0.095779576
WoH2 - 1,104.722482,132.474498,WoH2,90,Ref - Hazelnut,Ref,ORCHARD,Perennial,Hazelnut,"Mature hazelnut orchard, about 25 years old",Reference,OSU8,OregonState,Woodburn,45.074334,-123.213416,47,11.355833053588867,1131,cool_wet,2.498360656,2.498360656,1.019571397
WoH2 - 2,95.86722,133.29785999999999,WoH2,90,Ref - Hazelnut,Ref,ORCHARD,Perennial,Hazelnut,"Mature hazelnut orchard, about 25 years old",Reference,OSU8,OregonState,Woodburn,45.074334,-123.213516,48,11.355833053588867,1131,cool_wet,2.498360656,2.498360656,0
WoH2 - 3,85.57078,114.67066,WoH2,90,Ref - Hazelnut,Ref,ORCHARD,Perennial,Hazelnut,"Mature hazelnut orchard, about 25 years old",Reference,OSU8,OregonState,Woodburn,45.074334,-123.213616,49,11.355833053588867,1131,cool_wet,2.498360656,2.498360656,6.740260338
WoH3 - 1,45.708535,59.47055699999999,WoH3,91,Ref - Hazelnut,Ref,ORCHARD,Perennial,Hazelnut,"Hazelnut orchard planted in 1976. The understory was completely depauperate, partially due to periodic spraying for weeds. There were some trees affected by hazelnut blight, and the orchard was treated with lime in 2014",Reference,OSU15,OregonState,Woodburn,44.94845,-122.86279,68,11.209833145141602,1138,cool_wet,3.809090742,2.498360656,1.470478898
WoH3 - 2,75.135,93.13435000000001,WoH3,91,Ref - Hazelnut,Ref,ORCHARD,Perennial,Hazelnut,"Hazelnut orchard planted in 1976. The understory was completely depauperate, partially due to periodic spraying for weeds. There were some trees affected by hazelnut blight, and the orchard was treated with lime in 2014",Reference,OSU15,OregonState,Woodburn,44.94855,-122.86289,69,11.209833145141602,1138,cool_wet,49.37549612,2.498360656,0.798491144
WoH3 - 3,110.23935,138.37085,WoH3,91,Ref - Hazelnut,Ref,ORCHARD,Perennial,Hazelnut,"Hazelnut orchard planted in 1976. The understory was completely depauperate, partially due to periodic spraying for weeds. There were some trees affected by hazelnut blight, and the orchard was treated with lime in 2014",Reference,OSU15,OregonState,Woodburn,44.94815,-122.86259,70,11.209833145141602,1138,cool_wet,2.498360656,2.498360656,0.407828559
WoNT1 - 1,66.72200600000001,119.00532600000003,WoNT1,92,SHM - No-till,SHM,CROP,No-till,No-till,Perennial rye grass planted in 2014 and not tilled since then. Grower reported irrigating approximately 2x per season.,AG-CROP,OSU3,OregonState,Woodburn,44.737333,-123.27097,32,11.279166221618652,1284,cool_wet,85.725,8.581485849,7.802973978
WoNT1 - 2,76.91116,128.11396,WoNT1,92,SHM - No-till,SHM,CROP,No-till,No-till,Perennial rye grass planted in 2014 and not tilled since then. Grower reported irrigating approximately 2x per season.,AG-CROP,OSU3,OregonState,Woodburn,44.737333,-123.27107,33,11.279166221618652,1284,cool_wet,76.2,3.314609929,10.53553466
WoNT1 - 3,78.69328,128.49553,WoNT1,92,SHM - No-till,SHM,CROP,No-till,No-till,Perennial rye grass planted in 2014 and not tilled since then. Grower reported irrigating approximately 2x per season.,AG-CROP,OSU3,OregonState,Woodburn,44.737633,-123.27077,34,11.279166221618652,1284,cool_wet,34.62129405,4.720706524,4.287338727
WoNT2 - 1,81.25993249999999,137.4864365,WoNT2,93,SHM - No-till,SHM,GRASS,No-till,No-till,"Orchard grass, 18 years with no tillage.",AG-CROP,OSU7,OregonState,Woodburn,45.07067,-123.21367,44,11.355833053588867,1131,cool_wet,57.15,9.562352941,17.15842991
WoNT2 - 2,91.1339,143.5895,WoNT2,93,SHM - No-till,SHM,GRASS,No-till,No-till,"Orchard grass, 18 years with no tillage.",AG-CROP,OSU7,OregonState,Woodburn,45.07057,-123.21377,45,11.355833053588867,1131,cool_wet,78.17922078,14.62926375,16.65842991
WoNT2 - 3,86.25995,143.90327,WoNT2,93,SHM - No-till,SHM,GRASS,No-till,No-till,"Orchard grass, 18 years with no tillage.",AG-CROP,OSU7,OregonState,Woodburn,45.07097,-123.21387,46,11.355833053588867,1131,cool_wet,66.07277419,26.91873093,10.77017275
WoNT3 - 1,85.860729,94.04577900000001,WoNT3,94,SHM - No-till,SHM,CROP,No-till,No-till,"Planted in 2012 to tall fescue, per the farmer. He also indicates that the field is non-irrigated and that they take extra care to reduce disturbance to the soil whenever possible.",AG-CROP,OSU18,OregonState,Woodburn,44.950981,-122.856544,77,11.209833145141602,1138,cool_wet,85.90888031,14.11705263,4.617821999
WoNT3 - 2,99.34665,108.90645,WoNT3,94,SHM - No-till,SHM,CROP,No-till,No-till,"Planted in 2012 to tall fescue, per the farmer. He also indicates that the field is non-irrigated and that they take extra care to reduce disturbance to the soil whenever possible.",AG-CROP,OSU18,OregonState,Woodburn,44.950981,-122.856644,78,11.209833145141602,1138,cool_wet,121.92,10.88571429,3.407828559
WoNT3 - 3,98.41760000000001,108.1889,WoNT3,94,SHM - No-till,SHM,CROP,No-till,No-till,"Planted in 2012 to tall fescue, per the farmer. He also indicates that the field is non-irrigated and that they take extra care to reduce disturbance to the soil whenever possible.",AG-CROP,OSU18,OregonState,Woodburn,44.950981,-122.856744,79,11.209833145141602,1138,cool_wet,111.0342857,9.068250888,4.447705792
