dsp_pedon_id,dsp_plot_id,pedon_num,date_sampled,pedon_x,pedon_y,target_soil_name,soil_sampled_name,dspplotmgt_id,label_full,label,lu,till,trt,explanation,gen_state,site,project,soil,soc_stock_0_30cm,soc_stock_30_50cm,soc_stock_50_100cm,soc_stock_100cm,mat,map,climate
KeC1-1,KeC1,NA,NA,-100.557271,39.244626,NA,Keith,46,BAU,BAU,CROP,Till,Till with rotation (eco-fallow),"Eco-Fallow Rotation.  Summer fallow is reg tillage, driled to wheat, spray stubble after harvest.  No-till corn, then fallow. (Fallow is the tillage part and wheat stubble is cleaned) No disc, just a sweep plow",AG-CROP,NA,KansasState,Keith,62.30092353287,23.200100111160005,43.65630819401,129.15733183804,11.226166725158691,521,cool_dry
KeC1-2,KeC1,NA,NA,-100.557271,39.244626,NA,Keith,46,BAU,BAU,CROP,Till,Till with rotation (eco-fallow),"Eco-Fallow Rotation.  Summer fallow is reg tillage, driled to wheat, spray stubble after harvest.  No-till corn, then fallow. (Fallow is the tillage part and wheat stubble is cleaned) No disc, just a sweep plow",AG-CROP,NA,KansasState,Keith,52.18459362989999,16.87379531462,38.24455289287,107.30294183739,11.226166725158691,521,cool_dry
KeC1-3,KeC1,NA,NA,-100.557271,39.244626,NA,Keith,46,BAU,BAU,CROP,Till,Till with rotation (eco-fallow),"Eco-Fallow Rotation.  Summer fallow is reg tillage, driled to wheat, spray stubble after harvest.  No-till corn, then fallow. (Fallow is the tillage part and wheat stubble is cleaned) No disc, just a sweep plow",AG-CROP,NA,KansasState,Keith,51.14188831668,18.99819181136,41.893924378866664,112.03400450690668,11.226166725158691,521,cool_dry
KeC2-1,KeC2,NA,NA,-101.0631493,39.3817794,NA,Keith,47,BAU,BAU,CROP,Till,Tilled once every 3 years.  Sorghum/wheat/corn,"Tilled once every 3 years.  Sorghum '15, tilled summer 2016, wheat '16, corn '18",AG-CROP,NA,KansasState,Keith,47.21841588791,20.01302551824,51.544102566620005,118.77554397277001,10.632999420166016,486,cool_dry
KeC2-2,KeC2,NA,NA,-101.0632519,39.3815262,NA,Keith,47,BAU,BAU,CROP,Till,Tilled once every 3 years.  Sorghum/wheat/corn,"Tilled once every 3 years.  Sorghum '15, tilled summer 2016, wheat '16, corn '18",AG-CROP,NA,KansasState,Keith,59.30621541415,22.4367490108,48.83682832624,130.57979275119,10.632999420166016,486,cool_dry
KeC2-3,KeC2,NA,NA,-101.0629297,39.3816973,NA,Keith,47,BAU,BAU,CROP,Till,Tilled once every 3 years.  Sorghum/wheat/corn,"Tilled once every 3 years.  Sorghum '15, tilled summer 2016, wheat '16, corn '18",AG-CROP,NA,KansasState,Keith,53.67821837466,24.482043534400002,72.69514067594,150.85540258499998,10.632999420166016,486,cool_dry
KeC3-1,KeC3,NA,NA,-100.868944,39.978288,NA,Keith,48,BAU,BAU,CROP,Till,Till converting to no-till,"Conventional tillage estimated at every two years until 2018, 2018 was first year of no-till.  Recently purchased fields.""Tillage Until 2018"" ",AG-CROP,NA,KansasState,Keith,73.83453891367999,15.14867841176,35.15304507154,124.13626239697999,10.547499656677246,544,cool_dry
KeC3-2,KeC3,NA,NA,-100.868986,39.978452,NA,Keith,48,BAU,BAU,CROP,Till,Till converting to no-till,"Conventional tillage estimated at every two years until 2018, 2018 was first year of no-till.  Recently purchased fields.""Tillage Until 2018"" ",AG-CROP,NA,KansasState,Keith,35.25026650932,21.2583161286,30.886527002500003,87.39510964042,10.547499656677246,544,cool_dry
KeC3-3,KeC3,NA,NA,-100.8687585,39.9783659,NA,Keith,48,BAU,BAU,CROP,Till,Till converting to no-till,"Conventional tillage estimated at every two years until 2018, 2018 was first year of no-till.  Recently purchased fields.""Tillage Until 2018"" ",AG-CROP,NA,KansasState,Keith,39.85286964083,20.12120899477,26.42080732131,86.39488595691,10.547499656677246,544,cool_dry
KeCF1-1,KeCF1,NA,NA,-100.5431538,39.2447359,NA,Keith,49,SHM - no-till,SHM,CROP,No-till,"No-Till  with cover crop -  corn, oats, or wheat.","No-Till since 2001 with cover cropping.  Cover cropped every three years since 2006.  Typically planted to corn, oats, or wheat.",AG-CROP,NA,KansasState,Keith,42.219700312600004,17.100806380079998,31.608557115960004,90.92906380864,11.226166725158691,521,cool_dry
KeCF1-2,KeCF1,NA,NA,-100.5430643,39.2450134,NA,Keith,49,SHM - no-till,SHM,CROP,No-till,"No-Till  with cover crop -  corn, oats, or wheat.","No-Till since 2001 with cover cropping.  Cover cropped every three years since 2006.  Typically planted to corn, oats, or wheat.",AG-CROP,NA,KansasState,Keith,38.8108491205,13.420515078200001,26.95924518756,79.19060938626001,11.226166725158691,521,cool_dry
KeCF1-3,KeCF1,NA,NA,-100.5427146,39.2447102,NA,Keith,49,SHM - no-till,SHM,CROP,No-till,"No-Till  with cover crop -  corn, oats, or wheat.","No-Till since 2001 with cover cropping.  Cover cropped every three years since 2006.  Typically planted to corn, oats, or wheat.",AG-CROP,NA,KansasState,Keith,40.951125163520004,19.75731523644,35.20692740403,95.91536780399,11.226166725158691,521,cool_dry
KeCF3-1,KeCF3,NA,NA,-100.89697,39.9519869,NA,Keith,50,SHM - no-till,SHM,CROP,No-till,No-till - diverse rotation,"20 years+ of No-till with 100% residue post-harvest. Covercropping is not typical of the area due to high water holding capacities of the soils paired with low and highly variable annual precipitation.  He has found covercropping to be less efficient at recharging the soil profile than fallow, and has documented yield losses from cover cropping.  Kastens has done covercropping research since 2010, spending over $50,000 to reach this conclusion, thought they still do some small trials currently.  The crop rotation is diverse as it includes a winter grass, summer grass, and legume.  Wheat, corn, yellow peas represent a typical crop rotation.",AG-CROP,NA,KansasState,Keith,42.32598241942,17.3376715052,28.11754007116,87.78119399578,10.63800048828125,545,cool_dry
KeCF3-2,KeCF3,NA,NA,-100.8967806,39.9521612,NA,Keith,50,SHM - no-till,SHM,CROP,No-till,No-till - diverse rotation,"20 years+ of No-till with 100% residue post-harvest. Covercropping is not typical of the area due to high water holding capacities of the soils paired with low and highly variable annual precipitation.  He has found covercropping to be less efficient at recharging the soil profile than fallow, and has documented yield losses from cover cropping.  Kastens has done covercropping research since 2010, spending over $50,000 to reach this conclusion, thought they still do some small trials currently.  The crop rotation is diverse as it includes a winter grass, summer grass, and legume.  Wheat, corn, yellow peas represent a typical crop rotation.",AG-CROP,NA,KansasState,Keith,37.907210723270005,15.435699671260002,41.965371366940005,95.30828176147001,10.63800048828125,545,cool_dry
KeCF3-3,KeCF3,NA,NA,-100.8967806,39.9521612,NA,Keith,50,SHM - no-till,SHM,CROP,No-till,No-till - diverse rotation,"20 years+ of No-till with 100% residue post-harvest. Covercropping is not typical of the area due to high water holding capacities of the soils paired with low and highly variable annual precipitation.  He has found covercropping to be less efficient at recharging the soil profile than fallow, and has documented yield losses from cover cropping.  Kastens has done covercropping research since 2010, spending over $50,000 to reach this conclusion, thought they still do some small trials currently.  The crop rotation is diverse as it includes a winter grass, summer grass, and legume.  Wheat, corn, yellow peas represent a typical crop rotation.",AG-CROP,NA,KansasState,Keith,30.1349259579,14.17185722717,43.09349375892375,87.40027694399375,10.63800048828125,545,cool_dry
KeN1-1,KeN1,NA,NA,-100.56165,39.249205,NA,Keith,51,Ref - Native,Ref,RANGE,Perennial,Native Rangeland (>40 years),"Native rangeland, never been tilled to their knowledge (over 40 years)",Reference,NA,KansasState,Keith,57.126674188059994,22.68913435384,36.30623391416,116.12204245606,11.226166725158691,521,cool_dry
KeN1-2,KeN1,NA,NA,-100.56165,39.249205,NA,Keith,51,Ref - Native,Ref,RANGE,Perennial,Native Rangeland (>40 years),"Native rangeland, never been tilled to their knowledge (over 40 years)",Reference,NA,KansasState,Keith,61.17815530359,18.317949289919998,31.8216578762,111.31776246971,11.226166725158691,521,cool_dry
KeN1-3,KeN1,NA,NA,-100.56165,39.249205,NA,Keith,51,Ref - Native,Ref,RANGE,Perennial,Native Rangeland (>40 years),"Native rangeland, never been tilled to their knowledge (over 40 years)",Reference,NA,KansasState,Keith,54.31456935319,15.04093615913,29.197327414950003,98.55283292727,11.226166725158691,521,cool_dry
KeN2-1,KeN2,NA,NA,-101.0636022,39.3843208,NA,Keith,52,Ref - Native,Ref,RANGE,Perennial,Native Rangeland - w 1 haying,"No knowledge of tillage in last 33+ years, occasional herbicide treatment for broadleaf, 1 cut of hay per year for last five years",AG-CROP,NA,KansasState,Keith,54.7057503397,32.98010729664,47.02819450896,134.7140521453,10.632999420166016,486,cool_dry
KeN2-2,KeN2,NA,NA,-101.0636425,39.3840397,NA,Keith,52,Ref - Native,Ref,RANGE,Perennial,Native Rangeland - w 1 haying,"No knowledge of tillage in last 33+ years, occasional herbicide treatment for broadleaf, 1 cut of hay per year for last five years",AG-CROP,NA,KansasState,Keith,67.79004123508,39.605195548039994,54.17590234617,161.57113912929,10.632999420166016,486,cool_dry
KeN2-3,KeN2,NA,NA,-101.063449,39.384217,NA,Keith,52,Ref - Native,Ref,RANGE,Perennial,Native Rangeland - w 1 haying,"No knowledge of tillage in last 33+ years, occasional herbicide treatment for broadleaf, 1 cut of hay per year for last five years",AG-CROP,NA,KansasState,Keith,69.6518605836,30.85091065014,49.266070350199996,149.76884158394,10.632999420166016,486,cool_dry
KeN3-1,KeN3,NA,NA,-100.8692162,39.9736474,NA,Keith,53,Ref - Native,Ref,RANGE,Perennial,Native Rangeland (>80years),"Native rangeland, never been tilled to his knowledge (over 80 years).  100-125 700lb steers to a 0.5mile x 1mile pasture",Reference,NA,KansasState,Keith,52.904389761800005,18.12161064826,46.51439078226,117.54039119232002,10.547499656677246,544,cool_dry
KeN3-2,KeN3,NA,NA,-100.8692095,39.9739409,NA,Keith,53,Ref - Native,Ref,RANGE,Perennial,Native Rangeland (>80years),"Native rangeland, never been tilled to his knowledge (over 80 years).  100-125 700lb steers to a 0.5mile x 1mile pasture",Reference,NA,KansasState,Keith,43.313910342,17.27779971635,47.92096378818,108.51267384653,10.547499656677246,544,cool_dry
KeN3-3,KeN3,NA,NA,-100.8690184,39.9737363,NA,Keith,53,Ref - Native,Ref,RANGE,Perennial,Native Rangeland (>80years),"Native rangeland, never been tilled to his knowledge (over 80 years).  100-125 700lb steers to a 0.5mile x 1mile pasture",Reference,NA,KansasState,Keith,41.404583700850004,18.08267863028,47.16673772926,106.65400006039,10.547499656677246,544,cool_dry
CeC1-1,CeC1,a,NA,-78.6893,35.73547,NA,Cecil,20,BAU,BAU,CROP,Till,wheat - 1,corn,AG-CROP,Lake Wheeler,NCState,Cecil,64.46952472525,13.34276186464,27.21301144372,105.02529803361,15.360666275024414,1154,warm_wet
CeC1-2,CeC1,b,NA,-78.68135,35.73571,NA,Cecil,20,BAU,BAU,CROP,Till,wheat - 1,corn,AG-CROP,Lake Wheeler,NCState,Cecil,41.93956567834,8.1904953456,14.83494683826,64.9650078622,15.360666275024414,1154,warm_wet
CeC1-3,CeC1,c,NA,-78.68177,35.73594,NA,Cecil,20,BAU,BAU,CROP,Till,wheat - 1,corn,AG-CROP,Lake Wheeler,NCState,Cecil,46.74528313336,12.917742747,14.34558085485,74.00860673521,15.360666275024414,1154,warm_wet
CeC2-1,CeC2,a,NA,-78.67495,35.72791,NA,Cecil,21,BAU,BAU,CROP,Till,wheat - 2,corn,AG-CROP,Lake Wheeler,NCState,Cecil,44.97522249505,28.66203120004,29.84861528,103.48586897509,15.360666275024414,1154,warm_wet
CeC2-2,CeC2,b,NA,-78.67525,35.72765,NA,Cecil,21,BAU,BAU,CROP,Till,wheat - 2,corn,AG-CROP,Lake Wheeler,NCState,Cecil,54.1624582595,12.391443726239999,20.664755422200002,87.21865740794,15.360666275024414,1154,warm_wet
CeC2-3,CeC2,c,NA,-78.67555,35.72739,NA,Cecil,21,BAU,BAU,CROP,Till,wheat - 2,corn,AG-CROP,Lake Wheeler,NCState,Cecil,63.08358695252999,12.68025567996,7.9529270355,83.71676966799,15.360666275024414,1154,warm_wet
CeC3-1,CeC3,a,NA,-78.67194,35.72451,NA,Cecil,22,BAU,BAU,CROP,Till,wheat - 3,corn,AG-CROP,Lake Wheeler,NCState,Cecil,77.57344099960001,45.6800260575,54.25672527005,177.51019232715,15.360666275024414,1154,warm_wet
CeC3-2,CeC3,b,NA,-78.67194,35.72481,NA,Cecil,22,BAU,BAU,CROP,Till,wheat - 3,corn,AG-CROP,Lake Wheeler,NCState,Cecil,100.11652303989999,48.55029602136,NA,NA,15.360666275024414,1154,warm_wet
CeC3-3,CeC3,c,NA,-78.67194,35.72511,NA,Cecil,22,BAU,BAU,CROP,Till,wheat - 3,corn,AG-CROP,Lake Wheeler,NCState,Cecil,93.9454826412,49.5168861375,55.06563860045,198.52800737915,15.360666275024414,1154,warm_wet
CeF3-1,CeF3,a,NA,-78.66969,35.72612,NA,Cecil,23,Ref - Forest,Ref,FOREST,Perennial,forest,forest,Reference,Lake Wheeler,NCState,Cecil,43.92322953145,9.7981179095,10.5995251922,64.32087263315,15.360666275024414,1154,warm_wet
CeF3-2,CeF3,b,NA,-78.66952,35.72619,NA,Cecil,23,Ref - Forest,Ref,FOREST,Perennial,forest,forest,Reference,Lake Wheeler,NCState,Cecil,46.1494100578,13.4386856743,16.504337279999998,76.0924330121,15.360666275024414,1154,warm_wet
CeH1-1,CeH1,a,NA,-78.68048,35.73409,NA,Cecil,24,SHM - forage,SHM,FORAGE,Perennial,hay 1,hay,AG-FORAGE,Lake Wheeler,NCState,Cecil,35.7522996376,15.139294740359999,21.7640443705,72.65563874845999,15.360666275024414,1154,warm_wet
CeH1-2,CeH1,b,NA,-78.68042,35.73443,NA,Cecil,24,SHM - forage,SHM,FORAGE,Perennial,hay 1,hay,AG-FORAGE,Lake Wheeler,NCState,Cecil,73.34546355468,17.659121893360002,16.16589809,107.17048353803999,15.360666275024414,1154,warm_wet
CeH1-3,CeH1,c,NA,-78.68036,35.73477,NA,Cecil,24,SHM - forage,SHM,FORAGE,Perennial,hay 1,hay,AG-FORAGE,Lake Wheeler,NCState,Cecil,82.74892002025,19.231966836,24.62727629556,126.60816315181,15.360666275024414,1154,warm_wet
CeH2-1,CeH2,a,NA,-78.67504,35.72877,NA,Cecil,25,SHM - forage,SHM,FORAGE,Perennial,hay 2,hay,AG-FORAGE,Lake Wheeler,NCState,Cecil,49.5608550941,14.317578678,18.99227594265,82.87070971474999,15.360666275024414,1154,warm_wet
CeH2-2,CeH2,b,NA,-78.67478,35.72871,NA,Cecil,25,SHM - forage,SHM,FORAGE,Perennial,hay 2,hay,AG-FORAGE,Lake Wheeler,NCState,Cecil,44.435531259475,16.732004643,25.19012038416,86.35765628663499,15.360666275024414,1154,warm_wet
CeH2-3,CeH2,c,NA,-78.67452,35.72865,NA,Cecil,25,SHM - forage,SHM,FORAGE,Perennial,hay 2,hay,AG-FORAGE,Lake Wheeler,NCState,Cecil,66.29469223964,22.832083169799997,13.10469675058,102.23147216002,15.360666275024414,1154,warm_wet
CeH3-1,CeH3,a,NA,-78.67191,35.73246,NA,Cecil,26,SHM - forage,SHM,FORAGE,Perennial,hay 3,hay,AG-FORAGE,Lake Wheeler,NCState,Cecil,71.822023115775,26.333940594,NA,NA,15.360666275024414,1154,warm_wet
CeH3-2,CeH3,b,NA,-78.67204,35.73285,NA,Cecil,26,SHM - forage,SHM,FORAGE,Perennial,hay 3,hay,AG-FORAGE,Lake Wheeler,NCState,Cecil,35.231998848740005,NA,NA,NA,15.360666275024414,1154,warm_wet
CeH3-3,CeH3,c,NA,-78.67215,35.73325,NA,Cecil,26,SHM - forage,SHM,FORAGE,Perennial,hay 3,hay,AG-FORAGE,Lake Wheeler,NCState,Cecil,46.64669498645,9.98832777192,14.36441571,70.99943846837,15.360666275024414,1154,warm_wet
ASP10-1,ASP10,10,NA,-117.4595977,46.78836813,NA,Palouse,4,SHM - no-till,SHM,CROP,No-till,ASP10,ASP,AG-CROP,JEA,WashingtonState,Palouse,42.52731395348838,12.134400000000001,18.3576,73.01931395348838,9.623666763305664,461,cool_dry
ASP10-2,ASP10,10,NA,-117.4595978,46.788368,NA,Palouse,4,SHM - no-till,SHM,CROP,No-till,ASP10,ASP,AG-CROP,JEA,WashingtonState,Palouse,35.93162790697674,11.941600000000001,12.3106,60.183827906976745,9.623666763305664,461,cool_dry
ASP10-3,ASP10,10,NA,-117.4595972,46.78836851,NA,Palouse,4,SHM - no-till,SHM,CROP,No-till,ASP10,ASP,AG-CROP,JEA,WashingtonState,Palouse,19.537637209302325,2.2,4.5162,26.253837209302326,9.623666763305664,461,cool_dry
ASP2-1,ASP2,1,NA,-117.0822114,46.78188975,NA,Palouse,5,SHM - no-till,SHM,CROP,No-till,ASP2,ASP,AG-CROP,CK,WashingtonState,Palouse,71.561986,34.31912,60.0723069,165.9534129,8.233333587646484,611,cool_dry
ASP2-2,ASP2,2,NA,-117.0822114,46.78188975,NA,Palouse,5,SHM - no-till,SHM,CROP,No-till,ASP2,ASP,AG-CROP,CK,WashingtonState,Palouse,47.441725000000005,21.2159716,39.9783224,108.636019,8.233333587646484,611,cool_dry
ASP2-3,ASP2,2,NA,-117.0822114,46.78188975,NA,Palouse,5,SHM - no-till,SHM,CROP,No-till,ASP2,ASP,AG-CROP,CK,WashingtonState,Palouse,73.989845,46.32506,52.808764875,173.12366987500002,8.233333587646484,611,cool_dry
ASP6-1,ASP6,6,NA,-117.0822114,46.78188975,NA,Palouse,6,SHM - no-till,SHM,CROP,No-till,ASP6,ASP,AG-CROP,KU,WashingtonState,Palouse,53.5592,15.8608,18.536,87.956,8.233333587646484,611,cool_dry
ASP6-2,ASP6,6,NA,-117.0822114,46.78188975,NA,Palouse,6,SHM - no-till,SHM,CROP,No-till,ASP6,ASP,AG-CROP,KU,WashingtonState,Palouse,49.3335,14.6505,34.451,98.435,8.233333587646484,611,cool_dry
ASP6-3,ASP6,6,NA,-117.0822114,46.78188975,NA,Palouse,6,SHM - no-till,SHM,CROP,No-till,ASP6,ASP,AG-CROP,KU,WashingtonState,Palouse,63.53040000000001,22.27,51.145599999999995,136.946,8.233333587646484,611,cool_dry
ASP9-1,ASP9,9,NA,-117.2000596,46.75757137,NA,Palouse,7,SHM - no-till,SHM,CROP,No-till,ASP9,ASP,AG-CROP,PCF,WashingtonState,Palouse,54.139695,41.21248,84.054048,179.406223,8.493000030517578,542,cool_dry
ASP9-2,ASP9,9,NA,-117.2000596,46.75757137,NA,Palouse,7,SHM - no-till,SHM,CROP,No-till,ASP9,ASP,AG-CROP,PCF,WashingtonState,Palouse,53.69016,31.765282999999997,53.247420999999996,138.702864,8.493000030517578,542,cool_dry
ASP9-3,ASP9,9,NA,-117.4236807,46.74504918,NA,Palouse,7,SHM - no-till,SHM,CROP,No-till,ASP9,ASP,AG-CROP,PCF,WashingtonState,Palouse,46.416561800000004,18.501876000000003,24.4086386,89.32707640000001,10.14466667175293,455,cool_dry
BAU3-1,BAU3,3,NA,-117.0822114,46.78188975,NA,Palouse,17,BAU,BAU,CROP,Till,BAU3,BAU,AG-CROP,KU,WashingtonState,Palouse,33.466,11.9144,24.352,69.7324,8.233333587646484,611,cool_dry
BAU3-2,BAU3,3,NA,-117.4236809,46.74504916,NA,Palouse,17,BAU,BAU,CROP,Till,BAU3,BAU,AG-CROP,KU,WashingtonState,Palouse,27.3875,14.3808,30.634999999999998,72.4033,10.14466667175293,455,cool_dry
BAU3-3,BAU3,3,NA,-117.4236809,46.74504916,NA,Palouse,17,BAU,BAU,CROP,Till,BAU3,BAU,AG-CROP,KU,WashingtonState,Palouse,29.151999999999997,11.1633,18.2898,58.60509999999999,10.14466667175293,455,cool_dry
BAU8-1,BAU8,8,NA,-117.4236809,46.74504916,NA,Palouse,18,BAU,BAU,CROP,Till,BAU8,BAU,AG-CROP,LYM,WashingtonState,Palouse,53.37673644444445,37.02663999999999,90.071128,180.47450444444445,10.14466667175293,455,cool_dry
BAU8-2,BAU8,8,NA,-117.4236809,46.74504915,NA,Palouse,18,BAU,BAU,CROP,Till,BAU8,BAU,AG-CROP,LYM,WashingtonState,Palouse,54.436727999999995,36.18489925925926,110.99161863492063,201.6132458941799,10.14466667175293,455,cool_dry
BAU8-3,BAU8,8,NA,-117.4236808,46.74504922,NA,Palouse,18,BAU,BAU,CROP,Till,BAU8,BAU,AG-CROP,LYM,WashingtonState,Palouse,73.04768044444445,32.7641,76.93807403571428,182.74985448015872,10.14466667175293,455,cool_dry
BAU9-1,BAU9,9,NA,-117.0822114,46.78188975,NA,Palouse,19,BAU,BAU,CROP,Till,BAU9,BAU,AG-CROP,CK,WashingtonState,Palouse,41.56136,23.907830999999998,44.7746808,110.2438718,8.233333587646484,611,cool_dry
BAU9-2,BAU9,9,NA,-117.0822114,46.78188975,NA,Palouse,19,BAU,BAU,CROP,Till,BAU9,BAU,AG-CROP,CK,WashingtonState,Palouse,44.52716,19.4769037,31.1474473,95.151511,8.233333587646484,611,cool_dry
BAU9-3,BAU9,9,NA,-117.0822114,46.78188975,NA,Palouse,19,BAU,BAU,CROP,Till,BAU9,BAU,AG-CROP,CK,WashingtonState,Palouse,41.465414814814814,21.000685925925925,36.773672366666666,99.23977310740742,8.233333587646484,611,cool_dry
PGL7-7a,PGL7,7,NA,-117.1998969,46.75739636,NA,Palouse,81,Ref - CRP,Ref,GRASS,Perennial,PGL7,PGL,ALT,PCF,WashingtonState,Palouse,36.84600909090909,10.9324675,15.861024866666664,63.63950145757576,8.493000030517578,542,cool_dry
PGL7-7b,PGL7,7,NA,-117.1998969,46.75739636,NA,Palouse,81,Ref - CRP,Ref,GRASS,Perennial,PGL7,PGL,ALT,PCF,WashingtonState,Palouse,43.6852074,17.770506,21.730040100000004,83.1857535,8.493000030517578,542,cool_dry
PGL7-7c,PGL7,7,NA,-117.1998969,46.75739636,NA,Palouse,81,Ref - CRP,Ref,GRASS,Perennial,PGL7,PGL,ALT,PCF,WashingtonState,Palouse,50.665328,28.2638008,43.81716546666666,122.74629426666667,8.493000030517578,542,cool_dry
PGL9-1,PGL9,9,NA,-117.20006,46.75757146,NA,Palouse,82,Ref - CRP,Ref,GRASS,Perennial,PGL9,PGL,ALT,PCF,WashingtonState,Palouse,54.139695,41.21248,84.054048,179.406223,8.493000030517578,542,cool_dry
PGL9-2,PGL9,9,NA,-117.1998969,46.75739636,NA,Palouse,82,Ref - CRP,Ref,GRASS,Perennial,PGL9,PGL,ALT,PCF,WashingtonState,Palouse,53.69016,31.765282999999997,53.247420999999996,138.702864,8.493000030517578,542,cool_dry
PGL9-3,PGL9,9,NA,-117.1998969,46.75739636,NA,Palouse,82,Ref - CRP,Ref,GRASS,Perennial,PGL9,PGL,ALT,PCF,WashingtonState,Palouse,46.416561800000004,18.501876000000003,24.4086386,89.32707640000001,8.493000030517578,542,cool_dry
ALT-1,ALT,NA,NA,-92.85464,43.74984,NA,Marquis,1,SHM-no till,SHM,CROP,No-till,"No-till (cover crop, no-fertilizer). Soybean. Soybean","Western field, 50-acre section with grass waterway running south of field; bordered by hay",AG-CROP,Mower,UnivOfMinnesota,Marquis,108.33288285793449,25.228002282669,30.156622105389005,163.7175072459925,6.805333614349365,821,cool_dry
ALT-2,ALT,NA,NA,-92.85499,43.74981,NA,Marquis,1,SHM-no till,SHM,CROP,No-till,"No-till (cover crop, no-fertilizer). Soybean. Soybean","Western field, 50-acre section with grass waterway running south of field; bordered by hay",AG-CROP,Mower,UnivOfMinnesota,Marquis,122.1820836136399,44.772888018458,80.194921025292,247.1498926573899,6.805333614349365,821,cool_dry
ALT-3,ALT,NA,NA,-92.85457,43.74953,NA,Marquis,1,SHM-no till,SHM,CROP,No-till,"No-till (cover crop, no-fertilizer). Soybean. Soybean","Western field, 50-acre section with grass waterway running south of field; bordered by hay",AG-CROP,Mower,UnivOfMinnesota,Marquis,78.5992743005331,20.9358172431512,28.755818091542004,128.2909096352263,6.805333614349365,821,cool_dry
ALT-4,ALT,NA,NA,-92.85453,43.74922,NA,Readlyn,1,SHM-no till,SHM,CROP,No-till,"No-till (cover crop, no-fertilizer). Soybean. Soybean","Western field, 50-acre section with grass waterway running south of field; bordered by hay",AG-CROP,Mower,UnivOfMinnesota,Marquis,126.06495930472948,34.166472522994,31.2394114463403,191.47084327406378,6.805333614349365,821,cool_dry
ALT-5,ALT,NA,NA,-92.85467,43.74899,NA,Readlyn,1,SHM-no till,SHM,CROP,No-till,"No-till (cover crop, no-fertilizer). Soybean. Soybean","Western field, 50-acre section with grass waterway running south of field; bordered by hay",AG-CROP,Mower,UnivOfMinnesota,Marquis,133.0502698870275,67.291302041188,31.4620472659444,231.8036191941599,6.805333614349365,821,cool_dry
ALT-6,ALT,NA,NA,-92.85419,43.74893,NA,Readlyn,1,SHM-no till,SHM,CROP,No-till,"No-till (cover crop, no-fertilizer). Soybean. Soybean","Western field, 50-acre section with grass waterway running south of field; bordered by hay",AG-CROP,Mower,UnivOfMinnesota,Marquis,106.01752023165879,37.2143084875996,49.276661769332,192.5084904885904,6.805333614349365,821,cool_dry
ALT-7,ALT,NA,NA,-92.85348,43.74876,NA,Marquis,1,SHM-no till,SHM,CROP,No-till,"No-till (cover crop, no-fertilizer). Soybean. Soybean","Western field, 50-acre section with grass waterway running south of field; bordered by hay",AG-CROP,Mower,UnivOfMinnesota,Marquis,107.7506176001721,44.54059496248,67.6771690107276,219.9683815733797,6.805333614349365,821,cool_dry
ALT-8,ALT,NA,NA,-92.85374,43.74855,NA,Marquis,1,SHM-no till,SHM,CROP,No-till,"No-till (cover crop, no-fertilizer). Soybean. Soybean","Western field, 50-acre section with grass waterway running south of field; bordered by hay",AG-CROP,Mower,UnivOfMinnesota,Marquis,106.86287011878278,28.2049459591446,26.683218467448004,161.75103454537538,6.805333614349365,821,cool_dry
ALT-9,ALT,NA,NA,-92.85341,43.749,NA,Readlyn,1,SHM-no till,SHM,CROP,No-till,"No-till (cover crop, no-fertilizer). Soybean. Soybean","Western field, 50-acre section with grass waterway running south of field; bordered by hay",AG-CROP,Mower,UnivOfMinnesota,Marquis,109.9096779995024,52.1014413837536,77.342252521088,239.35337190434402,6.805333614349365,821,cool_dry
CON-1,CON,NA,NA,-92.845294,43.74768,NA,Readlyn,27,BAU,BAU,CROP,Till,conventional tillage (10cm tillage in Spring; 30cm tillage in fall). Soybean,"Eastern field, 150-acre section with grass waterway running from middle of W border to north-center of section",AG-CROP,Mower,UnivOfMinnesota,Readlyn,92.4350116577712,26.800497767484003,29.805372226240003,149.0408816514952,6.805333614349365,821,cool_dry
CON-2,CON,NA,NA,-92.845601,43.747906,NA,Marquis,27,BAU,BAU,CROP,Till,conventional tillage (10cm tillage in Spring; 30cm tillage in fall). Soybean,"Eastern field, 150-acre section with grass waterway running from middle of W border to north-center of section",AG-CROP,Mower,UnivOfMinnesota,Readlyn,101.1391640105955,34.6922144022354,38.7275396506078,174.5589180634387,6.805333614349365,821,cool_dry
CON-3,CON,NA,NA,-92.844985,43.747593,NA,Marquis,27,BAU,BAU,CROP,Till,conventional tillage (10cm tillage in Spring; 30cm tillage in fall). Soybean,"Eastern field, 150-acre section with grass waterway running from middle of W border to north-center of section",AG-CROP,Mower,UnivOfMinnesota,Readlyn,78.973040423399,18.530961745666,26.920257779297998,124.424259948363,6.805333614349365,821,cool_dry
CON-4,CON,NA,NA,-92.84107,43.750483,NA,Marquis,27,BAU,BAU,CROP,Till,conventional tillage (10cm tillage in Spring; 30cm tillage in fall). Soybean,"Eastern field, 150-acre section with grass waterway running from middle of W border to north-center of section",AG-CROP,Mower,UnivOfMinnesota,Readlyn,94.77531161971599,26.906501013448,26.0169036842,147.698716317364,6.757166862487793,827,cool_dry
CON-5,CON,NA,NA,-92.84134,43.75062,NA,Marquis,27,BAU,BAU,CROP,Till,conventional tillage (10cm tillage in Spring; 30cm tillage in fall). Soybean,"Eastern field, 150-acre section with grass waterway running from middle of W border to north-center of section",AG-CROP,Mower,UnivOfMinnesota,Readlyn,88.8162916995271,25.948152878407996,31.6918302132662,146.45627479120128,6.757166862487793,827,cool_dry
CON-6,CON,NA,NA,-92.84078,43.75034,NA,Marquis,27,BAU,BAU,CROP,Till,conventional tillage (10cm tillage in Spring; 30cm tillage in fall). Soybean,"Eastern field, 150-acre section with grass waterway running from middle of W border to north-center of section",AG-CROP,Mower,UnivOfMinnesota,Readlyn,89.6224840401065,24.5964898589496,34.83005900411242,149.04903290316852,6.757166862487793,827,cool_dry
CON-7,CON,NA,NA,-92.84329,43.75222,NA,Readlyn,27,BAU,BAU,CROP,Till,conventional tillage (10cm tillage in Spring; 30cm tillage in fall). Soybean,"Eastern field, 150-acre section with grass waterway running from middle of W border to north-center of section",AG-CROP,Mower,UnivOfMinnesota,Readlyn,82.092169353633,20.6480988382896,65.736158765407,168.47642695732958,6.757166862487793,827,cool_dry
CON-8,CON,NA,NA,-92.843677,43.75218,NA,Readlyn,27,BAU,BAU,CROP,Till,conventional tillage (10cm tillage in Spring; 30cm tillage in fall). Soybean,"Eastern field, 150-acre section with grass waterway running from middle of W border to north-center of section",AG-CROP,Mower,UnivOfMinnesota,Readlyn,74.84304604620169,25.4778672708027,46.2360812968943,146.5569946138987,6.757166862487793,827,cool_dry
CON-9,CON,NA,NA,-92.842882,43.752284,NA,Readlyn,27,BAU,BAU,CROP,Till,conventional tillage (10cm tillage in Spring; 30cm tillage in fall). Soybean,"Eastern field, 150-acre section with grass waterway running from middle of W border to north-center of section",AG-CROP,Mower,UnivOfMinnesota,Readlyn,110.959348470681,29.845264146172003,36.7952319897536,177.5998446066066,6.757166862487793,827,cool_dry
REF-1,REF,NA,NA,-92.845067,43.746917,NA,Kenyon,85,Ref - Native,Ref,RANGE,Perennial,Native rangeland,Undisturbed fencerow running W-E located at the southern edge of the CON field,Reference,Mower,UnivOfMinnesota,Kenyon,132.3147771463199,76.33595062239999,127.19495487436602,335.8456826430859,6.805333614349365,821,cool_dry
REF-2,REF,NA,NA,-92.8454,43.7469,NA,Kenyon,85,Ref - Native,Ref,RANGE,Perennial,Native rangeland,Undisturbed fencerow running W-E located at the southern edge of the CON field,Reference,Mower,UnivOfMinnesota,Kenyon,128.3692585994445,92.94791160916802,150.95961531236242,372.27678552097495,6.805333614349365,821,cool_dry
REF-3,REF,NA,NA,-92.84465,43.746883,NA,Kenyon,85,Ref - Native,Ref,RANGE,Perennial,Native rangeland,Undisturbed fencerow running W-E located at the southern edge of the CON field,Reference,Mower,UnivOfMinnesota,Kenyon,109.50066898473649,76.6075147261266,108.7644062962329,294.872590007096,6.805333614349365,821,cool_dry
REF-4,REF,NA,NA,-92.84395,43.746883,NA,Kenyon,85,Ref - Native,Ref,RANGE,Perennial,Native rangeland,Undisturbed fencerow running W-E located at the southern edge of the CON field,Reference,Mower,UnivOfMinnesota,Kenyon,122.8068613073142,63.838195005024005,66.3807865013312,253.02584281366939,6.805333614349365,821,cool_dry
REF-5,REF,NA,NA,-92.844333,43.7469,NA,Kenyon,85,Ref - Native,Ref,RANGE,Perennial,Native rangeland,Undisturbed fencerow running W-E located at the southern edge of the CON field,Reference,Mower,UnivOfMinnesota,Kenyon,126.231647295449,66.65199827501279,88.0612206869436,280.9448662574054,6.805333614349365,821,cool_dry
REF-6,REF,NA,NA,-92.8436,43.74685,NA,Kenyon,85,Ref - Native,Ref,RANGE,Perennial,Native rangeland,Undisturbed fencerow running W-E located at the southern edge of the CON field,Reference,Mower,UnivOfMinnesota,Kenyon,140.40212908795,84.7397441087407,77.73565141285161,302.8775246095423,6.805333614349365,821,cool_dry
REF-7,REF,NA,NA,-92.843,43.74685,NA,Kenyon,85,Ref - Native,Ref,RANGE,Perennial,Native rangeland,Undisturbed fencerow running W-E located at the southern edge of the CON field,Reference,Mower,UnivOfMinnesota,Kenyon,100.43566715868299,75.36437927568099,130.231456800854,306.031503235218,6.805333614349365,821,cool_dry
REF-8,REF,NA,NA,-92.84325,43.7469,NA,Kenyon,85,Ref - Native,Ref,RANGE,Perennial,Native rangeland,Undisturbed fencerow running W-E located at the southern edge of the CON field,Reference,Mower,UnivOfMinnesota,Kenyon,134.0511857711255,69.4274197025456,85.62838215987401,289.10698763354515,6.805333614349365,821,cool_dry
REF-9,REF,NA,NA,-92.84265,43.746867,NA,Kenyon,85,Ref - Native,Ref,RANGE,Perennial,Native rangeland,Undisturbed fencerow running W-E located at the southern edge of the CON field,Reference,Mower,UnivOfMinnesota,Kenyon,116.1184415883325,69.68660846553,60.3706605551813,246.1757106090438,6.805333614349365,821,cool_dry
IL-019-SW-ARBRTM-001,IL-019-SW-ARBRTM,1,6/19/2020,-88.216396,40.0916401,Drummer,Drummer,31,Ref - Ref,Ref,FOREST,Perennial,Ref,Restored since 1990,Reference,Arboretum,Illinois,Drummer,123.5963896338173,32.84022497058,38.32264494129,194.7592595456873,11.226499557495117,1011,cool_wet
IL-019-SW-ARBRTM-002,IL-019-SW-ARBRTM,2,6/19/2020,-88.2161899,40.0918033,Drummer,Drummer,31,Ref - Ref,Ref,FOREST,Perennial,Ref,Restored since 1990,Reference,Arboretum,Illinois,Drummer,127.633380329148,37.967060822394004,36.3675000097,201.96794116124198,11.226499557495117,1011,cool_wet
IL-019-SW-ARBRTM-003,IL-019-SW-ARBRTM,3,6/19/2020,-88.2159005,40.0914285,Drummer,Drummer,31,Ref - Ref,Ref,FOREST,Perennial,Ref,Restored since 1990,Reference,Arboretum,Illinois,Drummer,107.685057717326,42.026295231194,45.540782570575,195.25213551909502,11.226499557495117,1011,cool_wet
IL-019-SW-RTHRML-001,IL-019-SW-RTHRML,1,1/8/2020,-88.0238,39.9295,Drummer,Drummer,32,SHM - NT,SHM,CROP,No-till,NT,No-Till managed with corn-soybean rotations,AG-CROP,Rothermel,Illinois,Drummer,85.09009133592338,19.511623276729832,39.543476311169165,144.14519092382238,11.027999877929688,1022,cool_wet
IL-019-SW-RTHRML-001A,IL-019-SW-RTHRML,1,11/18/2020,-88.0238,39.9295,Drummer,Drummer,32,SHM - NT,SHM,CROP,No-till,NT,No-Till managed with corn-soybean rotations,AG-CROP,Rothermel,Illinois,Drummer,74.14806386379135,23.282758547417103,NA,NA,11.027999877929688,1022,cool_wet
IL-019-SW-RTHRML-002,IL-019-SW-RTHRML,2,1/8/2020,-88.0238,39.9295,Drummer,Drummer,32,SHM - NT,SHM,CROP,No-till,NT,No-Till managed with corn-soybean rotations,AG-CROP,Rothermel,Illinois,Drummer,82.30804235537593,48.9077174774725,183.75616228864249,314.97192212149093,11.027999877929688,1022,cool_wet
IL-019-SW-RTHRML-003,IL-019-SW-RTHRML,3,1/8/2020,-88.0275783,39.9254322,Drummer,Flanagan,32,SHM - NT,SHM,CROP,No-till,NT,No-Till managed with corn-soybean rotations,AG-CROP,Rothermel,Illinois,Drummer,135.4601988429834,35.171936791436664,45.206236299983324,215.8383719344034,11.027999877929688,1022,cool_wet
IL-019-SW-RTHRML-004,IL-019-SW-RTHRML,4,1/8/2020,-88.0275783,39.9254322,Drummer,Flanagan,32,SHM - NT,SHM,CROP,No-till,NT,No-Till managed with corn-soybean rotations,AG-CROP,Rothermel,Illinois,Drummer,81.06999439476117,24.8531590025885,34.0484426407825,139.97159603813216,11.027999877929688,1022,cool_wet
IL-019-SW-RTHRML-004A,IL-019-SW-RTHRML,4,11/18/2020,-88.027589,39.92541,Drummer,Flanagan,32,SHM - NT,SHM,CROP,No-till,NT,No-Till managed with corn-soybean rotations,AG-CROP,Rothermel,Illinois,Drummer,92.60863428655026,39.75192767263214,NA,NA,11.027999877929688,1022,cool_wet
IL-115-SW-ETAL-001,IL-115-SW-ETAL,1,5/12/2020,-88.745608,39.895068,Drummer,Drummer,33,BAU - Organic,BAU,CROP,Till,Organic,Organically managed in a corn-soybean-small grains rotation with cover crops established prior to corn,AG-CROP,Etal,Illinois,Drummer,97.59285424262751,52.100725654454,58.29558797160001,207.98916786868153,11.113166809082031,1005,cool_wet
IL-115-SW-ETAL-001A,IL-115-SW-ETAL,1,11/19/2020,-88.745608,39.895068,Drummer,Drummer,33,BAU - Organic,BAU,CROP,Till,Organic,Organically managed in a corn-soybean-small grains rotation with cover crops established prior to corn,AG-CROP,Etal,Illinois,Drummer,88.48526574246813,59.79818651350024,NA,NA,11.113166809082031,1005,cool_wet
IL-115-SW-ETAL-002,IL-115-SW-ETAL,2,5/12/2020,-88.746645,39.895384,Drummer,Drummer,33,BAU - Organic,BAU,CROP,Till,Organic,Organically managed in a corn-soybean-small grains rotation with cover crops established prior to corn,AG-CROP,Etal,Illinois,Drummer,77.95596951843599,41.076944703900004,39.05028588657,158.083200108906,11.113166809082031,1005,cool_wet
IL-115-SW-ETAL-003,IL-115-SW-ETAL,3,5/12/2020,-88.746587,39.90146,Drummer,Dana,33,BAU - Organic,BAU,CROP,Till,Organic,Organically managed in a corn-soybean-small grains rotation with cover crops established prior to corn,AG-CROP,Etal,Illinois,Drummer,87.0048923158495,36.779819892774,32.145738062355,155.9304502709785,11.113166809082031,1005,cool_wet
IL-115-SW-WDFLD-001,IL-115-SW-WDFLD,1,5/12/2020,-88.798131,39.866062,Drummer,Drummer,34,BAU - Organic,BAU,CROP,Till,Organic,Organically managed in a corn-soybean-small grains rotation with cover crops established prior to corn,AG-CROP,Woodfield,Illinois,Drummer,97.885057721973,30.525555586976,42.82909999965,171.239713308599,11.21483325958252,1000,cool_wet
IL-115-SW-WDFLD-001A,IL-115-SW-WDFLD,1,11/19/2020,-88.798131,39.866062,Drummer,Drummer,34,BAU - Organic,BAU,CROP,Till,Organic,Organically managed in a corn-soybean-small grains rotation with cover crops established prior to corn,AG-CROP,Woodfield,Illinois,Drummer,78.41845821973445,32.42393299756976,NA,NA,11.21483325958252,1000,cool_wet
IL-115-SW-WDFLD-002,IL-115-SW-WDFLD,2,5/12/2020,-88.799917,39.865395,Drummer,Drummer,34,BAU - Organic,BAU,CROP,Till,Organic,Organically managed in a corn-soybean-small grains rotation with cover crops established prior to corn,AG-CROP,Woodfield,Illinois,Drummer,100.39037066019,39.721632516732,44.408199937815,184.520203114737,11.21483325958252,1000,cool_wet
IL-115-SW-WDFLD-003,IL-115-SW-WDFLD,3,5/12/2020,-88.798039,39.868482,Drummer,Drummer,34,BAU - Organic,BAU,CROP,Till,Organic,Organically managed in a corn-soybean-small grains rotation with cover crops established prior to corn,AG-CROP,Woodfield,Illinois,Drummer,98.081461441465,35.98904124528,45.57700331504,179.647506001785,11.21483325958252,1000,cool_wet
IL-147-SW-CRP-001,IL-147-SW-CRP,1,5/12/2020,-88.743611,39.895694,Drummer,Drummer,35,BAU - Conventional,BAU,CROP,Till,Conventional,Conventionally managed field in a corn-soybean rotation with cover crops established prior to corn,AG-CROP,Cripe,Illinois,Drummer,109.080661846545,42.911844677506,44.64010184704,196.632608371091,11.113166809082031,1005,cool_wet
IL-147-SW-CRP-001A,IL-147-SW-CRP,1,11/19/2020,-88.743611,39.895694,Drummer,Drummer,35,BAU - Conventional,BAU,CROP,Till,Conventional,Conventionally managed field in a corn-soybean rotation with cover crops established prior to corn,AG-CROP,Cripe,Illinois,Drummer,100.47442030369669,44.513177930463776,NA,NA,11.113166809082031,1005,cool_wet
IL-147-SW-CRP-002,IL-147-SW-CRP,2,5/12/2020,-88.743611,39.896889,Drummer,Flanagan,35,BAU - Conventional,BAU,CROP,Till,Conventional,Conventionally managed field in a corn-soybean rotation with cover crops established prior to corn,AG-CROP,Cripe,Illinois,Drummer,80.623788192266,48.294844767634004,43.712291753775,172.630924713675,11.113166809082031,1005,cool_wet
IL-147-SW-CRP-003,IL-147-SW-CRP,3,5/12/2020,-88.743333,39.898194,Drummer,Dana,35,BAU - Conventional,BAU,CROP,Till,Conventional,Conventionally managed field in a corn-soybean rotation with cover crops established prior to corn,AG-CROP,Cripe,Illinois,Drummer,72.7022529126295,23.58244773904,29.47820008766,125.76290073932951,11.113166809082031,1005,cool_wet
IL-147-SW-TS-001,IL-147-SW-TS,1,5/12/2020,-88.700021,39.876683,Drummer,Drummer,36,BAU - Conventional,BAU,CROP,Till,Conventional,Conventionally managed field in a corn-soybean rotation with cover crops established prior to corn,AG-CROP,Taylor South,Illinois,Drummer,92.6546082119085,23.723671768706,30.054625773825,146.4329057544395,11.108333587646484,1003,cool_wet
IL-147-SW-TS-002,IL-147-SW-TS,2,5/12/2020,-88.700776,39.878541,Drummer,Drummer,36,BAU - Conventional,BAU,CROP,Till,Conventional,Conventionally managed field in a corn-soybean rotation with cover crops established prior to corn,AG-CROP,Taylor South,Illinois,Drummer,105.0989159391545,30.274029683591998,40.98549536995,176.3584409926965,11.108333587646484,1003,cool_wet
IL-147-SW-TS-003,IL-147-SW-TS,3,5/12/2020,-88.705988,39.878261,Drummer,Drummer,36,BAU - Conventional,BAU,CROP,Till,Conventional,Conventionally managed field in a corn-soybean rotation with cover crops established prior to corn,AG-CROP,Taylor South,Illinois,Drummer,110.7667681221695,28.621169640543997,48.54165001444,187.92958777715347,11.108333587646484,1003,cool_wet
IL-147-SW-TS-003A,IL-147-SW-TS,3,11/19/2020,-88.705988,39.878261,Drummer,Drummer,36,BAU - Conventional,BAU,CROP,Till,Conventional,Conventionally managed field in a corn-soybean rotation with cover crops established prior to corn,AG-CROP,Taylor South,Illinois,Drummer,102.04635370919107,32.88066023193648,NA,NA,11.108333587646484,1003,cool_wet
PaH2-1,PaH2,1,8/11/2020,-72.2346389,41.7541111,Paxton/ Woodbridge,Woodbridge,70,SHM - Hayland,SHM,GRASS,No-till,Hayland,"Mountain Dairy farm, Mansfield, CT, hayfield",AG-CROP,H2,UConn,Woodbridge,84.5324343484145,10.9525670944058,NA,NA,9.041500091552734,1260,cool_wet
PaL1-1,PaL1,1,7/23/2020,-72.188333,41.7995278,Paxton/ Woodbridge,Woodbridge,71,SHM - Lawn,SHM,GRASS,No-till,Lawn,"Will Ouimet residential lawn, Mansfield, CT",AG-CROP,L1,UConn,Woodbridge,83.95925129150007,14.748664496118401,20.6071606682784,119.31507645589687,8.826166152954102,1251,cool_wet
PaL1-2,PaL1,2,7/23/2020,-72.18838889,41.7995556,Paxton/ Woodbridge,Woodbridge,71,SHM - Lawn,SHM,GRASS,No-till,Lawn,"Will Ouimet residential lawn, Mansfield, CT",AG-CROP,L1,UConn,Woodbridge,102.44994409289801,16.991019272997,NA,NA,8.826166152954102,1251,cool_wet
PaL2-2,PaL2,2,7/24/2020,-72.1895,41.80006,Paxton/ Woodbridge,Canton,72,SHM - Lawn,SHM,GRASS,No-till,Lawn,"Nels Barrett residential lawn, Mansfield, CT",AG-CROP,L2,UConn,Canton,77.16067916802851,38.311738835342396,NA,NA,8.826166152954102,1251,cool_wet
PaM1-1,PaM1,1,7/14/2020,-72.23745,41.8184833,Paxton/ Woodbridge,Canton,73,Ref - Managed forest,Ref,FOREST,Perennial,Managed forest,"UConn forest east of Horsebarn Hill, Storrs, CT, Stand D, oak/ hickory upland hardwoof, thinned 2013",Reference,M1,UConn,Canton,NA,NA,NA,NA,8.857999801635742,1252,cool_wet
PaM2-1,PaM2,1,7/21/2020,-72.25135,41.8207833,Paxton/ Woodbridge,Woodbridge,74,SHM - Managed forest,SHM,FOREST,Perennial,Managed forest,"UConn forest east of Horsebarn Hill, Storrs, CT, Stand B, ash-dominated, thinned 2013",AG-CROP,M2,UConn,Woodbridge,105.12499501975351,15.812505031289998,NA,NA,8.846333503723145,1257,cool_wet
PaM2-2,PaM2,2,7/21/2020,-72.2543056,41.821,Paxton/ Woodbridge,Woodbridge,74,SHM - Managed forest,SHM,FOREST,Perennial,Managed forest,"UConn forest east of Horsebarn Hill, Storrs, CT, Stand B, ash-dominated, thinned 2013",AG-CROP,M2,UConn,Woodbridge,87.768541083933,15.125626427222999,NA,NA,8.846333503723145,1257,cool_wet
PaT2-1,PaT2,1,8/12/2020,-72.2351944,41.7537778,Paxton/ Woodbridge,Woodbridge,78,BAU - Conv till silage corn,BAU,CROP,Till,Conv till silage corn,"Mountain Dairy farm, Mansfield, CT, corn field, conventional till, with manure",AG-CROP,T2,UConn,Woodbridge,68.995619934771,10.25708293236,21.430657845252,100.683360712383,9.041500091552734,1260,cool_wet
PaU1-1,PaU1,1,7/14/2020,-72.2388333,41.8184333,Paxton/ Woodbridge,Woodbridge,79,Ref - Unmanaged forest,Ref,FOREST,Perennial,Unmanaged forest,"UConn forest east of Horsebarn Hill, Storrs, CT, Stand C, oak/ hickory upland hardwood, no recent management",Reference,U1,UConn,Woodbridge,153.19136523016678,17.894594371698002,25.536576505284003,196.6225361071488,8.857999801635742,1252,cool_wet
PaU1-2,PaU1,2,7/14/2020,-72.238939,41.818491,Paxton/ Woodbridge,Woodbridge,79,Ref - Unmanaged forest,Ref,FOREST,Perennial,Unmanaged forest,"UConn forest east of Horsebarn Hill, Storrs, CT, Stand C, oak/ hickory upland hardwood, no recent management",Reference,U1,UConn,Woodbridge,123.2249970331835,12.3948429618816,NA,NA,8.857999801635742,1252,cool_wet
PaU2-1,PaU2,1,7/21/2020,-72.2532778,41.8216111,Paxton/ Woodbridge,Woodbridge,80,Ref - Unmanaged forest,Ref,FOREST,Perennial,Unmanaged forest,"UConn forest east of Horsebarn Hill, Storrs, CT, Stand A, ash- dominated, no recent management",Reference,U2,UConn,Woodbridge,166.2114320658785,22.1166688774827,31.414615423160996,219.74271636652222,8.846333503723145,1257,cool_wet
PaU2-2,PaU2,2,7/21/2020,-72.25333,41.82161667,Paxton/ Woodbridge,Woodbridge,80,Ref - Unmanaged forest,Ref,FOREST,Perennial,Unmanaged forest,"UConn forest east of Horsebarn Hill, Storrs, CT, Stand A, ash- dominated, no recent management",Reference,U2,UConn,Woodbridge,121.79320599938,11.046368034879,NA,NA,8.846333503723145,1257,cool_wet
CVT-1-1,CVT-1,a,NA,-101.9472,32.774177,NA,Amarillo,28,BAU,BAU,CROP,Till,Conv Till - 1,CT,AG-CROP,Lamesa,TexasA&MPt-1,Amarillo,6.557,4.8875,9.887500000000001,21.332,16.16983413696289,462,warm_dry
CVT-1-2,CVT-1,b,NA,-101.9472,32.774177,NA,Amarillo,28,BAU,BAU,CROP,Till,Conv Till - 1,CT,AG-CROP,Lamesa,TexasA&MPt-1,Amarillo,6.057500000000001,5.803000000000001,13.4475,25.308,16.16983413696289,462,warm_dry
CVT-1-3,CVT-1,c,NA,-101.9472,32.774177,NA,Amarillo,28,BAU,BAU,CROP,Till,Conv Till - 1,CT,AG-CROP,Lamesa,TexasA&MPt-1,Amarillo,8.113000000000001,4.839,11.362499999999999,24.314500000000002,16.16983413696289,462,warm_dry
CVT-2-1,CVT-2,a,NA,-101.947051,32.774988,NA,Amarillo,29,BAU,BAU,CROP,Till,Conv Till - 2,CT,AG-CROP,Lamesa,TexasA&MPt-1,Amarillo,8.561,5.310999999999999,12.322499999999998,26.194499999999998,16.16983413696289,462,warm_dry
CVT-2-2,CVT-2,b,NA,-101.947051,32.774988,NA,Amarillo,29,BAU,BAU,CROP,Till,Conv Till - 2,CT,AG-CROP,Lamesa,TexasA&MPt-1,Amarillo,6.938,4.6545000000000005,10.405000000000001,21.997500000000002,16.16983413696289,462,warm_dry
CVT-2-3,CVT-2,c,NA,-101.947051,32.774988,NA,Amarillo,29,BAU,BAU,CROP,Till,Conv Till - 2,CT,AG-CROP,Lamesa,TexasA&MPt-1,Amarillo,7.591,5.481,14.962499999999999,28.034499999999998,16.16983413696289,462,warm_dry
CVT-3-1,CVT-3,a,NA,-101.947185,32.775734,NA,Amarillo,30,BAU,BAU,CROP,Till,Conv Till - 3,CT,AG-CROP,Lamesa,TexasA&MPt-1,Amarillo,9.437,4.3785,8.362499999999999,22.177999999999997,16.16983413696289,462,warm_dry
CVT-3-2,CVT-3,b,NA,-101.947185,32.775734,NA,Amarillo,30,BAU,BAU,CROP,Till,Conv Till - 3,CT,AG-CROP,Lamesa,TexasA&MPt-1,Amarillo,10.2775,6.611,12.575,29.4635,16.16983413696289,462,warm_dry
CVT-3-3,CVT-3,c,NA,-101.947185,32.775734,NA,Amarillo,30,BAU,BAU,CROP,Till,Conv Till - 3,CT,AG-CROP,Lamesa,TexasA&MPt-1,Amarillo,9.062500000000002,5.979,13.042499999999999,28.084000000000003,16.16983413696289,462,warm_dry
NAT-1-1,NAT-1,1,NA,-102.406408,32.060626,NA,Amarillo,57,Ref - Native,Ref,GRASS,Perennial,Rangland,NAT,Reference,Wellman,TexasA&MPt-1,Amarillo,11.946000000000002,7.68,17.571,37.197,17.543832778930664,376,warm_dry
NAT-2-2,NAT-2,2,NA,-102.406791,33.059817,NA,Amarillo,58,Ref - Native,Ref,GRASS,Perennial,Rangland,NAT,Reference,Wellman,TexasA&MPt-1,Amarillo,10.132499999999999,8.5,22,40.6325,15.607999801635742,453,warm_dry
NAT-3-3,NAT-3,3,NA,-102.406186,33.060119,NA,Amarillo,59,Ref - Native,Ref,GRASS,Perennial,Rangland,NAT,Reference,Wellman,TexasA&MPt-1,Amarillo,13.674,5.247999999999999,18.184,37.105999999999995,15.607999801635742,453,warm_dry
NTM-1-1,NTM-1,a,NA,-101.946881,32.774275,NA,Amarillo,64,SHM - no-till,SHM,CROP,Till,No Till - Mixed - 1,MNT,AG-CROP,Lamesa,TexasA&MPt-1,Amarillo,11.012,3.7119999999999997,8.325,23.049,16.16983413696289,462,warm_dry
NTM-1-2,NTM-1,b,NA,-101.946881,32.774275,NA,Amarillo,64,SHM - no-till,SHM,CROP,Till,No Till - Mixed - 1,MNT,AG-CROP,Lamesa,TexasA&MPt-1,Amarillo,11.119,4.41,9.925,25.454,16.16983413696289,462,warm_dry
NTM-1-3,NTM-1,c,NA,-101.946881,32.774275,NA,Amarillo,64,SHM - no-till,SHM,CROP,Till,No Till - Mixed - 1,MNT,AG-CROP,Lamesa,TexasA&MPt-1,Amarillo,10.7985,5.908,13.885,30.591500000000003,16.16983413696289,462,warm_dry
NTM-2-1,NTM-2,a,NA,-101.947229,32.775004,NA,Amarillo,65,SHM - no-till,SHM,CROP,Till,No Till - Mixed - 2,MNT,AG-CROP,Lamesa,TexasA&MPt-1,Amarillo,11.214500000000001,4.6525,12.41,28.277,16.16983413696289,462,warm_dry
NTM-2-2,NTM-2,b,NA,-101.947229,32.775004,NA,Amarillo,65,SHM - no-till,SHM,CROP,Till,No Till - Mixed - 2,MNT,AG-CROP,Lamesa,TexasA&MPt-1,Amarillo,13.892000000000001,5.377999999999999,12.35,31.619999999999997,16.16983413696289,462,warm_dry
NTM-2-3,NTM-2,c,NA,-101.947229,32.775004,NA,Amarillo,65,SHM - no-till,SHM,CROP,Till,No Till - Mixed - 2,MNT,AG-CROP,Lamesa,TexasA&MPt-1,Amarillo,15.077,5.3260000000000005,12.842500000000001,33.2455,16.16983413696289,462,warm_dry
NTM-3-1,NTM-3,a,NA,-101.94738,32.775739,NA,Amarillo,63,SHM - no-till,SHM,CROP,Till,No Till - Mixed - 3,MNT,AG-CROP,Lamesa,TexasA&MPt-1,Amarillo,12.6325,6.428,16.74,35.8005,16.16983413696289,462,warm_dry
NTM-3-2,NTM-3,b,NA,-101.94738,32.775739,NA,Amarillo,63,SHM - no-till,SHM,CROP,Till,No Till - Mixed - 3,MNT,AG-CROP,Lamesa,TexasA&MPt-1,Amarillo,15.132,5.6819999999999995,21.805,42.619,16.16983413696289,462,warm_dry
NTM-3-3,NTM-3,c,NA,-101.94738,32.775739,NA,Amarillo,63,SHM - no-till,SHM,CROP,Till,No Till - Mixed - 3,MNT,AG-CROP,Lamesa,TexasA&MPt-1,Amarillo,9.810500000000001,4.0365,7.675,21.522000000000002,16.16983413696289,462,warm_dry
NTR-1-1,NTR-1,a,NA,-101.947399,32.775007,NA,Amarillo,66,SHM - no-till,SHM,CROP,Till,No Till - Rye - 1,RNT,AG-CROP,Lamesa,TexasA&MPt-1,Amarillo,10.7605,5.122999999999999,12.4475,28.331,16.16983413696289,462,warm_dry
NTR-1-2,NTR-1,b,NA,-101.947399,32.775007,NA,Amarillo,66,SHM - no-till,SHM,CROP,Till,No Till - Rye - 1,RNT,AG-CROP,Lamesa,TexasA&MPt-1,Amarillo,11.57,5.0280000000000005,12.835000000000003,29.433,16.16983413696289,462,warm_dry
NTR-1-3,NTR-1,c,NA,-101.947399,32.775007,NA,Amarillo,66,SHM - no-till,SHM,CROP,Till,No Till - Rye - 1,RNT,AG-CROP,Lamesa,TexasA&MPt-1,Amarillo,13.49,4.6935,13.537500000000001,31.721000000000004,16.16983413696289,462,warm_dry
NTR-2-1,NTR-2,a,NA,-101.947399,32.775007,NA,Amarillo,67,SHM - no-till,SHM,CROP,Till,No Till - Rye - 2,RNT,AG-CROP,Lamesa,TexasA&MPt-1,Amarillo,10.276,4.423500000000001,11.31,26.009500000000003,16.16983413696289,462,warm_dry
NTR-2-2,NTR-2,b,NA,-101.947399,32.775007,NA,Amarillo,67,SHM - no-till,SHM,CROP,Till,No Till - Rye - 2,RNT,AG-CROP,Lamesa,TexasA&MPt-1,Amarillo,12.172,5.34,12.084999999999999,29.597,16.16983413696289,462,warm_dry
NTR-2-3,NTR-2,c,NA,-101.947399,32.775007,NA,Amarillo,67,SHM - no-till,SHM,CROP,Till,No Till - Rye - 2,RNT,AG-CROP,Lamesa,TexasA&MPt-1,Amarillo,10.771,6.218,17.01,33.999,16.16983413696289,462,warm_dry
NTR-3-1,NTR-3,a,NA,-101.947009,32.775683,NA,Amarillo,68,SHM - no-till,SHM,CROP,Till,No Till - Rye - 3,RNT,AG-CROP,Lamesa,TexasA&MPt-1,Amarillo,13.338000000000001,6.6855,13.4675,33.491,16.16983413696289,462,warm_dry
NTR-3-2,NTR-3,b,NA,-101.947009,32.775683,NA,Amarillo,68,SHM - no-till,SHM,CROP,Till,No Till - Rye - 3,RNT,AG-CROP,Lamesa,TexasA&MPt-1,Amarillo,14.125,8.2545,20.505,42.8845,16.16983413696289,462,warm_dry
NTR-3-3,NTR-3,c,NA,-101.947009,32.775683,NA,Amarillo,68,SHM - no-till,SHM,CROP,Till,No Till - Rye - 3,RNT,AG-CROP,Lamesa,TexasA&MPt-1,Amarillo,11.5725,4.9094999999999995,11.6125,28.0945,16.16983413696289,462,warm_dry
MT-1-1,MT-1,NA,NA,-102.093806,35.18025,NA,Pullman,54,BAU,BAU,CROP,Till,Mulch tillage fallow after sorghum,Mulch tillage fallow after sorghum,AG-CROP,NA,TexasA&MPt-2,Pullman,NA,NA,NA,NA,13.280166625976563,472,cool_dry
MT-1-2,MT-1,NA,NA,-102.093806,35.18025,NA,Pullman,54,BAU,BAU,CROP,Till,Mulch tillage fallow after sorghum,Mulch tillage fallow after sorghum,AG-CROP,NA,TexasA&MPt-2,Pullman,NA,NA,NA,NA,13.280166625976563,472,cool_dry
MT-1-3,MT-1,NA,NA,-102.093806,35.18025,NA,Pullman,54,BAU,BAU,CROP,Till,Mulch tillage fallow after sorghum,Mulch tillage fallow after sorghum,AG-CROP,NA,TexasA&MPt-2,Pullman,NA,NA,NA,NA,13.280166625976563,472,cool_dry
MT-2-1,MT-2,NA,NA,-102.093806,35.18025,NA,Pullman,55,BAU,BAU,CROP,Till,mulch tillage fallow after wheat,mulch tillage fallow after wheat,AG-CROP,NA,TexasA&MPt-2,Pullman,NA,NA,NA,NA,13.280166625976563,472,cool_dry
MT-2-2,MT-2,NA,NA,-102.093806,35.18025,NA,Pullman,55,BAU,BAU,CROP,Till,mulch tillage fallow after wheat,mulch tillage fallow after wheat,AG-CROP,NA,TexasA&MPt-2,Pullman,NA,NA,NA,NA,13.280166625976563,472,cool_dry
MT-2-3,MT-2,NA,NA,-102.093806,35.18025,NA,Pullman,55,BAU,BAU,CROP,Till,mulch tillage fallow after wheat,mulch tillage fallow after wheat,AG-CROP,NA,TexasA&MPt-2,Pullman,NA,NA,NA,NA,13.280166625976563,472,cool_dry
MT-3-1,MT-3,NA,NA,-102.093806,35.18025,NA,Pullman,56,BAU,BAU,CROP,Till,mulch tillage wheat,mulch tillage wheat,AG-CROP,NA,TexasA&MPt-2,Pullman,NA,NA,NA,NA,13.280166625976563,472,cool_dry
MT-3-2,MT-3,NA,NA,-102.093806,35.18025,NA,Pullman,56,BAU,BAU,CROP,Till,mulch tillage wheat,mulch tillage wheat,AG-CROP,NA,TexasA&MPt-2,Pullman,NA,NA,NA,NA,13.280166625976563,472,cool_dry
MT-3-3,MT-3,NA,NA,-102.093806,35.18025,NA,Pullman,56,BAU,BAU,CROP,Till,mulch tillage wheat,mulch tillage wheat,AG-CROP,NA,TexasA&MPt-2,Pullman,NA,NA,NA,NA,13.280166625976563,472,cool_dry
NT-1-1,NT-1,NA,NA,-102.093806,35.18025,NA,Pullman,60,SHM - no-till,SHM,CROP,No-till,no-till fallow after sorghum,no-till fallow after sorghum,AG-CROP,NA,TexasA&MPt-2,Pullman,NA,NA,NA,NA,13.280166625976563,472,cool_dry
NT-1-2,NT-1,NA,NA,-102.093806,35.18025,NA,Pullman,60,SHM - no-till,SHM,CROP,No-till,no-till fallow after sorghum,no-till fallow after sorghum,AG-CROP,NA,TexasA&MPt-2,Pullman,NA,NA,NA,NA,13.280166625976563,472,cool_dry
NT-1-3,NT-1,NA,NA,-102.093806,35.18025,NA,Pullman,60,SHM - no-till,SHM,CROP,No-till,no-till fallow after sorghum,no-till fallow after sorghum,AG-CROP,NA,TexasA&MPt-2,Pullman,NA,NA,NA,NA,13.280166625976563,472,cool_dry
NT-2-1,NT-2,NA,NA,-102.093806,35.18025,NA,Pullman,61,SHM - no-till,SHM,CROP,No-till,no-till fallow after wheat,no-till fallow after wheat,AG-CROP,NA,TexasA&MPt-2,Pullman,NA,NA,NA,NA,13.280166625976563,472,cool_dry
NT-2-2,NT-2,NA,NA,-102.093806,35.18025,NA,Pullman,61,SHM - no-till,SHM,CROP,No-till,no-till fallow after wheat,no-till fallow after wheat,AG-CROP,NA,TexasA&MPt-2,Pullman,NA,NA,NA,NA,13.280166625976563,472,cool_dry
NT-2-3,NT-2,NA,NA,-102.093806,35.18025,NA,Pullman,61,SHM - no-till,SHM,CROP,No-till,no-till fallow after wheat,no-till fallow after wheat,AG-CROP,NA,TexasA&MPt-2,Pullman,NA,NA,NA,NA,13.280166625976563,472,cool_dry
NT-3-1,NT-3,NA,NA,-102.093806,35.18025,NA,Pullman,62,SHM - no-till,SHM,CROP,No-till,no-till wheat,no-till wheat,AG-CROP,NA,TexasA&MPt-2,Pullman,NA,NA,NA,NA,13.280166625976563,472,cool_dry
NT-3-2,NT-3,NA,NA,-102.093806,35.18025,NA,Pullman,62,SHM - no-till,SHM,CROP,No-till,no-till wheat,no-till wheat,AG-CROP,NA,TexasA&MPt-2,Pullman,NA,NA,NA,NA,13.280166625976563,472,cool_dry
NT-3-3,NT-3,NA,NA,-102.093806,35.18025,NA,Pullman,62,SHM - no-till,SHM,CROP,No-till,no-till wheat,no-till wheat,AG-CROP,NA,TexasA&MPt-2,Pullman,NA,NA,NA,NA,13.280166625976563,472,cool_dry
R-1-1,R-1,NA,NA,-102.093806,35.18025,NA,Pullman,83,Ref - Native,Ref,FORAGE,Perennial,Native Rangeland,Native,Reference,NA,TexasA&MPt-2,Pullman,NA,NA,NA,NA,13.280166625976563,472,cool_dry
R-1-2,R-1,NA,NA,-102.093806,35.18025,NA,Pullman,83,Ref - Native,Ref,FORAGE,Perennial,Native Rangeland,Native,Reference,NA,TexasA&MPt-2,Pullman,NA,NA,NA,NA,13.280166625976563,472,cool_dry
R-1-3,R-1,NA,NA,-102.093806,35.18025,NA,Pullman,83,Ref - Native,Ref,FORAGE,Perennial,Native Rangeland,Native,Reference,NA,TexasA&MPt-2,Pullman,NA,NA,NA,NA,13.280166625976563,472,cool_dry
R-2-1,R-2,NA,NA,-102.093806,35.18025,NA,Pullman,84,Ref - Native,Ref,FORAGE,Perennial,Native with introduced species,Native with introduced species,ALT,NA,TexasA&MPt-2,Pullman,NA,NA,NA,NA,13.280166625976563,472,cool_dry
R-2-2,R-2,NA,NA,-102.093806,35.18025,NA,Pullman,84,Ref - Native,Ref,FORAGE,Perennial,Native with introduced species,Native with introduced species,ALT,NA,TexasA&MPt-2,Pullman,NA,NA,NA,NA,13.280166625976563,472,cool_dry
R-2-3,R-2,NA,NA,-102.093806,35.18025,NA,Pullman,84,Ref - Native,Ref,FORAGE,Perennial,Native with introduced species,Native with introduced species,ALT,NA,TexasA&MPt-2,Pullman,NA,NA,NA,NA,13.280166625976563,472,cool_dry
JoF1-1,JoF1,1,4/24/2019,-123.2972812,44.6361175,Jory,NA,37,Ref - Forest,Ref,FOREST,Perennial,Forest,"Douglas fir trees 25-30 years old, McDonald Dunn Research Forest at Lewisburg Saddle.",Reference,OSU1,OregonState,Jory,82.2679725,36.383880000000005,33.522,152.1738525,10.439666748046875,1702,cool_wet
JoF1-2,JoF1,2,4/24/2019,-123.2973802,44.6362175,Jory,NA,37,Ref - Forest,Ref,FOREST,Perennial,Forest,"Douglas fir trees 25-30 years old, McDonald Dunn Research Forest at Lewisburg Saddle.",Reference,OSU1,OregonState,Jory,106.90661,56.4542,52.910000000000004,216.27081,10.439666748046875,1702,cool_wet
JoF1-3,JoF1,3,4/24/2019,-123.2974823,44.6358175,Jory,NA,37,Ref - Forest,Ref,FOREST,Perennial,Forest,"Douglas fir trees 25-30 years old, McDonald Dunn Research Forest at Lewisburg Saddle.",Reference,OSU1,OregonState,Jory,131.70596999999998,62.84,80.66000000000001,275.20597,10.439666748046875,1702,cool_wet
JoF2-1,JoF2,1,5/13/2019,-123.355451,44.918413,Jory,NA,38,Ref - Forest,Ref,FOREST,Perennial,Forest,Douglas fir trees were last harvested 25 years ago,Reference,OSU2,OregonState,Jory,79.2221675,33.761919999999996,56.58592,169.57000749999997,10.75433349609375,1556,cool_wet
JoF2-2,JoF2,2,5/13/2019,-123.355551,44.918544,Jory,NA,38,Ref - Forest,Ref,FOREST,Perennial,Forest,Douglas fir trees were last harvested 25 years ago,Reference,OSU2,OregonState,Jory,132.59575,50.779199999999996,91.1208,274.49575000000004,10.75433349609375,1556,cool_wet
JoF2-3,JoF2,3,5/13/2019,-123.355451,44.918514,Jory,NA,38,Ref - Forest,Ref,FOREST,Perennial,Forest,Douglas fir trees were last harvested 25 years ago,Reference,OSU2,OregonState,Jory,124.22655000000002,52.653600000000004,90.99144,267.87159,10.75433349609375,1556,cool_wet
JoF3-1,JoF3,1,5/31/2019,-123.41895,44.74261,Jory,NA,39,Ref - Forest,Ref,FOREST,Perennial,Forest,"Weyerhauser 2nd growth timber, 24 years old. Minimally managed",Reference,OSU10,OregonState,Jory,77.944366,46.2430661,41.443704000000004,165.6311361,10.579500198364258,1722,cool_wet
JoF3-2,JoF3,2,5/31/2019,-123.41905,44.74261,Jory,NA,39,Ref - Forest,Ref,FOREST,Perennial,Forest,"Weyerhauser 2nd growth timber, 24 years old. Minimally managed",Reference,OSU10,OregonState,Jory,162.0173,96.18581,62.678399999999996,320.88151000000005,10.579500198364258,1722,cool_wet
JoF3-3,JoF3,3,5/31/2019,-123.41875,44.74261,Jory,NA,39,Ref - Forest,Ref,FOREST,Perennial,Forest,"Weyerhauser 2nd growth timber, 24 years old. Minimally managed",Reference,OSU10,OregonState,Jory,135.0907,76.67450000000001,57.8952,269.6604,10.579500198364258,1722,cool_wet
JoV1-1,JoV1,1,5/21/2019,-123.07116,45.24882,Jory,NA,40,SHM - Vineyard,SHM,CROP,Conservation,Vineyard,Rootstock was established over 10 years ago. Grasses and forbs are grown in rows in between as a cover crop; light discing occurs periodically but not annually.,AG-CROP,OSU4,OregonState,Jory,76.5227175,34.261086,59.99328899999999,170.77709249999998,11.384166717529297,1036,cool_wet
JoV1-2,JoV1,2,5/21/2019,-123.07126,45.24882,Jory,NA,40,SHM - Vineyard,SHM,CROP,Conservation,Vineyard,Rootstock was established over 10 years ago. Grasses and forbs are grown in rows in between as a cover crop; light discing occurs periodically but not annually.,AG-CROP,OSU4,OregonState,Jory,103.78620000000001,42.878640000000004,67.79181,214.45665000000002,11.384166717529297,1036,cool_wet
JoV1-3,JoV1,3,5/21/2019,-123.07096,45.24912,Jory,NA,40,SHM - Vineyard,SHM,CROP,Conservation,Vineyard,Rootstock was established over 10 years ago. Grasses and forbs are grown in rows in between as a cover crop; light discing occurs periodically but not annually.,AG-CROP,OSU4,OregonState,Jory,89.00744999999999,42.36736,104.18776,235.56257,11.384166717529297,1036,cool_wet
JoV2-1,JoV2,1,6/11/2019,-123.049801,45.251054,Jory,NA,41,SHM - Vineyard,SHM,CROP,Conservation,Vineyard,"18 years with same vines, ~1200/acre, 7 spacing, all pinot noir. Planted to wheat and cherry beforehand. Disced and rototilled in early 2019 due to excessive voles, to about 2-4 in depth. Sprayed on 6/10 with micronized sulfur and a bacillus-based mold treatment. No irrigation at this site.",AG-CROP,OSU11,OregonState,Jory,55.11618,17.072850000000003,27.256259999999997,99.44529,10.831167221069336,1297,cool_wet
JoV2-2,JoV2,2,6/11/2019,-123.049901,45.250954,Jory,NA,41,SHM - Vineyard,SHM,CROP,Conservation,Vineyard,"18 years with same vines, ~1200/acre, 7 spacing, all pinot noir. Planted to wheat and cherry beforehand. Disced and rototilled in early 2019 due to excessive voles, to about 2-4 in depth. Sprayed on 6/10 with micronized sulfur and a bacillus-based mold treatment. No irrigation at this site.",AG-CROP,OSU11,OregonState,Jory,55.076350000000005,24.1648,48.8672,128.10835,10.831167221069336,1297,cool_wet
JoV2-3,JoV2,3,6/11/2019,-123.049601,45.251354,Jory,NA,41,SHM - Vineyard,SHM,CROP,Conservation,Vineyard,"18 years with same vines, ~1200/acre, 7 spacing, all pinot noir. Planted to wheat and cherry beforehand. Disced and rototilled in early 2019 due to excessive voles, to about 2-4 in depth. Sprayed on 6/10 with micronized sulfur and a bacillus-based mold treatment. No irrigation at this site.",AG-CROP,OSU11,OregonState,Jory,NA,NA,NA,NA,10.831167221069336,1297,cool_wet
JoV3-1,JoV3,1,7/8/2019,-123.130763,45.037101,Jory,NA,42,SHM - Vineyard,SHM,CROP,Conservation,Vineyard,"Pinot noir plot with 1210 vines/acre, planted in 2006. Disced to ~10 cm annually, planted with cover crop to stress vines. Every 8th row planted with wildflowers to attract pollinators.",AG-CROP,OSU14,OregonState,Jory,71.66476200000001,38.337936000000006,64.61040080000001,174.61309880000002,11.041333198547363,1211,cool_wet
JoV3-2,JoV3,2,7/8/2019,-123.130863,45.037201,Jory,NA,42,SHM - Vineyard,SHM,CROP,Conservation,Vineyard,"Pinot noir plot with 1210 vines/acre, planted in 2006. Disced to ~10 cm annually, planted with cover crop to stress vines. Every 8th row planted with wildflowers to attract pollinators.",AG-CROP,OSU14,OregonState,Jory,88.71490000000001,50.67880000000001,77.76064,217.15434000000002,11.041333198547363,1211,cool_wet
JoV3-3,JoV3,3,7/8/2019,-123.130563,45.037101,Jory,NA,42,SHM - Vineyard,SHM,CROP,Conservation,Vineyard,"Pinot noir plot with 1210 vines/acre, planted in 2006. Disced to ~10 cm annually, planted with cover crop to stress vines. Every 8th row planted with wildflowers to attract pollinators.",AG-CROP,OSU14,OregonState,Jory,94.43110000000001,52.28680000000001,75.74384,222.46174000000002,11.041333198547363,1211,cool_wet
JoXT1-1,JoXT1,1,5/29/2019,-123.33523,44.4319,Jory,NA,43,BAU - Christmas tree,BAU,CROP,Till,Christmas tree,"2-year-old Noble Fir trees planted one year ago. Site has been in Christmas trees since 1955. Used to rototill between rotations, but now limit tillage to some light discing. Left fallow for the summer before planting this crop, and some Sudan grass planted for a year before that.",AG-CROP,OSU9,OregonState,Jory,83.567955,28.284497999999996,41.003515500000006,152.85596850000002,10.982500076293945,1468,cool_wet
JoXT1-2,JoXT1,2,5/29/2019,-123.33533,44.4318,Jory,NA,43,BAU - Christmas tree,BAU,CROP,Till,Christmas tree,"2-year-old Noble Fir trees planted one year ago. Site has been in Christmas trees since 1955. Used to rototill between rotations, but now limit tillage to some light discing. Left fallow for the summer before planting this crop, and some Sudan grass planted for a year before that.",AG-CROP,OSU9,OregonState,Jory,117.10475,46.08112,70.51798000000001,233.70385,10.982500076293945,1468,cool_wet
JoXT1-3,JoXT1,3,5/29/2019,-123.33503,44.4316,Jory,NA,43,BAU - Christmas tree,BAU,CROP,Till,Christmas tree,"2-year-old Noble Fir trees planted one year ago. Site has been in Christmas trees since 1955. Used to rototill between rotations, but now limit tillage to some light discing. Left fallow for the summer before planting this crop, and some Sudan grass planted for a year before that.",AG-CROP,OSU9,OregonState,Jory,127.20385,42.06887999999999,56.4039,225.67663,10.982500076293945,1468,cool_wet
JoXT2-1,JoXT2,1,6/28/2019,-123.13708,45.04997,Jory,NA,44,BAU - Christmas tree,BAU,CROP,Till,Christmas tree,"9 years planted in noble fir. Prior to planting, was tilled to 25 cm, limed, and left fallow for 1 year with a sudangrass cover crop.",AG-CROP,OSU12,OregonState,Jory,73.2138364,44.605540000000005,56.480179,174.2995554,10.626832962036133,1450,cool_wet
JoXT2-2,JoXT2,2,6/28/2019,-123.13718,45.04987,Jory,NA,44,BAU - Christmas tree,BAU,CROP,Till,Christmas tree,"9 years planted in noble fir. Prior to planting, was tilled to 25 cm, limed, and left fallow for 1 year with a sudangrass cover crop.",AG-CROP,OSU12,OregonState,Jory,84.75846,48.013000000000005,79.68415,212.45560999999998,10.626832962036133,1450,cool_wet
JoXT2-3,JoXT2,3,6/28/2019,-123.13688,45.04997,Jory,NA,44,BAU - Christmas tree,BAU,CROP,Till,Christmas tree,"9 years planted in noble fir. Prior to planting, was tilled to 25 cm, limed, and left fallow for 1 year with a sudangrass cover crop.",AG-CROP,OSU12,OregonState,Jory,82.00167,39.0488,56.760479999999994,177.81095,10.626832962036133,1450,cool_wet
JoXT3-1,JoXT3,1,7/1/2019,-122.90909,44.910377,Jory,NA,45,BAU - Christmas tree,BAU,CROP,Till,Christmas tree,"Property bought in 2015 by landowner, planted in noble fir in 2016 at the location of the pit. Some grand fir and Douglas-fir observed in other parts of plot.",AG-CROP,OSU13,OregonState,Jory,76.5152195,24.131520000000002,37.22166,137.8683995,11.120499610900879,1186,cool_wet
JoXT3-2,JoXT3,2,7/1/2019,-122.90899,44.910277,Jory,NA,45,BAU - Christmas tree,BAU,CROP,Till,Christmas tree,"Property bought in 2015 by landowner, planted in noble fir in 2016 at the location of the pit. Some grand fir and Douglas-fir observed in other parts of plot.",AG-CROP,OSU13,OregonState,Jory,96.15193,36.2628,31.973799999999997,164.38853,11.120499610900879,1186,cool_wet
JoXT3-3,JoXT3,3,7/1/2019,-122.90889,44.910077,Jory,NA,45,BAU - Christmas tree,BAU,CROP,Till,Christmas tree,"Property bought in 2015 by landowner, planted in noble fir in 2016 at the location of the pit. Some grand fir and Douglas-fir observed in other parts of plot.",AG-CROP,OSU13,OregonState,Jory,100.94998999999999,38.4048,50.2268,189.58158999999998,11.120499610900879,1186,cool_wet
WoCT1-1,WoCT1,1,5/22/2019,-122.964818,45.231102,Woodburn,NA,86,BAU - Conventional till,BAU,CROP,Till,Conventional till,"Perennial ryegrass, tilled regularly (~2-3 years) to a depth of ~12 inches (30 cm)",AG-CROP,OSU6,OregonState,Woodburn,44.790975,11.2789278,16.620721,72.6906238,11.487166404724121,1011,cool_wet
WoCT1-2,WoCT1,2,5/22/2019,-122.964718,45.231202,Woodburn,NA,86,BAU - Conventional till,BAU,CROP,Till,Conventional till,"Perennial ryegrass, tilled regularly (~2-3 years) to a depth of ~12 inches (30 cm)",AG-CROP,OSU6,OregonState,Woodburn,58.50337,14.839080000000001,21.895500000000002,95.23795,11.487166404724121,1011,cool_wet
WoCT1-3,WoCT1,3,5/22/2019,-122.964618,45.231402,Woodburn,NA,86,BAU - Conventional till,BAU,CROP,Till,Conventional till,"Perennial ryegrass, tilled regularly (~2-3 years) to a depth of ~12 inches (30 cm)",AG-CROP,OSU6,OregonState,Woodburn,53.94881,13.662180000000001,19.2945,86.90549,11.487166404724121,1011,cool_wet
WoCT2-1,WoCT2,1,7/15/2019,-122.842842,45.014134,Woodburn,NA,87,BAU - Conventional till,BAU,CROP,Till,Conventional till,"Perennial ryegrass, planted in 2016. It was planted to onions beforehand. The ryegrass typically stays in for 3 years.  Then the grower row crops the ground for 2-3 years, and the max depth they reach is 18.",AG-CROP,OSU16,OregonState,Woodburn,73.428065,27.0541,34.64194,135.12410500000001,11.441166877746582,1053,cool_wet
WoCT2-2,WoCT2,2,7/15/2019,-122.842742,45.014034,Woodburn,NA,87,BAU - Conventional till,BAU,CROP,Till,Conventional till,"Perennial ryegrass, planted in 2016. It was planted to onions beforehand. The ryegrass typically stays in for 3 years.  Then the grower row crops the ground for 2-3 years, and the max depth they reach is 18.",AG-CROP,OSU16,OregonState,Woodburn,88.60885,44.138000000000005,52.1792,184.92605,11.441166877746582,1053,cool_wet
WoCT2-3,WoCT2,3,7/15/2019,-122.843042,45.013834,Woodburn,NA,87,BAU - Conventional till,BAU,CROP,Till,Conventional till,"Perennial ryegrass, planted in 2016. It was planted to onions beforehand. The ryegrass typically stays in for 3 years.  Then the grower row crops the ground for 2-3 years, and the max depth they reach is 18.",AG-CROP,OSU16,OregonState,Woodburn,93.8544,38.019,41.6046,173.478,11.441166877746582,1053,cool_wet
WoCT3-1,WoCT3,1,7/16/2019,-123.06167,45.1251,Woodburn,NA,88,BAU - Conventional till,BAU,CROP,Till,Conventional till,Perennial ryegrass field planted in 2016. Tilled to corn and peas beforehand.,AG-CROP,OSU17,OregonState,Woodburn,52.372682999999995,12.640319999999999,16.304109,81.317112,11.435500144958496,1018,cool_wet
WoCT3-2,WoCT3,2,7/16/2019,-123.06201,45.1251,Woodburn,NA,88,BAU - Conventional till,BAU,CROP,Till,Conventional till,Perennial ryegrass field planted in 2016. Tilled to corn and peas beforehand.,AG-CROP,OSU17,OregonState,Woodburn,54.98138,15.554000000000002,18.174480000000003,88.70986,11.435500144958496,1018,cool_wet
WoCT3-3,WoCT3,3,7/16/2019,-123.06134,45.1248,Woodburn,NA,88,BAU - Conventional till,BAU,CROP,Till,Conventional till,Perennial ryegrass field planted in 2016. Tilled to corn and peas beforehand.,AG-CROP,OSU17,OregonState,Woodburn,57.00317,24.147199999999998,25.40685,106.55722,11.442500114440918,1014,cool_wet
WoH1-1,WoH1,1,5/22/2019,-122.96961,45.2279,Woodburn,NA,89,Ref - Hazelnut,Ref,ORCHARD,Perennial,Hazelnut,"Hazelnut orchard is about 30 years old, no ground cover evident. No tillage occurs now, but heavy equipment is often driven over the surface, especially for harvest.",Reference,OSU5,OregonState,Woodburn,73.49241119999999,28.669824,24.009378700000003,126.1716139,11.487166404724121,1011,cool_wet
WoH1-2,WoH1,2,5/22/2019,-122.96961,45.2278,Woodburn,NA,89,Ref - Hazelnut,Ref,ORCHARD,Perennial,Hazelnut,"Hazelnut orchard is about 30 years old, no ground cover evident. No tillage occurs now, but heavy equipment is often driven over the surface, especially for harvest.",Reference,OSU5,OregonState,Woodburn,92.62563,14.7456,18.81991,126.19113999999999,11.487166404724121,1011,cool_wet
WoH1-3,WoH1,3,5/22/2019,-122.96981,45.2279,Woodburn,NA,89,Ref - Hazelnut,Ref,ORCHARD,Perennial,Hazelnut,"Hazelnut orchard is about 30 years old, no ground cover evident. No tillage occurs now, but heavy equipment is often driven over the surface, especially for harvest.",Reference,OSU5,OregonState,Woodburn,60.09937,10.3104,15.64169,86.05145999999999,11.487166404724121,1011,cool_wet
WoH2-1,WoH2,1,5/28/2019,-123.213416,45.074334,Woodburn,NA,90,Ref - Hazelnut,Ref,ORCHARD,Perennial,Hazelnut,"Mature hazelnut orchard, about 25 years old",Reference,OSU8,OregonState,Woodburn,79.17801,28.003080000000004,25.293408,132.474498,11.355833053588867,1131,cool_wet
WoH2-2,WoH2,2,5/28/2019,-123.213516,45.074334,Woodburn,NA,90,Ref - Hazelnut,Ref,ORCHARD,Perennial,Hazelnut,"Mature hazelnut orchard, about 25 years old",Reference,OSU8,OregonState,Woodburn,67.7877,31.65648,33.85368,133.29786000000001,11.355833053588867,1131,cool_wet
WoH2-3,WoH2,3,5/28/2019,-123.213616,45.074334,Woodburn,NA,90,Ref - Hazelnut,Ref,ORCHARD,Perennial,Hazelnut,"Mature hazelnut orchard, about 25 years old",Reference,OSU8,OregonState,Woodburn,60.713499999999996,27.42408,26.533079999999998,114.67066,11.355833053588867,1131,cool_wet
WoH3-1,WoH3,1,7/9/2019,-122.86279,44.94845,Woodburn,NA,91,Ref - Hazelnut,Ref,ORCHARD,Perennial,Hazelnut,"Hazelnut orchard planted in 1976. The understory was completely depauperate, partially due to periodic spraying for weeds. There were some trees affected by hazelnut blight, and the orchard was treated with lime in 2014",Reference,OSU15,OregonState,Woodburn,33.76306,13.228575,12.478921999999999,59.470557,11.209833145141602,1138,cool_wet
WoH3-2,WoH3,2,7/9/2019,-122.86289,44.94855,Woodburn,NA,91,Ref - Hazelnut,Ref,ORCHARD,Perennial,Hazelnut,"Hazelnut orchard planted in 1976. The understory was completely depauperate, partially due to periodic spraying for weeds. There were some trees affected by hazelnut blight, and the orchard was treated with lime in 2014",Reference,OSU15,OregonState,Woodburn,59.8962,16.876800000000003,16.36135,93.13435,11.209833145141602,1138,cool_wet
WoH3-3,WoH3,3,7/9/2019,-122.86259,44.94815,Woodburn,NA,91,Ref - Hazelnut,Ref,ORCHARD,Perennial,Hazelnut,"Hazelnut orchard planted in 1976. The understory was completely depauperate, partially due to periodic spraying for weeds. There were some trees affected by hazelnut blight, and the orchard was treated with lime in 2014",Reference,OSU15,OregonState,Woodburn,83.8698,29.06455,25.436499999999995,138.37085,11.209833145141602,1138,cool_wet
WoNT1-1,WoNT1,1,5/20/2019,-123.27097,44.737333,Woodburn,NA,92,SHM - No-till,SHM,CROP,No-till,No-till,Perennial rye grass planted in 2014 and not tilled since then. Grower reported irrigating approximately 2x per season.,AG-CROP,OSU3,OregonState,Woodburn,61.68239000000001,20.590536000000004,36.732400000000005,119.00532600000003,11.279166221618652,1284,cool_wet
WoNT1-2,WoNT1,2,5/20/2019,-123.27107,44.737333,Woodburn,NA,92,SHM - No-till,SHM,CROP,No-till,No-till,Perennial rye grass planted in 2014 and not tilled since then. Grower reported irrigating approximately 2x per season.,AG-CROP,OSU3,OregonState,Woodburn,71.63980000000001,18.67416,37.800000000000004,128.11396000000002,11.279166221618652,1284,cool_wet
WoNT1-3,WoNT1,3,5/20/2019,-123.27077,44.737633,Woodburn,NA,92,SHM - No-till,SHM,CROP,No-till,No-till,Perennial rye grass planted in 2014 and not tilled since then. Grower reported irrigating approximately 2x per season.,AG-CROP,OSU3,OregonState,Woodburn,72.6508,19.422330000000002,36.4224,128.49553,11.279166221618652,1284,cool_wet
WoNT2-1,WoNT2,1,5/28/2019,-123.21367,45.07067,Woodburn,NA,93,SHM - No-till,SHM,GRASS,No-till,No-till,"Orchard grass, 18 years with no tillage.",AG-CROP,OSU7,OregonState,Woodburn,74.2696325,28.757456999999995,34.459347,137.4864365,11.355833053588867,1131,cool_wet
WoNT2-2,WoNT2,2,5/28/2019,-123.21377,45.07057,Woodburn,NA,93,SHM - No-till,SHM,GRASS,No-till,No-till,"Orchard grass, 18 years with no tillage.",AG-CROP,OSU7,OregonState,Woodburn,83.0339,29.097720000000002,31.457880000000003,143.5895,11.355833053588867,1131,cool_wet
WoNT2-3,WoNT2,3,5/28/2019,-123.21387,45.07097,Woodburn,NA,93,SHM - No-till,SHM,GRASS,No-till,No-till,"Orchard grass, 18 years with no tillage.",AG-CROP,OSU7,OregonState,Woodburn,78.24095,30.35904,35.30328,143.90327,11.355833053588867,1131,cool_wet
WoNT3-1,WoNT3,1,7/26/2019,-122.856544,44.950981,Woodburn,NA,94,SHM - No-till,SHM,CROP,No-till,No-till,"Planted in 2012 to tall fescue, per the farmer. He also indicates that the field is non-irrigated and that they take extra care to reduce disturbance to the soil whenever possible.",AG-CROP,OSU18,OregonState,Woodburn,58.398129,13.7313,21.916349999999998,94.045779,11.209833145141602,1138,cool_wet
WoNT3-2,WoNT3,2,7/26/2019,-122.856644,44.950981,Woodburn,NA,94,SHM - No-till,SHM,CROP,No-till,No-till,"Planted in 2012 to tall fescue, per the farmer. He also indicates that the field is non-irrigated and that they take extra care to reduce disturbance to the soil whenever possible.",AG-CROP,OSU18,OregonState,Woodburn,64.59865,17.374,26.933799999999998,108.90645,11.209833145141602,1138,cool_wet
WoNT3-3,WoNT3,3,7/26/2019,-122.856744,44.950981,Woodburn,NA,94,SHM - No-till,SHM,CROP,No-till,No-till,"Planted in 2012 to tall fescue, per the farmer. He also indicates that the field is non-irrigated and that they take extra care to reduce disturbance to the soil whenever possible.",AG-CROP,OSU18,OregonState,Woodburn,59.2312,19.593200000000003,29.364500000000003,108.1889,11.209833145141602,1138,cool_wet
AR2-1,AR2,1,2/27/2021,-98.203663,26.309166,Hidalgo,NA,2,Ref - Reference,Ref,FOREST,Perennial,Reference,"Native treeline composed of mesquite, hackberry, anacua and others. No major disturbances in over 50 years.",Reference,UTRGV10,UTRGV,Hidalgo,37.86636460995,NA,NA,NA,23.37433433532715,590,warm_dry
AR2-2,AR2,2,2/27/2021,-98.20307,26.30907954,Hidalgo,NA,2,Ref - Reference,Ref,FOREST,Perennial,Reference,"Native treeline composed of mesquite, hackberry, anacua and others. No major disturbances in over 50 years.",Reference,UTRGV10,UTRGV,Hidalgo,71.20026126455,NA,NA,NA,23.37433433532715,590,warm_dry
AR2-3,AR2,3,2/27/2021,-98.202272,26.30896,Hidalgo,NA,2,Ref - Reference,Ref,FOREST,Perennial,Reference,"Native treeline composed of mesquite, hackberry, anacua and others. No major disturbances in over 50 years.",Reference,UTRGV10,UTRGV,Hidalgo,97.4863786082,NA,NA,NA,23.37433433532715,590,warm_dry
AR3-1,AR3,1,3/18/2021,-97.865571,26.425936,Hidalgo,NA,3,Ref - Reference,Ref,FOREST,Perennial,Reference,"Native treeline composed of mesquite, Texas ebony, and others. Undisturbed in landowner's memory (60+ year). Area catches sand deposited by strong winds.",Reference,UTRGV11,UTRGV,Hidalgo,119.89706493385,NA,NA,NA,22.996166229248047,682,warm_dry
AR3-2,AR3,2,3/18/2021,-97.86555,26.42575,Hidalgo,NA,3,Ref - Reference,Ref,FOREST,Perennial,Reference,"Native treeline composed of mesquite, Texas ebony, and others. Undisturbed in landowner's memory (60+ year). Area catches sand deposited by strong winds.",Reference,UTRGV11,UTRGV,Hidalgo,91.56810214664999,NA,NA,NA,22.996166229248047,682,warm_dry
AR3-3,AR3,3,3/18/2021,-97.863987,26.425912,Hidalgo,NA,3,Ref - Reference,Ref,FOREST,Perennial,Reference,"Native treeline composed of mesquite, Texas ebony, and others. Undisturbed in landowner's memory (60+ year). Area catches sand deposited by strong winds.",Reference,UTRGV11,UTRGV,Hidalgo,140.89977950605,NA,NA,NA,22.996166229248047,682,warm_dry
AX1-1,AX1,1,12/4/2020,-97.86129,26.37183,Hidalgo,NA,8,BAU - Conventional Till,BAU,CROP,Till,Conventional Till,"Conventional tillage with a sorghum, sesame, cotton rotation",AG-CROP,UTRGV1,UTRGV,Hidalgo,53.43225237425,NA,NA,NA,23.07349967956543,673,warm_dry
AX1-2,AX1,2,11/30/2020,-97.861285,26.376803,Hidalgo,NA,8,BAU - Conventional Till,BAU,CROP,Till,Conventional Till,"Conventional tillage with a sorghum, sesame, cotton rotation",AG-CROP,UTRGV1,UTRGV,Hidalgo,104.70758912710001,NA,NA,NA,23.059999465942383,678,warm_dry
AX1-3,AX1,3,11/30/2020,-97.861396,26.381147,Hidalgo,NA,8,BAU - Conventional Till,BAU,CROP,Till,Conventional Till,"Conventional tillage with a sorghum, sesame, cotton rotation",AG-CROP,UTRGV1,UTRGV,Hidalgo,75.13604887955,NA,NA,NA,23.059999465942383,678,warm_dry
AX2-1,AX2,1,12/4/2020,-97.860439,26.372257,Hidalgo,NA,9,BAU - Conventional Till,BAU,CROP,Till,Conventional Till,"Conventional tillage with a cotton, sorghum rotation",AG-CROP,UTRGV2,UTRGV,Hidalgo,56.35990597475,NA,NA,NA,23.07349967956543,673,warm_dry
AX2-2,AX2,2,12/4/2020,-97.854799,26.372359,Hidalgo,NA,9,BAU - Conventional Till,BAU,CROP,Till,Conventional Till,"Conventional tillage with a cotton, sorghum rotation",AG-CROP,UTRGV2,UTRGV,Hidalgo,54.70668104765,NA,NA,NA,23.07349967956543,673,warm_dry
AX2-3,AX2,3,12/7/2020,-97.841816,26.372348,Hidalgo,NA,9,BAU - Conventional Till,BAU,CROP,Till,Conventional Till,"Conventional tillage with a cotton, sorghum rotation",AG-CROP,UTRGV2,UTRGV,Hidalgo,83.78510242785,NA,NA,NA,23.07349967956543,673,warm_dry
AX3-1,AX3,1,2/9/2021,-97.845711,26.449237,Hidalgo,NA,10,BAU - Conventional Till,BAU,CROP,Till,Conventional Till,"Conventional tillage with a cotton, corn, and sorghum rotation",AG-CROP,UTRGV3,UTRGV,Hidalgo,77.02132320505,NA,NA,NA,22.996166229248047,682,warm_dry
AX3-2,AX3,2,2/9/2021,-97.84310718,26.45138326,Hidalgo,NA,10,BAU - Conventional Till,BAU,CROP,Till,Conventional Till,"Conventional tillage with a cotton, corn, and sorghum rotation",AG-CROP,UTRGV3,UTRGV,Hidalgo,97.6561192006,NA,NA,NA,22.996166229248047,682,warm_dry
AX3-3,AX3,3,2/9/2021,-97.842418,26.451224,Hidalgo,NA,10,BAU - Conventional Till,BAU,CROP,Till,Conventional Till,"Conventional tillage with a cotton, corn, and sorghum rotation",AG-CROP,UTRGV3,UTRGV,Hidalgo,59.149796540400004,NA,NA,NA,22.996166229248047,682,warm_dry
AY1-1,AY1,1,12/10/2020,-97.87775,26.429164,Hidalgo,NA,11,BAU - Intermittent Till,BAU,CROP,Till,Intermittent Till,"Strip tillage for 2 years, followed by return to conventional till for herbicide resistant weed management. Sorghum/cotton rotation.",AG-CROP,UTRGV4,UTRGV,Hidalgo,43.0398589744,NA,NA,NA,22.969499588012695,668,warm_dry
AY1-2,AY1,2,12/10/2020,-97.876675,26.428431,Hidalgo,NA,11,BAU - Intermittent Till,BAU,CROP,Till,Intermittent Till,"Strip tillage for 2 years, followed by return to conventional till for herbicide resistant weed management. Sorghum/cotton rotation.",AG-CROP,UTRGV4,UTRGV,Hidalgo,20.85691461685,NA,NA,NA,22.969499588012695,668,warm_dry
AY1-3,AY1,3,12/10/2020,-97.878012,26.423498,Hidalgo,NA,11,BAU - Intermittent Till,BAU,CROP,Till,Intermittent Till,"Strip tillage for 2 years, followed by return to conventional till for herbicide resistant weed management. Sorghum/cotton rotation.",AG-CROP,UTRGV4,UTRGV,Hidalgo,48.40432484875,NA,NA,NA,22.969499588012695,668,warm_dry
AY2-1,AY2,1,12/12/2020,-97.87736,26.417867,Hidalgo,NA,12,BAU - Intermittent Till,BAU,CROP,Till,Intermittent Till,"Strip tillage for 3 years, followed by return to conventional till for herbicide resistant weed management. Sorghum/cotton rotation.",AG-CROP,UTRGV5,UTRGV,Hidalgo,42.244408184950004,NA,NA,NA,22.969499588012695,668,warm_dry
AY2-2,AY2,2,12/12/2020,-97.877546,26.408338,Hidalgo,NA,12,BAU - Intermittent Till,BAU,CROP,Till,Intermittent Till,"Strip tillage for 3 years, followed by return to conventional till for herbicide resistant weed management. Sorghum/cotton rotation.",AG-CROP,UTRGV5,UTRGV,Hidalgo,46.5402474679,NA,NA,NA,22.976499557495117,667,warm_dry
AY2-3,AY2,3,12/12/2020,-97.867819,26.408107,Hidalgo,NA,12,BAU - Intermittent Till,BAU,CROP,Till,Intermittent Till,"Strip tillage for 3 years, followed by return to conventional till for herbicide resistant weed management. Sorghum/cotton rotation.",AG-CROP,UTRGV5,UTRGV,Hidalgo,46.32274701065,NA,NA,NA,23.059999465942383,678,warm_dry
AY3-1,AY3,1,4/2/2021,-97.894115,26.378011,Hidalgo,NA,13,BAU - Intermittent Till,BAU,CROP,Till,Intermittent Till,"Strip tillage for 2 years, followed by return to conventional till for herbicide resistant weed management. Sorghum/cotton rotation.",AG-CROP,UTRGV6,UTRGV,Hidalgo,51.79236229525,NA,NA,NA,22.976499557495117,667,warm_dry
AY3-2,AY3,2,4/2/2021,-97.882158,26.371559,Hidalgo,NA,13,BAU - Intermittent Till,BAU,CROP,Till,Intermittent Till,"Strip tillage for 2 years, followed by return to conventional till for herbicide resistant weed management. Sorghum/cotton rotation.",AG-CROP,UTRGV6,UTRGV,Hidalgo,56.2664792188,NA,NA,NA,23.023332595825195,658,warm_dry
AY3-3,AY3,3,4/2/2021,-97.881485,26.371856,Hidalgo,NA,13,BAU - Intermittent Till,BAU,CROP,Till,Intermittent Till,"Strip tillage for 2 years, followed by return to conventional till for herbicide resistant weed management. Sorghum/cotton rotation.",AG-CROP,UTRGV6,UTRGV,Hidalgo,60.38769266940001,NA,NA,NA,23.023332595825195,658,warm_dry
AZ1-1,AZ1,1,2/27/2021,-97.814156,26.442916,Hidalgo,NA,14,BAU - Strip Till,BAU,CROP,Till,Strip Till,Strip tillage for 4 years with a cotton/sorghum rotation.,AG-CROP,UTRGV7,UTRGV,Hidalgo,61.8286860443,NA,NA,NA,22.976333618164063,690,warm_dry
AZ1-2,AZ1,2,2/27/2021,-97.81413,26.440373,Hidalgo,NA,14,BAU - Strip Till,BAU,CROP,Till,Strip Till,Strip tillage for 4 years with a cotton/sorghum rotation.,AG-CROP,UTRGV7,UTRGV,Hidalgo,52.87059914875,NA,NA,NA,22.976333618164063,690,warm_dry
AZ1-3,AZ1,3,2/27/2021,-97.814157,26.441954,Hidalgo,NA,14,BAU - Strip Till,BAU,CROP,Till,Strip Till,Strip tillage for 4 years with a cotton/sorghum rotation.,AG-CROP,UTRGV7,UTRGV,Hidalgo,45.2323455958,NA,NA,NA,22.976333618164063,690,warm_dry
AZ2-1,AZ2,1,12/8/2020,-97.857232,26.358343,Hidalgo,NA,15,BAU - Strip Till,BAU,CROP,Till,Strip Till,Strip tillage for 3 years with a cotton/sorghum rotation.,AG-CROP,UTRGV8,UTRGV,Hidalgo,29.676456593,NA,NA,NA,23.07349967956543,673,warm_dry
AZ2-2,AZ2,2,12/8/2020,-97.846311,26.358388,Hidalgo,NA,15,BAU - Strip Till,BAU,CROP,Till,Strip Till,Strip tillage for 3 years with a cotton/sorghum rotation.,AG-CROP,UTRGV8,UTRGV,Hidalgo,29.04844458545,NA,NA,NA,23.07349967956543,673,warm_dry
AZ2-3,AZ2,3,12/8/2020,-97.85824,26.36504,Hidalgo,NA,15,BAU - Strip Till,BAU,CROP,Till,Strip Till,Strip tillage for 3 years with a cotton/sorghum rotation.,AG-CROP,UTRGV8,UTRGV,Hidalgo,43.81382147275,NA,NA,NA,23.07349967956543,673,warm_dry
AZ3-1,AZ3,1,12/14/2021,-97.852623,26.389298,Hidalgo,NA,16,BAU - Strip Till,BAU,CROP,Till,Strip Till,"Strip tillage for 6 years with a cotton/sorghum rotation, Sunn hemp cover crop 1 year before sampling.",AG-CROP,UTRGV9,UTRGV,Hidalgo,34.897414607900004,NA,NA,NA,23.059999465942383,678,warm_dry
AZ3-2,AZ3,2,12/14/2021,-97.852666,26.387731,Hidalgo,NA,16,BAU - Strip Till,BAU,CROP,Till,Strip Till,"Strip tillage for 6 years with a cotton/sorghum rotation, Sunn hemp cover crop 1 year before sampling.",AG-CROP,UTRGV9,UTRGV,Hidalgo,31.359774870249996,NA,NA,NA,23.059999465942383,678,warm_dry
AZ3-3,AZ3,3,12/14/2021,-97.849146,26.387833,Hidalgo,NA,16,BAU - Strip Till,BAU,CROP,Till,Strip Till,"Strip tillage for 6 years with a cotton/sorghum rotation, Sunn hemp cover crop 1 year before sampling.",AG-CROP,UTRGV9,UTRGV,Hidalgo,38.6468051643,NA,NA,NA,23.059999465942383,678,warm_dry
